AAPL,2016-04-28,09:30:00,97.61,97.70,97.54,97.60,678117
AAPL,2016-04-28,09:31:00,97.61,97.80,97.50,97.66,300520
AAPL,2016-04-28,09:32:00,97.66,97.67,97.50,97.63,169085
AAPL,2016-04-28,09:33:00,97.64,97.80,97.57,97.69,237534
AAPL,2016-04-28,09:34:00,97.71,97.79,97.52,97.64,226431
AAPL,2016-04-28,09:35:00,97.63,97.66,97.37,97.45,281839
AAPL,2016-04-28,09:36:00,97.44,97.49,97.39,97.41,185138
AAPL,2016-04-28,09:37:00,97.40,97.42,97.17,97.19,384482
AAPL,2016-04-28,09:38:00,97.19,97.26,97.17,97.23,220224
AAPL,2016-04-28,09:39:00,97.22,97.24,97.07,97.12,244006
AAPL,2016-04-28,09:40:00,97.11,97.11,97.00,97.00,251181
AAPL,2016-04-28,09:41:00,97.00,97.08,97.00,97.02,291378
AAPL,2016-04-28,09:42:00,97.02,97.06,97.00,97.03,227546
AAPL,2016-04-28,09:43:00,97.03,97.03,96.92,96.94,409333
AAPL,2016-04-28,09:44:00,96.94,96.95,96.80,96.82,395063
AAPL,2016-04-28,09:45:00,96.81,96.92,96.78,96.86,310535
AAPL,2016-04-28,09:46:00,96.86,96.87,96.68,96.70,319543
AAPL,2016-04-28,09:47:00,96.70,96.77,96.62,96.75,327935
AAPL,2016-04-28,09:48:00,96.74,96.75,96.61,96.64,227597
AAPL,2016-04-28,09:49:00,96.63,96.72,96.59,96.67,264692
AAPL,2016-04-28,09:50:00,96.67,96.70,96.60,96.63,213469
AAPL,2016-04-28,09:51:00,96.63,96.78,96.62,96.74,267279
AAPL,2016-04-28,09:52:00,96.74,96.96,96.71,96.92,381402
AAPL,2016-04-28,09:53:00,96.91,96.94,96.77,96.78,218467
AAPL,2016-04-28,09:54:00,96.78,96.90,96.77,96.84,184270
AAPL,2016-04-28,09:55:00,96.84,96.89,96.80,96.88,132920
AAPL,2016-04-28,09:56:00,96.87,96.88,96.83,96.88,94673
AAPL,2016-04-28,09:57:00,96.88,97.08,96.86,97.02,299492
AAPL,2016-04-28,09:58:00,97.02,97.10,97.00,97.07,167402
AAPL,2016-04-28,09:59:00,97.06,97.17,97.05,97.16,403443
AAPL,2016-04-28,10:00:00,97.16,97.30,97.16,97.25,242258
AAPL,2016-04-28,10:01:00,97.25,97.26,97.20,97.24,122467
AAPL,2016-04-28,10:02:00,97.23,97.35,97.23,97.30,240504
AAPL,2016-04-28,10:03:00,97.31,97.35,97.28,97.33,178130
AAPL,2016-04-28,10:04:00,97.34,97.49,97.26,97.38,262791
AAPL,2016-04-28,10:05:00,97.37,97.47,97.35,97.40,236718
AAPL,2016-04-28,10:06:00,97.40,97.41,97.30,97.33,161061
AAPL,2016-04-28,10:07:00,97.33,97.39,97.32,97.36,103557
AAPL,2016-04-28,10:08:00,97.35,97.37,97.24,97.24,177848
AAPL,2016-04-28,10:09:00,97.24,97.25,97.15,97.17,146923
AAPL,2016-04-28,10:10:00,97.16,97.17,97.05,97.09,192046
AAPL,2016-04-28,10:11:00,97.09,97.13,97.06,97.09,181309
AAPL,2016-04-28,10:12:00,97.09,97.10,97.00,97.00,141908
AAPL,2016-04-28,10:13:00,97.01,97.05,97.00,97.03,98558
AAPL,2016-04-28,10:14:00,97.03,97.05,97.00,97.04,114773
AAPL,2016-04-28,10:15:00,97.05,97.05,96.91,96.92,210695
AAPL,2016-04-28,10:16:00,96.92,96.99,96.91,96.95,155626
AAPL,2016-04-28,10:17:00,96.95,96.98,96.91,96.94,216195
AAPL,2016-04-28,10:18:00,96.94,96.95,96.91,96.92,73440
AAPL,2016-04-28,10:19:00,96.92,96.99,96.92,96.96,118463
AAPL,2016-04-28,10:20:00,96.95,96.99,96.91,96.99,138963
AAPL,2016-04-28,10:21:00,96.99,97.00,96.91,96.98,103249
AAPL,2016-04-28,10:22:00,96.98,97.02,96.95,97.00,83574
AAPL,2016-04-28,10:23:00,97.01,97.08,97.00,97.07,101361
AAPL,2016-04-28,10:24:00,97.07,97.09,97.02,97.02,78818
AAPL,2016-04-28,10:25:00,97.02,97.06,96.97,97.06,88384
AAPL,2016-04-28,10:26:00,97.05,97.17,97.05,97.11,174490
AAPL,2016-04-28,10:27:00,97.13,97.19,97.10,97.18,87472
AAPL,2016-04-28,10:28:00,97.19,97.23,97.12,97.15,103947
AAPL,2016-04-28,10:29:00,97.14,97.25,97.14,97.16,143424
AAPL,2016-04-28,10:30:00,97.16,97.24,97.15,97.23,53565
AAPL,2016-04-28,10:31:00,97.24,97.29,97.19,97.20,96186
AAPL,2016-04-28,10:32:00,97.21,97.26,97.17,97.24,112551
AAPL,2016-04-28,10:33:00,97.25,97.30,97.20,97.29,138018
AAPL,2016-04-28,10:34:00,97.28,97.29,97.26,97.28,56230
AAPL,2016-04-28,10:35:00,97.28,97.31,97.26,97.30,120938
AAPL,2016-04-28,10:36:00,97.30,97.31,97.20,97.28,156605
AAPL,2016-04-28,10:37:00,97.29,97.34,97.26,97.31,95105
AAPL,2016-04-28,10:38:00,97.32,97.38,97.30,97.33,85268
AAPL,2016-04-28,10:39:00,97.33,97.34,97.25,97.25,148262
AAPL,2016-04-28,10:40:00,97.26,97.26,97.10,97.14,111687
AAPL,2016-04-28,10:41:00,97.15,97.22,97.14,97.17,101161
AAPL,2016-04-28,10:42:00,97.17,97.18,97.13,97.14,95024
AAPL,2016-04-28,10:43:00,97.13,97.15,97.11,97.11,94920
AAPL,2016-04-28,10:44:00,97.11,97.11,97.06,97.10,93388
AAPL,2016-04-28,10:45:00,97.10,97.26,97.10,97.23,151121
AAPL,2016-04-28,10:46:00,97.24,97.33,97.22,97.33,129714
AAPL,2016-04-28,10:47:00,97.33,97.47,97.32,97.43,182061
AAPL,2016-04-28,10:48:00,97.43,97.70,97.43,97.67,457175
AAPL,2016-04-28,10:49:00,97.67,97.78,97.67,97.78,226239
AAPL,2016-04-28,10:50:00,97.78,97.79,97.70,97.76,282554
AAPL,2016-04-28,10:51:00,97.75,97.77,97.71,97.75,147352
AAPL,2016-04-28,10:52:00,97.74,97.74,97.64,97.67,107845
AAPL,2016-04-28,10:53:00,97.66,97.69,97.61,97.62,92580
AAPL,2016-04-28,10:54:00,97.62,97.71,97.62,97.67,91701
AAPL,2016-04-28,10:55:00,97.68,97.78,97.67,97.78,102515
AAPL,2016-04-28,10:56:00,97.78,97.88,97.72,97.88,116219
AAPL,2016-04-28,10:57:00,97.87,97.88,97.75,97.78,169563
AAPL,2016-04-28,10:58:00,97.78,97.82,97.73,97.77,108282
AAPL,2016-04-28,10:59:00,97.78,97.83,97.77,97.80,81813
AAPL,2016-04-28,11:00:00,97.79,97.82,97.73,97.79,100167
AAPL,2016-04-28,11:01:00,97.79,97.84,97.78,97.79,90998
AAPL,2016-04-28,11:02:00,97.80,97.82,97.78,97.81,72529
AAPL,2016-04-28,11:03:00,97.82,97.82,97.70,97.72,162229
AAPL,2016-04-28,11:04:00,97.71,97.77,97.71,97.77,59599
AAPL,2016-04-28,11:05:00,97.76,97.78,97.74,97.76,86589
AAPL,2016-04-28,11:06:00,97.77,97.84,97.75,97.82,111194
AAPL,2016-04-28,11:07:00,97.83,97.84,97.79,97.81,78029
AAPL,2016-04-28,11:08:00,97.80,97.81,97.72,97.72,79537
AAPL,2016-04-28,11:09:00,97.72,97.73,97.70,97.71,71608
AAPL,2016-04-28,11:10:00,97.71,97.71,97.64,97.66,142797
AAPL,2016-04-28,11:11:00,97.65,97.66,97.53,97.58,147492
AAPL,2016-04-28,11:12:00,97.59,97.59,97.55,97.56,51069
AAPL,2016-04-28,11:13:00,97.55,97.60,97.52,97.58,91197
AAPL,2016-04-28,11:14:00,97.58,97.59,97.51,97.51,57962
AAPL,2016-04-28,11:15:00,97.51,97.57,97.51,97.53,93295
AAPL,2016-04-28,11:16:00,97.53,97.57,97.51,97.53,118978
AAPL,2016-04-28,11:17:00,97.53,97.54,97.43,97.43,127003
AAPL,2016-04-28,11:18:00,97.44,97.45,97.40,97.41,95511
AAPL,2016-04-28,11:19:00,97.41,97.41,97.36,97.36,84430
AAPL,2016-04-28,11:20:00,97.36,97.37,97.30,97.31,88388
AAPL,2016-04-28,11:21:00,97.31,97.37,97.31,97.33,153519
AAPL,2016-04-28,11:22:00,97.33,97.33,97.29,97.30,145985
AAPL,2016-04-28,11:23:00,97.30,97.31,97.27,97.28,104215
AAPL,2016-04-28,11:24:00,97.28,97.29,97.23,97.25,73849
AAPL,2016-04-28,11:25:00,97.25,97.30,97.24,97.28,137305
AAPL,2016-04-28,11:26:00,97.28,97.37,97.27,97.36,98103
AAPL,2016-04-28,11:27:00,97.37,97.49,97.36,97.46,167055
AAPL,2016-04-28,11:28:00,97.47,97.47,97.41,97.41,54992
AAPL,2016-04-28,11:29:00,97.41,97.50,97.41,97.50,69247
AAPL,2016-04-28,11:30:00,97.50,97.51,97.45,97.45,78410
AAPL,2016-04-28,11:31:00,97.46,97.48,97.42,97.45,66642
AAPL,2016-04-28,11:32:00,97.45,97.48,97.41,97.47,69695
AAPL,2016-04-28,11:33:00,97.46,97.58,97.45,97.53,111542
AAPL,2016-04-28,11:34:00,97.53,97.54,97.49,97.52,58611
AAPL,2016-04-28,11:35:00,97.52,97.55,97.50,97.55,44192
AAPL,2016-04-28,11:36:00,97.54,97.58,97.51,97.53,77170
AAPL,2016-04-28,11:37:00,97.53,97.56,97.49,97.51,85959
AAPL,2016-04-28,11:38:00,97.52,97.52,97.45,97.45,51665
AAPL,2016-04-28,11:39:00,97.45,97.49,97.43,97.43,84619
AAPL,2016-04-28,11:40:00,97.43,97.44,97.40,97.42,61523
AAPL,2016-04-28,11:41:00,97.42,97.44,97.41,97.43,38582
AAPL,2016-04-28,11:42:00,97.43,97.50,97.42,97.49,85968
AAPL,2016-04-28,11:43:00,97.49,97.49,97.43,97.45,94854
AAPL,2016-04-28,11:44:00,97.44,97.45,97.41,97.44,46116
AAPL,2016-04-28,11:45:00,97.43,97.45,97.41,97.44,53263
AAPL,2016-04-28,11:46:00,97.44,97.45,97.40,97.41,55804
AAPL,2016-04-28,11:47:00,97.42,97.45,97.41,97.44,76611
AAPL,2016-04-28,11:48:00,97.44,97.46,97.41,97.41,65021
AAPL,2016-04-28,11:49:00,97.42,97.42,97.34,97.35,49548
AAPL,2016-04-28,11:50:00,97.35,97.35,97.31,97.32,63403
AAPL,2016-04-28,11:51:00,97.32,97.32,97.28,97.30,94809
AAPL,2016-04-28,11:52:00,97.30,97.31,97.26,97.26,68946
AAPL,2016-04-28,11:53:00,97.26,97.31,97.25,97.29,77324
AAPL,2016-04-28,11:54:00,97.28,97.32,97.28,97.28,41955
AAPL,2016-04-28,11:55:00,97.29,97.29,97.26,97.28,50931
AAPL,2016-04-28,11:56:00,97.27,97.29,97.26,97.28,43957
AAPL,2016-04-28,11:57:00,97.28,97.33,97.26,97.27,80749
AAPL,2016-04-28,11:58:00,97.26,97.27,97.23,97.25,63697
AAPL,2016-04-28,11:59:00,97.24,97.27,97.24,97.25,59955
AAPL,2016-04-28,12:00:00,97.26,97.27,97.24,97.24,60881
AAPL,2016-04-28,12:01:00,97.24,97.32,97.24,97.32,63781
AAPL,2016-04-28,12:02:00,97.32,97.36,97.30,97.34,42227
AAPL,2016-04-28,12:03:00,97.34,97.36,97.31,97.36,32799
AAPL,2016-04-28,12:04:00,97.36,97.37,97.33,97.35,47998
AAPL,2016-04-28,12:05:00,97.35,97.36,97.30,97.31,51680
AAPL,2016-04-28,12:06:00,97.32,97.34,97.30,97.34,30800
AAPL,2016-04-28,12:07:00,97.35,97.36,97.32,97.34,51873
AAPL,2016-04-28,12:08:00,97.34,97.34,97.33,97.34,14018
AAPL,2016-04-28,12:09:00,97.33,97.37,97.31,97.33,59873
AAPL,2016-04-28,12:10:00,97.34,97.35,97.30,97.35,38075
AAPL,2016-04-28,12:11:00,97.35,97.37,97.33,97.35,37977
AAPL,2016-04-28,12:12:00,97.35,97.35,97.31,97.31,22885
AAPL,2016-04-28,12:13:00,97.31,97.33,97.27,97.27,61698
AAPL,2016-04-28,12:14:00,97.28,97.28,97.23,97.25,57067
AAPL,2016-04-28,12:15:00,97.25,97.25,97.13,97.15,161117
AAPL,2016-04-28,12:16:00,97.16,97.16,97.12,97.16,86870
AAPL,2016-04-28,12:17:00,97.16,97.17,97.11,97.12,77272
AAPL,2016-04-28,12:18:00,97.12,97.13,97.05,97.05,101496
AAPL,2016-04-28,12:19:00,97.06,97.09,97.04,97.06,85498
AAPL,2016-04-28,12:20:00,97.06,97.09,97.05,97.08,44399
AAPL,2016-04-28,12:21:00,97.08,97.09,97.07,97.08,37584
AAPL,2016-04-28,12:22:00,97.09,97.10,97.08,97.09,76255
AAPL,2016-04-28,12:23:00,97.08,97.10,97.05,97.08,52253
AAPL,2016-04-28,12:24:00,97.09,97.11,97.07,97.07,57129
AAPL,2016-04-28,12:25:00,97.08,97.09,97.02,97.02,73207
AAPL,2016-04-28,12:26:00,97.02,97.03,97.00,97.00,197441
AAPL,2016-04-28,12:27:00,97.00,97.02,96.99,96.99,131951
AAPL,2016-04-28,12:28:00,96.99,97.00,96.95,96.96,57197
AAPL,2016-04-28,12:29:00,96.95,96.96,96.91,96.92,189252
AAPL,2016-04-28,12:30:00,96.93,96.99,96.92,96.98,125584
AAPL,2016-04-28,12:31:00,96.98,97.00,96.92,96.92,62827
AAPL,2016-04-28,12:32:00,96.92,96.94,96.91,96.94,62252
AAPL,2016-04-28,12:33:00,96.94,96.94,96.92,96.94,50367
AAPL,2016-04-28,12:34:00,96.94,97.00,96.94,96.99,45028
AAPL,2016-04-28,12:35:00,97.00,97.05,96.98,97.02,118073
AAPL,2016-04-28,12:36:00,97.02,97.02,96.99,97.00,40768
AAPL,2016-04-28,12:37:00,96.99,97.00,96.95,96.96,98527
AAPL,2016-04-28,12:38:00,96.97,96.98,96.93,96.94,70850
AAPL,2016-04-28,12:39:00,96.93,96.95,96.91,96.95,46460
AAPL,2016-04-28,12:40:00,96.94,96.98,96.94,96.97,79677
AAPL,2016-04-28,12:41:00,96.97,97.00,96.97,96.97,49491
AAPL,2016-04-28,12:42:00,96.97,97.00,96.97,96.98,59931
AAPL,2016-04-28,12:43:00,96.98,97.01,96.97,97.01,53092
AAPL,2016-04-28,12:44:00,97.01,97.05,97.00,97.05,44696
AAPL,2016-04-28,12:45:00,97.05,97.06,97.00,97.02,66327
AAPL,2016-04-28,12:46:00,97.02,97.05,97.00,97.03,65742
AAPL,2016-04-28,12:47:00,97.03,97.03,97.01,97.03,23510
AAPL,2016-04-28,12:48:00,97.02,97.04,96.98,97.01,64492
AAPL,2016-04-28,12:49:00,97.01,97.03,96.98,96.98,25912
AAPL,2016-04-28,12:50:00,96.99,97.02,96.98,97.00,36707
AAPL,2016-04-28,12:51:00,97.00,97.01,96.95,96.96,69988
AAPL,2016-04-28,12:52:00,96.97,96.97,96.93,96.93,151137
AAPL,2016-04-28,12:53:00,96.92,96.95,96.91,96.92,128992
AAPL,2016-04-28,12:54:00,96.91,96.97,96.91,96.96,151211
AAPL,2016-04-28,12:55:00,96.95,96.97,96.91,96.94,95824
AAPL,2016-04-28,12:56:00,96.93,96.99,96.93,96.98,92325
AAPL,2016-04-28,12:57:00,96.98,97.00,96.95,96.99,58123
AAPL,2016-04-28,12:58:00,96.99,97.01,96.98,97.00,74365
AAPL,2016-04-28,12:59:00,97.00,97.01,96.96,96.96,38088
AAPL,2016-04-28,13:00:00,96.97,96.97,96.92,96.92,42976
AAPL,2016-04-28,13:01:00,96.93,96.93,96.88,96.89,128914
AAPL,2016-04-28,13:02:00,96.89,96.90,96.85,96.86,132700
AAPL,2016-04-28,13:03:00,96.86,96.88,96.84,96.86,85837
AAPL,2016-04-28,13:04:00,96.84,96.88,96.81,96.83,114030
AAPL,2016-04-28,13:05:00,96.83,96.83,96.77,96.77,197764
AAPL,2016-04-28,13:06:00,96.77,96.81,96.75,96.80,171325
AAPL,2016-04-28,13:07:00,96.80,96.81,96.75,96.80,78448
AAPL,2016-04-28,13:08:00,96.80,96.85,96.79,96.83,76780
AAPL,2016-04-28,13:09:00,96.84,96.88,96.81,96.83,137056
AAPL,2016-04-28,13:10:00,96.84,96.85,96.81,96.83,63344
AAPL,2016-04-28,13:11:00,96.83,96.85,96.78,96.78,108847
AAPL,2016-04-28,13:12:00,96.78,96.81,96.76,96.78,74741
AAPL,2016-04-28,13:13:00,96.79,96.83,96.76,96.80,63546
AAPL,2016-04-28,13:14:00,96.79,96.86,96.79,96.86,72813
AAPL,2016-04-28,13:15:00,96.86,96.91,96.85,96.91,72278
AAPL,2016-04-28,13:16:00,96.91,96.92,96.85,96.89,137264
AAPL,2016-04-28,13:17:00,96.90,96.90,96.84,96.86,42281
AAPL,2016-04-28,13:18:00,96.86,96.90,96.85,96.87,39564
AAPL,2016-04-28,13:19:00,96.88,96.90,96.86,96.90,89389
AAPL,2016-04-28,13:20:00,96.89,96.97,96.89,96.97,105410
AAPL,2016-04-28,13:21:00,96.96,97.04,96.94,97.03,210375
AAPL,2016-04-28,13:22:00,97.02,97.03,97.00,97.00,98769
AAPL,2016-04-28,13:23:00,97.00,97.01,97.00,97.00,54187
AAPL,2016-04-28,13:24:00,97.00,97.06,96.99,97.01,114873
AAPL,2016-04-28,13:25:00,97.02,97.05,96.97,97.04,86603
AAPL,2016-04-28,13:26:00,97.05,97.09,97.05,97.06,100808
AAPL,2016-04-28,13:27:00,97.06,97.09,97.03,97.07,48968
AAPL,2016-04-28,13:28:00,97.07,97.10,97.05,97.07,56951
AAPL,2016-04-28,13:29:00,97.07,97.10,97.06,97.09,67778
AAPL,2016-04-28,13:30:00,97.08,97.22,97.07,97.16,202760
AAPL,2016-04-28,13:31:00,97.16,97.21,97.14,97.20,52920
AAPL,2016-04-28,13:32:00,97.20,97.20,97.15,97.17,49038
AAPL,2016-04-28,13:33:00,97.18,97.23,97.17,97.22,44673
AAPL,2016-04-28,13:34:00,97.22,97.23,97.17,97.18,44514
AAPL,2016-04-28,13:35:00,97.19,97.20,97.12,97.12,121082
AAPL,2016-04-28,13:36:00,97.13,97.16,97.12,97.14,39182
AAPL,2016-04-28,13:37:00,97.14,97.14,97.08,97.09,50248
AAPL,2016-04-28,13:38:00,97.09,97.10,97.05,97.06,50871
AAPL,2016-04-28,13:39:00,97.05,97.13,97.03,97.13,105822
AAPL,2016-04-28,13:40:00,97.12,97.15,97.11,97.14,49900
AAPL,2016-04-28,13:41:00,97.14,97.15,97.10,97.10,30605
AAPL,2016-04-28,13:42:00,97.10,97.12,97.10,97.12,45757
AAPL,2016-04-28,13:43:00,97.12,97.15,97.11,97.14,23509
AAPL,2016-04-28,13:44:00,97.15,97.16,97.12,97.15,81736
AAPL,2016-04-28,13:45:00,97.15,97.16,97.14,97.15,23548
AAPL,2016-04-28,13:46:00,97.15,97.15,97.09,97.09,40364
AAPL,2016-04-28,13:47:00,97.09,97.11,97.06,97.11,31171
AAPL,2016-04-28,13:48:00,97.11,97.16,97.11,97.15,60647
AAPL,2016-04-28,13:49:00,97.14,97.14,97.12,97.13,23715
AAPL,2016-04-28,13:50:00,97.12,97.14,97.10,97.11,54312
AAPL,2016-04-28,13:51:00,97.11,97.17,97.10,97.12,88629
AAPL,2016-04-28,13:52:00,97.13,97.16,97.13,97.13,46653
AAPL,2016-04-28,13:53:00,97.14,97.16,97.10,97.10,60804
AAPL,2016-04-28,13:54:00,97.10,97.12,97.10,97.11,29506
AAPL,2016-04-28,13:55:00,97.11,97.11,97.10,97.10,36901
AAPL,2016-04-28,13:56:00,97.10,97.11,97.02,97.04,137488
AAPL,2016-04-28,13:57:00,97.04,97.04,97.01,97.01,81740
AAPL,2016-04-28,13:58:00,97.02,97.03,96.94,96.94,159682
AAPL,2016-04-28,13:59:00,96.93,96.93,96.86,96.87,84978
AAPL,2016-04-28,14:00:00,96.87,96.88,96.82,96.82,93379
AAPL,2016-04-28,14:01:00,96.83,96.86,96.82,96.86,74077
AAPL,2016-04-28,14:02:00,96.85,96.93,96.77,96.92,94179
AAPL,2016-04-28,14:03:00,96.92,96.95,96.89,96.90,65655
AAPL,2016-04-28,14:04:00,96.89,96.91,96.82,96.84,105709
AAPL,2016-04-28,14:05:00,96.84,96.85,96.03,96.29,2307995
AAPL,2016-04-28,14:06:00,96.29,96.59,96.15,96.45,866649
AAPL,2016-04-28,14:07:00,96.45,96.65,96.23,96.32,753056
AAPL,2016-04-28,14:08:00,96.32,96.38,96.26,96.31,607145
AAPL,2016-04-28,14:09:00,96.31,96.41,96.07,96.15,660158
AAPL,2016-04-28,14:10:00,96.16,96.16,96.00,96.10,1067626
AAPL,2016-04-28,14:11:00,96.09,96.10,95.90,96.04,642337
AAPL,2016-04-28,14:12:00,96.01,96.29,95.93,96.28,647662
AAPL,2016-04-28,14:13:00,96.29,96.41,96.25,96.26,430456
AAPL,2016-04-28,14:14:00,96.25,96.29,96.15,96.21,302484
AAPL,2016-04-28,14:15:00,96.21,96.33,96.16,96.29,332885
AAPL,2016-04-28,14:16:00,96.29,96.38,96.27,96.33,288075
AAPL,2016-04-28,14:17:00,96.33,96.39,96.29,96.31,288735
AAPL,2016-04-28,14:18:00,96.31,96.43,96.17,96.41,339728
AAPL,2016-04-28,14:19:00,96.42,96.43,96.30,96.33,176887
AAPL,2016-04-28,14:20:00,96.33,96.36,96.21,96.24,142922
AAPL,2016-04-28,14:21:00,96.23,96.29,96.15,96.16,297047
AAPL,2016-04-28,14:22:00,96.15,96.22,96.08,96.09,281426
AAPL,2016-04-28,14:23:00,96.09,96.14,96.07,96.11,156697
AAPL,2016-04-28,14:24:00,96.11,96.13,96.03,96.06,189819
AAPL,2016-04-28,14:25:00,96.06,96.10,96.03,96.08,258111
AAPL,2016-04-28,14:26:00,96.08,96.11,96.03,96.10,246642
AAPL,2016-04-28,14:27:00,96.09,96.29,96.07,96.27,330358
AAPL,2016-04-28,14:28:00,96.28,96.41,96.25,96.38,239201
AAPL,2016-04-28,14:29:00,96.37,96.47,96.36,96.38,179494
AAPL,2016-04-28,14:30:00,96.38,96.40,96.35,96.36,101795
AAPL,2016-04-28,14:31:00,96.37,96.37,96.32,96.33,126901
AAPL,2016-04-28,14:32:00,96.33,96.38,96.32,96.32,77569
AAPL,2016-04-28,14:33:00,96.32,96.32,96.25,96.25,121737
AAPL,2016-04-28,14:34:00,96.25,96.29,96.19,96.20,185650
AAPL,2016-04-28,14:35:00,96.20,96.24,96.19,96.23,105652
AAPL,2016-04-28,14:36:00,96.22,96.33,96.20,96.33,169414
AAPL,2016-04-28,14:37:00,96.32,96.34,96.18,96.19,123156
AAPL,2016-04-28,14:38:00,96.19,96.20,96.09,96.17,227272
AAPL,2016-04-28,14:39:00,96.17,96.18,96.03,96.06,197201
AAPL,2016-04-28,14:40:00,96.06,96.07,95.95,95.95,462947
AAPL,2016-04-28,14:41:00,95.95,96.00,95.93,95.93,277648
AAPL,2016-04-28,14:42:00,95.93,96.05,95.92,96.05,310476
AAPL,2016-04-28,14:43:00,96.04,96.10,96.01,96.06,208343
AAPL,2016-04-28,14:44:00,96.06,96.16,96.05,96.14,185437
AAPL,2016-04-28,14:45:00,96.14,96.16,96.02,96.02,338258
AAPL,2016-04-28,14:46:00,96.03,96.03,95.82,95.88,394221
AAPL,2016-04-28,14:47:00,95.89,95.89,95.80,95.81,204753
AAPL,2016-04-28,14:48:00,95.81,95.83,95.75,95.77,301565
AAPL,2016-04-28,14:49:00,95.76,95.87,95.75,95.83,469720
AAPL,2016-04-28,14:50:00,95.83,95.85,95.76,95.77,129645
AAPL,2016-04-28,14:51:00,95.77,95.78,95.66,95.67,317971
AAPL,2016-04-28,14:52:00,95.67,95.69,95.60,95.61,325034
AAPL,2016-04-28,14:53:00,95.61,95.64,95.46,95.50,542633
AAPL,2016-04-28,14:54:00,95.49,95.55,95.45,95.52,422970
AAPL,2016-04-28,14:55:00,95.53,95.58,95.51,95.57,246700
AAPL,2016-04-28,14:56:00,95.56,95.61,95.46,95.47,305003
AAPL,2016-04-28,14:57:00,95.47,95.55,95.46,95.54,201520
AAPL,2016-04-28,14:58:00,95.54,95.68,95.54,95.66,360936
AAPL,2016-04-28,14:59:00,95.65,95.66,95.54,95.56,305987
AAPL,2016-04-28,15:00:00,95.56,95.60,95.55,95.56,153378
AAPL,2016-04-28,15:01:00,95.56,95.63,95.56,95.60,243327
AAPL,2016-04-28,15:02:00,95.59,95.59,95.51,95.51,163154
AAPL,2016-04-28,15:03:00,95.52,95.56,95.50,95.51,226363
AAPL,2016-04-28,15:04:00,95.51,95.54,95.47,95.49,231889
AAPL,2016-04-28,15:05:00,95.50,95.50,95.46,95.49,196039
AAPL,2016-04-28,15:06:00,95.50,95.51,95.41,95.46,246571
AAPL,2016-04-28,15:07:00,95.46,95.48,95.31,95.33,311705
AAPL,2016-04-28,15:08:00,95.34,95.38,95.32,95.35,251968
AAPL,2016-04-28,15:09:00,95.34,95.35,95.25,95.25,208183
AAPL,2016-04-28,15:10:00,95.25,95.27,95.21,95.21,287690
AAPL,2016-04-28,15:11:00,95.22,95.22,95.14,95.19,356221
AAPL,2016-04-28,15:12:00,95.20,95.20,95.10,95.14,284021
AAPL,2016-04-28,15:13:00,95.15,95.18,95.10,95.13,241470
AAPL,2016-04-28,15:14:00,95.13,95.17,95.08,95.08,440385
AAPL,2016-04-28,15:15:00,95.08,95.11,95.00,95.02,501579
AAPL,2016-04-28,15:16:00,95.02,95.08,94.96,95.05,1255730
AAPL,2016-04-28,15:17:00,95.04,95.05,94.90,94.90,365801
AAPL,2016-04-28,15:18:00,94.90,94.99,94.84,94.90,446371
AAPL,2016-04-28,15:19:00,94.91,94.96,94.75,94.80,461436
AAPL,2016-04-28,15:20:00,94.78,94.84,94.66,94.69,416477
AAPL,2016-04-28,15:21:00,94.69,94.90,94.69,94.85,476897
AAPL,2016-04-28,15:22:00,94.84,94.86,94.70,94.85,239734
AAPL,2016-04-28,15:23:00,94.85,94.86,94.55,94.70,587008
AAPL,2016-04-28,15:24:00,94.70,94.72,94.57,94.58,401349
AAPL,2016-04-28,15:25:00,94.58,94.65,94.56,94.60,335438
AAPL,2016-04-28,15:26:00,94.59,94.61,94.25,94.31,708513
AAPL,2016-04-28,15:27:00,94.31,94.46,94.30,94.45,461423
AAPL,2016-04-28,15:28:00,94.46,94.56,94.35,94.48,373661
AAPL,2016-04-28,15:29:00,94.48,94.56,94.34,94.36,310281
AAPL,2016-04-28,15:30:00,94.37,94.55,94.37,94.43,354530
AAPL,2016-04-28,15:31:00,94.44,94.69,94.42,94.66,515142
AAPL,2016-04-28,15:32:00,94.66,94.85,94.66,94.79,476923
AAPL,2016-04-28,15:33:00,94.80,94.90,94.78,94.85,340319
AAPL,2016-04-28,15:34:00,94.85,94.88,94.76,94.81,392983
AAPL,2016-04-28,15:35:00,94.81,94.88,94.81,94.82,297363
AAPL,2016-04-28,15:36:00,94.81,94.88,94.81,94.86,216899
AAPL,2016-04-28,15:37:00,94.86,94.98,94.83,94.91,378429
AAPL,2016-04-28,15:38:00,94.90,94.93,94.75,94.86,358495
AAPL,2016-04-28,15:39:00,94.86,94.87,94.76,94.87,227305
AAPL,2016-04-28,15:40:00,94.86,94.92,94.80,94.82,271835
AAPL,2016-04-28,15:41:00,94.83,94.96,94.82,94.96,242314
AAPL,2016-04-28,15:42:00,94.96,95.07,94.95,95.01,389547
AAPL,2016-04-28,15:43:00,95.01,95.13,94.92,95.07,336113
AAPL,2016-04-28,15:44:00,95.07,95.10,95.00,95.08,217011
AAPL,2016-04-28,15:45:00,95.07,95.10,94.95,94.98,243069
AAPL,2016-04-28,15:46:00,94.98,95.01,94.94,94.99,293193
AAPL,2016-04-28,15:47:00,94.98,95.09,94.97,95.00,206491
AAPL,2016-04-28,15:48:00,95.01,95.10,95.00,95.03,237974
AAPL,2016-04-28,15:49:00,95.03,95.05,94.86,94.88,397587
AAPL,2016-04-28,15:50:00,94.87,94.89,94.65,94.69,381521
AAPL,2016-04-28,15:51:00,94.70,94.78,94.62,94.66,275128
AAPL,2016-04-28,15:52:00,94.66,94.71,94.58,94.61,363821
AAPL,2016-04-28,15:53:00,94.61,94.63,94.50,94.53,459191
AAPL,2016-04-28,15:54:00,94.52,94.62,94.52,94.53,299502
AAPL,2016-04-28,15:55:00,94.54,94.60,94.43,94.59,407578
AAPL,2016-04-28,15:56:00,94.59,94.69,94.50,94.56,474683
AAPL,2016-04-28,15:57:00,94.57,94.68,94.50,94.62,425338
AAPL,2016-04-28,15:58:00,94.63,94.64,94.55,94.60,387804
AAPL,2016-04-28,15:59:00,94.59,94.68,94.51,94.66,556281
AAPL,2016-04-28,16:00:00,94.66,94.87,94.65,94.83,2334565
AAPL,2016-04-29,09:30:00,93.99,94.28,93.95,94.27,1711397
AAPL,2016-04-29,09:31:00,94.27,94.72,93.95,94.33,589882
AAPL,2016-04-29,09:32:00,94.29,94.34,94.00,94.15,405770
AAPL,2016-04-29,09:33:00,94.14,94.20,94.00,94.09,398163
AAPL,2016-04-29,09:34:00,94.14,94.35,94.10,94.25,330864
AAPL,2016-04-29,09:35:00,94.25,94.42,94.21,94.26,267454
AAPL,2016-04-29,09:36:00,94.26,94.28,94.08,94.09,351572
AAPL,2016-04-29,09:37:00,94.10,94.18,94.08,94.15,247390
AAPL,2016-04-29,09:38:00,94.15,94.26,94.09,94.23,238607
AAPL,2016-04-29,09:39:00,94.23,94.41,94.18,94.36,328080
AAPL,2016-04-29,09:40:00,94.36,94.39,94.29,94.32,204480
AAPL,2016-04-29,09:41:00,94.33,94.39,94.21,94.25,235905
AAPL,2016-04-29,09:42:00,94.24,94.27,94.11,94.11,228510
AAPL,2016-04-29,09:43:00,94.11,94.18,94.05,94.07,225719
AAPL,2016-04-29,09:44:00,94.08,94.10,93.87,93.88,507763
AAPL,2016-04-29,09:45:00,93.88,94.07,93.86,94.02,265195
AAPL,2016-04-29,09:46:00,94.02,94.10,94.00,94.04,152871
AAPL,2016-04-29,09:47:00,94.05,94.07,93.95,94.01,255256
AAPL,2016-04-29,09:48:00,94.02,94.13,94.01,94.12,233934
AAPL,2016-04-29,09:49:00,94.12,94.12,94.02,94.05,184308
AAPL,2016-04-29,09:50:00,94.04,94.06,93.88,93.88,233275
AAPL,2016-04-29,09:51:00,93.89,93.90,93.71,93.77,329127
AAPL,2016-04-29,09:52:00,93.78,93.88,93.72,93.78,264410
AAPL,2016-04-29,09:53:00,93.78,93.80,93.72,93.72,239271
AAPL,2016-04-29,09:54:00,93.73,93.73,93.60,93.65,320116
AAPL,2016-04-29,09:55:00,93.67,93.75,93.65,93.72,221454
AAPL,2016-04-29,09:56:00,93.73,93.88,93.70,93.70,220651
AAPL,2016-04-29,09:57:00,93.71,93.80,93.69,93.75,183637
AAPL,2016-04-29,09:58:00,93.75,93.82,93.72,93.77,201434
AAPL,2016-04-29,09:59:00,93.76,93.78,93.70,93.77,180105
AAPL,2016-04-29,10:00:00,93.75,93.79,93.74,93.77,165486
AAPL,2016-04-29,10:01:00,93.77,93.82,93.70,93.75,184095
AAPL,2016-04-29,10:02:00,93.75,93.76,93.65,93.68,304602
AAPL,2016-04-29,10:03:00,93.68,93.70,93.64,93.66,211621
AAPL,2016-04-29,10:04:00,93.66,93.67,93.61,93.61,148855
AAPL,2016-04-29,10:05:00,93.61,93.65,93.56,93.61,230492
AAPL,2016-04-29,10:06:00,93.61,93.63,93.56,93.56,168155
AAPL,2016-04-29,10:07:00,93.56,93.57,93.53,93.56,179041
AAPL,2016-04-29,10:08:00,93.56,93.64,93.53,93.61,247869
AAPL,2016-04-29,10:09:00,93.61,93.64,93.57,93.59,231484
AAPL,2016-04-29,10:10:00,93.59,93.62,93.54,93.54,163363
AAPL,2016-04-29,10:11:00,93.54,93.55,93.47,93.50,319124
AAPL,2016-04-29,10:12:00,93.47,93.61,93.46,93.59,293116
AAPL,2016-04-29,10:13:00,93.58,93.60,93.52,93.53,242351
AAPL,2016-04-29,10:14:00,93.53,93.60,93.52,93.59,198625
AAPL,2016-04-29,10:15:00,93.59,93.60,93.54,93.58,220809
AAPL,2016-04-29,10:16:00,93.58,93.58,93.50,93.51,171223
AAPL,2016-04-29,10:17:00,93.51,93.55,93.50,93.52,175942
AAPL,2016-04-29,10:18:00,93.53,93.53,93.41,93.41,210455
AAPL,2016-04-29,10:19:00,93.41,93.44,93.28,93.30,261815
AAPL,2016-04-29,10:20:00,93.31,93.31,93.25,93.25,237930
AAPL,2016-04-29,10:21:00,93.25,93.27,93.20,93.21,318685
AAPL,2016-04-29,10:22:00,93.22,93.24,93.17,93.21,241611
AAPL,2016-04-29,10:23:00,93.20,93.31,93.19,93.30,315620
AAPL,2016-04-29,10:24:00,93.29,93.41,93.28,93.41,327347
AAPL,2016-04-29,10:25:00,93.41,93.41,93.30,93.33,232159
AAPL,2016-04-29,10:26:00,93.33,93.45,93.32,93.42,195449
AAPL,2016-04-29,10:27:00,93.43,93.43,93.23,93.25,185138
AAPL,2016-04-29,10:28:00,93.25,93.33,93.17,93.31,186760
AAPL,2016-04-29,10:29:00,93.31,93.37,93.28,93.36,142293
AAPL,2016-04-29,10:30:00,93.36,93.36,93.24,93.32,154524
AAPL,2016-04-29,10:31:00,93.33,93.54,93.33,93.54,328883
AAPL,2016-04-29,10:32:00,93.53,93.55,93.45,93.46,242460
AAPL,2016-04-29,10:33:00,93.45,93.50,93.39,93.46,132214
AAPL,2016-04-29,10:34:00,93.48,93.51,93.40,93.40,144018
AAPL,2016-04-29,10:35:00,93.41,93.50,93.40,93.48,132342
AAPL,2016-04-29,10:36:00,93.47,93.50,93.43,93.47,125048
AAPL,2016-04-29,10:37:00,93.47,93.58,93.46,93.54,250690
AAPL,2016-04-29,10:38:00,93.53,93.65,93.50,93.60,198721
AAPL,2016-04-29,10:39:00,93.60,93.67,93.57,93.67,180876
AAPL,2016-04-29,10:40:00,93.67,93.67,93.61,93.66,117964
AAPL,2016-04-29,10:41:00,93.66,93.68,93.52,93.52,161379
AAPL,2016-04-29,10:42:00,93.52,93.54,93.42,93.46,200395
AAPL,2016-04-29,10:43:00,93.44,93.49,93.38,93.47,176358
AAPL,2016-04-29,10:44:00,93.48,93.51,93.42,93.45,166691
AAPL,2016-04-29,10:45:00,93.46,93.50,93.46,93.50,82481
AAPL,2016-04-29,10:46:00,93.50,93.50,93.42,93.43,127444
AAPL,2016-04-29,10:47:00,93.43,93.43,93.35,93.37,183898
AAPL,2016-04-29,10:48:00,93.36,93.37,93.20,93.22,262710
AAPL,2016-04-29,10:49:00,93.23,93.33,93.22,93.25,192999
AAPL,2016-04-29,10:50:00,93.26,93.26,93.20,93.21,118515
AAPL,2016-04-29,10:51:00,93.20,93.23,93.11,93.11,203665
AAPL,2016-04-29,10:52:00,93.11,93.12,92.93,92.95,755707
AAPL,2016-04-29,10:53:00,92.95,92.99,92.91,92.94,212375
AAPL,2016-04-29,10:54:00,92.93,92.97,92.86,92.87,276234
AAPL,2016-04-29,10:55:00,92.86,92.96,92.84,92.93,339389
AAPL,2016-04-29,10:56:00,92.93,93.00,92.89,92.98,271969
AAPL,2016-04-29,10:57:00,92.98,93.02,92.95,92.95,341619
AAPL,2016-04-29,10:58:00,92.95,92.99,92.93,92.96,133348
AAPL,2016-04-29,10:59:00,92.95,92.97,92.90,92.97,196635
AAPL,2016-04-29,11:00:00,92.97,93.01,92.93,92.94,186927
AAPL,2016-04-29,11:01:00,92.94,92.94,92.86,92.89,227090
AAPL,2016-04-29,11:02:00,92.89,92.90,92.84,92.86,247122
AAPL,2016-04-29,11:03:00,92.87,92.87,92.64,92.64,438529
AAPL,2016-04-29,11:04:00,92.64,92.72,92.58,92.70,371523
AAPL,2016-04-29,11:05:00,92.71,92.81,92.69,92.75,223172
AAPL,2016-04-29,11:06:00,92.76,92.84,92.74,92.74,211866
AAPL,2016-04-29,11:07:00,92.75,92.84,92.73,92.83,239692
AAPL,2016-04-29,11:08:00,92.82,92.82,92.71,92.78,218940
AAPL,2016-04-29,11:09:00,92.78,92.80,92.76,92.79,165525
AAPL,2016-04-29,11:10:00,92.79,92.87,92.78,92.86,221294
AAPL,2016-04-29,11:11:00,92.87,92.87,92.75,92.76,173607
AAPL,2016-04-29,11:12:00,92.76,92.78,92.70,92.75,214356
AAPL,2016-04-29,11:13:00,92.76,92.88,92.75,92.87,146488
AAPL,2016-04-29,11:14:00,92.88,92.93,92.87,92.93,192017
AAPL,2016-04-29,11:15:00,92.93,93.06,92.92,93.03,335118
AAPL,2016-04-29,11:16:00,93.03,93.03,92.89,92.90,173674
AAPL,2016-04-29,11:17:00,92.91,92.92,92.81,92.82,188575
AAPL,2016-04-29,11:18:00,92.81,92.84,92.79,92.83,148798
AAPL,2016-04-29,11:19:00,92.83,92.83,92.77,92.78,142218
AAPL,2016-04-29,11:20:00,92.79,92.79,92.67,92.71,220982
AAPL,2016-04-29,11:21:00,92.70,92.74,92.64,92.74,148021
AAPL,2016-04-29,11:22:00,92.73,92.75,92.72,92.75,131004
AAPL,2016-04-29,11:23:00,92.74,92.80,92.67,92.68,208550
AAPL,2016-04-29,11:24:00,92.69,92.80,92.68,92.80,87626
AAPL,2016-04-29,11:25:00,92.80,92.83,92.77,92.82,149875
AAPL,2016-04-29,11:26:00,92.81,92.93,92.80,92.93,281901
AAPL,2016-04-29,11:27:00,92.93,92.94,92.81,92.84,126527
AAPL,2016-04-29,11:28:00,92.84,92.93,92.83,92.92,175338
AAPL,2016-04-29,11:29:00,92.93,92.95,92.87,92.88,156823
AAPL,2016-04-29,11:30:00,92.88,92.90,92.82,92.83,161539
AAPL,2016-04-29,11:31:00,92.83,92.90,92.81,92.87,147202
AAPL,2016-04-29,11:32:00,92.88,92.93,92.85,92.86,217458
AAPL,2016-04-29,11:33:00,92.86,92.86,92.80,92.80,180766
AAPL,2016-04-29,11:34:00,92.80,92.81,92.71,92.71,213964
AAPL,2016-04-29,11:35:00,92.71,92.73,92.66,92.68,225422
AAPL,2016-04-29,11:36:00,92.68,92.70,92.51,92.57,347685
AAPL,2016-04-29,11:37:00,92.57,92.63,92.56,92.60,160342
AAPL,2016-04-29,11:38:00,92.60,92.64,92.56,92.61,205142
AAPL,2016-04-29,11:39:00,92.62,92.63,92.56,92.59,119638
AAPL,2016-04-29,11:40:00,92.60,92.76,92.59,92.74,173128
AAPL,2016-04-29,11:41:00,92.74,92.76,92.70,92.76,104085
AAPL,2016-04-29,11:42:00,92.75,92.85,92.75,92.83,104677
AAPL,2016-04-29,11:43:00,92.83,92.89,92.78,92.81,223870
AAPL,2016-04-29,11:44:00,92.82,92.82,92.77,92.79,103476
AAPL,2016-04-29,11:45:00,92.79,92.80,92.70,92.72,162433
AAPL,2016-04-29,11:46:00,92.71,92.76,92.69,92.74,128281
AAPL,2016-04-29,11:47:00,92.75,92.75,92.63,92.64,135035
AAPL,2016-04-29,11:48:00,92.65,92.77,92.61,92.77,144638
AAPL,2016-04-29,11:49:00,92.77,92.87,92.76,92.85,167052
AAPL,2016-04-29,11:50:00,92.85,92.95,92.82,92.93,223835
AAPL,2016-04-29,11:51:00,92.92,93.12,92.89,93.06,309172
AAPL,2016-04-29,11:52:00,93.06,93.22,93.04,93.20,300327
AAPL,2016-04-29,11:53:00,93.20,93.32,93.20,93.25,247548
AAPL,2016-04-29,11:54:00,93.24,93.32,93.21,93.30,230219
AAPL,2016-04-29,11:55:00,93.30,93.32,93.25,93.29,161491
AAPL,2016-04-29,11:56:00,93.30,93.37,93.28,93.36,167569
AAPL,2016-04-29,11:57:00,93.36,93.36,93.32,93.34,114864
AAPL,2016-04-29,11:58:00,93.35,93.47,93.34,93.47,179442
AAPL,2016-04-29,11:59:00,93.46,93.47,93.35,93.37,110717
AAPL,2016-04-29,12:00:00,93.37,93.41,93.35,93.35,104353
AAPL,2016-04-29,12:01:00,93.35,93.36,93.27,93.31,107799
AAPL,2016-04-29,12:02:00,93.31,93.31,93.23,93.24,87199
AAPL,2016-04-29,12:03:00,93.24,93.25,93.08,93.11,131058
AAPL,2016-04-29,12:04:00,93.10,93.13,93.06,93.11,98978
AAPL,2016-04-29,12:05:00,93.10,93.17,93.09,93.17,72516
AAPL,2016-04-29,12:06:00,93.17,93.18,93.13,93.16,89002
AAPL,2016-04-29,12:07:00,93.16,93.25,93.16,93.25,87168
AAPL,2016-04-29,12:08:00,93.25,93.35,93.25,93.35,153779
AAPL,2016-04-29,12:09:00,93.34,93.35,93.24,93.27,107141
AAPL,2016-04-29,12:10:00,93.27,93.32,93.24,93.24,112880
AAPL,2016-04-29,12:11:00,93.24,93.28,93.22,93.23,83114
AAPL,2016-04-29,12:12:00,93.24,93.25,93.14,93.19,68507
AAPL,2016-04-29,12:13:00,93.19,93.22,93.16,93.19,67142
AAPL,2016-04-29,12:14:00,93.19,93.24,93.17,93.23,47593
AAPL,2016-04-29,12:15:00,93.24,93.26,93.11,93.12,85883
AAPL,2016-04-29,12:16:00,93.12,93.30,93.12,93.30,100361
AAPL,2016-04-29,12:17:00,93.29,93.41,93.28,93.41,103380
AAPL,2016-04-29,12:18:00,93.41,93.42,93.31,93.35,113676
AAPL,2016-04-29,12:19:00,93.35,93.37,93.34,93.36,81864
AAPL,2016-04-29,12:20:00,93.36,93.45,93.34,93.41,82580
AAPL,2016-04-29,12:21:00,93.42,93.43,93.39,93.41,79234
AAPL,2016-04-29,12:22:00,93.40,93.50,93.39,93.49,121955
AAPL,2016-04-29,12:23:00,93.49,93.56,93.48,93.54,167419
AAPL,2016-04-29,12:24:00,93.54,93.55,93.46,93.50,139706
AAPL,2016-04-29,12:25:00,93.50,93.60,93.50,93.58,206129
AAPL,2016-04-29,12:26:00,93.58,93.59,93.55,93.59,112732
AAPL,2016-04-29,12:27:00,93.58,93.68,93.58,93.65,140301
AAPL,2016-04-29,12:28:00,93.66,93.67,93.60,93.64,115796
AAPL,2016-04-29,12:29:00,93.64,93.68,93.61,93.63,89936
AAPL,2016-04-29,12:30:00,93.63,93.66,93.59,93.60,152708
AAPL,2016-04-29,12:31:00,93.61,93.61,93.51,93.53,113811
AAPL,2016-04-29,12:32:00,93.52,93.55,93.50,93.52,99240
AAPL,2016-04-29,12:33:00,93.51,93.55,93.50,93.51,60440
AAPL,2016-04-29,12:34:00,93.52,93.55,93.47,93.55,70925
AAPL,2016-04-29,12:35:00,93.56,93.58,93.50,93.52,65097
AAPL,2016-04-29,12:36:00,93.53,93.53,93.49,93.51,76949
AAPL,2016-04-29,12:37:00,93.50,93.56,93.50,93.56,64029
AAPL,2016-04-29,12:38:00,93.56,93.59,93.53,93.58,55130
AAPL,2016-04-29,12:39:00,93.58,93.65,93.58,93.63,65022
AAPL,2016-04-29,12:40:00,93.63,93.64,93.59,93.61,76523
AAPL,2016-04-29,12:41:00,93.61,93.63,93.58,93.58,71499
AAPL,2016-04-29,12:42:00,93.58,93.59,93.53,93.54,61740
AAPL,2016-04-29,12:43:00,93.54,93.55,93.50,93.54,96958
AAPL,2016-04-29,12:44:00,93.53,93.55,93.50,93.54,57745
AAPL,2016-04-29,12:45:00,93.54,93.56,93.51,93.53,48852
AAPL,2016-04-29,12:46:00,93.54,93.56,93.53,93.56,44246
AAPL,2016-04-29,12:47:00,93.56,93.59,93.55,93.59,60063
AAPL,2016-04-29,12:48:00,93.59,93.64,93.58,93.64,55372
AAPL,2016-04-29,12:49:00,93.64,93.74,93.63,93.73,139561
AAPL,2016-04-29,12:50:00,93.73,93.79,93.69,93.77,120468
AAPL,2016-04-29,12:51:00,93.77,93.77,93.72,93.73,93011
AAPL,2016-04-29,12:52:00,93.73,93.76,93.66,93.66,107593
AAPL,2016-04-29,12:53:00,93.66,93.68,93.61,93.62,103367
AAPL,2016-04-29,12:54:00,93.62,93.62,93.56,93.58,100709
AAPL,2016-04-29,12:55:00,93.58,93.59,93.51,93.51,77644
AAPL,2016-04-29,12:56:00,93.51,93.54,93.47,93.47,110815
AAPL,2016-04-29,12:57:00,93.48,93.52,93.45,93.46,132588
AAPL,2016-04-29,12:58:00,93.46,93.47,93.36,93.36,117575
AAPL,2016-04-29,12:59:00,93.37,93.42,93.35,93.38,87211
AAPL,2016-04-29,13:00:00,93.38,93.44,93.35,93.42,91036
AAPL,2016-04-29,13:01:00,93.42,93.42,93.34,93.42,126328
AAPL,2016-04-29,13:02:00,93.41,93.44,93.39,93.43,94142
AAPL,2016-04-29,13:03:00,93.43,93.44,93.40,93.42,98653
AAPL,2016-04-29,13:04:00,93.41,93.50,93.41,93.47,79780
AAPL,2016-04-29,13:05:00,93.48,93.54,93.48,93.50,70542
AAPL,2016-04-29,13:06:00,93.50,93.56,93.48,93.54,63130
AAPL,2016-04-29,13:07:00,93.53,93.64,93.53,93.62,61201
AAPL,2016-04-29,13:08:00,93.61,93.67,93.60,93.66,40301
AAPL,2016-04-29,13:09:00,93.66,93.67,93.63,93.63,74359
AAPL,2016-04-29,13:10:00,93.63,93.69,93.60,93.64,84078
AAPL,2016-04-29,13:11:00,93.64,93.64,93.61,93.64,51819
AAPL,2016-04-29,13:12:00,93.64,93.65,93.62,93.64,60465
AAPL,2016-04-29,13:13:00,93.65,93.73,93.64,93.73,64278
AAPL,2016-04-29,13:14:00,93.73,93.79,93.70,93.76,109456
AAPL,2016-04-29,13:15:00,93.76,93.83,93.75,93.81,100692
AAPL,2016-04-29,13:16:00,93.81,93.89,93.80,93.89,127516
AAPL,2016-04-29,13:17:00,93.89,93.89,93.84,93.86,101916
AAPL,2016-04-29,13:18:00,93.86,93.86,93.80,93.85,76136
AAPL,2016-04-29,13:19:00,93.84,93.92,93.84,93.91,120837
AAPL,2016-04-29,13:20:00,93.92,93.98,93.91,93.97,160790
AAPL,2016-04-29,13:21:00,93.97,93.98,93.91,93.98,107796
AAPL,2016-04-29,13:22:00,93.98,93.98,93.95,93.97,114471
AAPL,2016-04-29,13:23:00,93.98,94.00,93.93,93.94,99024
AAPL,2016-04-29,13:24:00,93.94,93.97,93.92,93.96,107351
AAPL,2016-04-29,13:25:00,93.97,94.00,93.96,93.99,133035
AAPL,2016-04-29,13:26:00,93.98,94.04,93.96,94.02,297063
AAPL,2016-04-29,13:27:00,94.02,94.06,93.99,93.99,89300
AAPL,2016-04-29,13:28:00,93.99,94.00,93.80,93.81,110032
AAPL,2016-04-29,13:29:00,93.81,93.84,93.75,93.76,139651
AAPL,2016-04-29,13:30:00,93.76,93.80,93.72,93.77,95277
AAPL,2016-04-29,13:31:00,93.78,93.80,93.77,93.78,52208
AAPL,2016-04-29,13:32:00,93.78,93.81,93.71,93.72,123593
AAPL,2016-04-29,13:33:00,93.72,93.75,93.68,93.73,64902
AAPL,2016-04-29,13:34:00,93.73,93.77,93.72,93.76,56956
AAPL,2016-04-29,13:35:00,93.76,93.79,93.71,93.75,73972
AAPL,2016-04-29,13:36:00,93.74,93.79,93.71,93.78,86281
AAPL,2016-04-29,13:37:00,93.78,93.86,93.77,93.83,78920
AAPL,2016-04-29,13:38:00,93.83,93.84,93.71,93.72,132925
AAPL,2016-04-29,13:39:00,93.71,93.75,93.63,93.63,99217
AAPL,2016-04-29,13:40:00,93.63,93.72,93.63,93.72,49898
AAPL,2016-04-29,13:41:00,93.72,93.72,93.64,93.66,50391
AAPL,2016-04-29,13:42:00,93.66,93.67,93.60,93.64,66052
AAPL,2016-04-29,13:43:00,93.63,93.64,93.51,93.53,117330
AAPL,2016-04-29,13:44:00,93.54,93.55,93.49,93.49,130721
AAPL,2016-04-29,13:45:00,93.50,93.50,93.46,93.46,83284
AAPL,2016-04-29,13:46:00,93.47,93.52,93.46,93.48,106069
AAPL,2016-04-29,13:47:00,93.47,93.55,93.47,93.53,64883
AAPL,2016-04-29,13:48:00,93.53,93.54,93.49,93.51,36519
AAPL,2016-04-29,13:49:00,93.50,93.52,93.47,93.51,55138
AAPL,2016-04-29,13:50:00,93.51,93.53,93.50,93.51,42044
AAPL,2016-04-29,13:51:00,93.51,93.52,93.47,93.50,55726
AAPL,2016-04-29,13:52:00,93.50,93.50,93.41,93.44,79312
AAPL,2016-04-29,13:53:00,93.43,93.52,93.43,93.46,50897
AAPL,2016-04-29,13:54:00,93.45,93.55,93.45,93.52,46730
AAPL,2016-04-29,13:55:00,93.51,93.52,93.44,93.44,35011
AAPL,2016-04-29,13:56:00,93.44,93.45,93.37,93.39,87467
AAPL,2016-04-29,13:57:00,93.39,93.40,93.29,93.32,107662
AAPL,2016-04-29,13:58:00,93.31,93.35,93.29,93.30,78125
AAPL,2016-04-29,13:59:00,93.30,93.34,93.26,93.30,108040
AAPL,2016-04-29,14:00:00,93.30,93.34,93.26,93.27,106265
AAPL,2016-04-29,14:01:00,93.29,93.37,93.28,93.37,68281
AAPL,2016-04-29,14:02:00,93.36,93.39,93.35,93.37,67787
AAPL,2016-04-29,14:03:00,93.36,93.37,93.33,93.36,64607
AAPL,2016-04-29,14:04:00,93.36,93.37,93.32,93.37,61772
AAPL,2016-04-29,14:05:00,93.37,93.42,93.36,93.40,56020
AAPL,2016-04-29,14:06:00,93.40,93.41,93.36,93.40,108755
AAPL,2016-04-29,14:07:00,93.40,93.41,93.36,93.37,62245
AAPL,2016-04-29,14:08:00,93.36,93.36,93.29,93.30,71057
AAPL,2016-04-29,14:09:00,93.30,93.31,93.26,93.26,98509
AAPL,2016-04-29,14:10:00,93.27,93.27,93.18,93.20,170784
AAPL,2016-04-29,14:11:00,93.21,93.22,93.16,93.17,101884
AAPL,2016-04-29,14:12:00,93.17,93.19,93.14,93.17,90449
AAPL,2016-04-29,14:13:00,93.17,93.20,93.15,93.16,93570
AAPL,2016-04-29,14:14:00,93.15,93.18,93.14,93.16,67971
AAPL,2016-04-29,14:15:00,93.16,93.20,93.14,93.18,78626
AAPL,2016-04-29,14:16:00,93.18,93.18,93.11,93.13,74314
AAPL,2016-04-29,14:17:00,93.13,93.14,93.11,93.12,56371
AAPL,2016-04-29,14:18:00,93.12,93.13,93.08,93.12,113937
AAPL,2016-04-29,14:19:00,93.12,93.20,93.11,93.18,94235
AAPL,2016-04-29,14:20:00,93.17,93.18,93.16,93.18,52883
AAPL,2016-04-29,14:21:00,93.17,93.18,93.13,93.14,112758
AAPL,2016-04-29,14:22:00,93.14,93.14,93.05,93.07,83291
AAPL,2016-04-29,14:23:00,93.07,93.12,93.04,93.05,117681
AAPL,2016-04-29,14:24:00,93.04,93.08,93.04,93.04,38988
AAPL,2016-04-29,14:25:00,93.05,93.06,93.02,93.05,87365
AAPL,2016-04-29,14:26:00,93.05,93.05,93.01,93.02,67525
AAPL,2016-04-29,14:27:00,93.02,93.04,92.97,92.99,309961
AAPL,2016-04-29,14:28:00,93.00,93.13,92.98,93.11,154736
AAPL,2016-04-29,14:29:00,93.12,93.18,93.11,93.16,99563
AAPL,2016-04-29,14:30:00,93.17,93.25,93.16,93.21,122393
AAPL,2016-04-29,14:31:00,93.21,93.21,93.15,93.18,66412
AAPL,2016-04-29,14:32:00,93.19,93.19,93.09,93.09,82327
AAPL,2016-04-29,14:33:00,93.08,93.13,93.07,93.11,102597
AAPL,2016-04-29,14:34:00,93.11,93.11,93.06,93.07,49257
AAPL,2016-04-29,14:35:00,93.07,93.11,93.06,93.11,55874
AAPL,2016-04-29,14:36:00,93.11,93.11,93.05,93.07,60411
AAPL,2016-04-29,14:37:00,93.06,93.07,93.01,93.02,57952
AAPL,2016-04-29,14:38:00,93.02,93.07,93.01,93.06,60741
AAPL,2016-04-29,14:39:00,93.07,93.07,93.00,93.01,75225
AAPL,2016-04-29,14:40:00,93.02,93.05,93.01,93.03,56130
AAPL,2016-04-29,14:41:00,93.03,93.11,93.03,93.11,59181
AAPL,2016-04-29,14:42:00,93.11,93.16,93.09,93.14,91744
AAPL,2016-04-29,14:43:00,93.14,93.20,93.12,93.14,111582
AAPL,2016-04-29,14:44:00,93.14,93.16,93.12,93.16,64528
AAPL,2016-04-29,14:45:00,93.15,93.20,93.15,93.19,80161
AAPL,2016-04-29,14:46:00,93.20,93.28,93.19,93.25,117505
AAPL,2016-04-29,14:47:00,93.25,93.32,93.23,93.24,125478
AAPL,2016-04-29,14:48:00,93.23,93.29,93.23,93.27,85297
AAPL,2016-04-29,14:49:00,93.27,93.35,93.27,93.34,94001
AAPL,2016-04-29,14:50:00,93.35,93.37,93.32,93.34,116887
AAPL,2016-04-29,14:51:00,93.35,93.35,93.24,93.25,120283
AAPL,2016-04-29,14:52:00,93.25,93.29,93.25,93.27,61923
AAPL,2016-04-29,14:53:00,93.27,93.28,93.23,93.27,75192
AAPL,2016-04-29,14:54:00,93.27,93.28,93.26,93.28,37732
AAPL,2016-04-29,14:55:00,93.27,93.28,93.25,93.25,96752
AAPL,2016-04-29,14:56:00,93.25,93.26,93.23,93.23,119648
AAPL,2016-04-29,14:57:00,93.23,93.24,93.14,93.15,133563
AAPL,2016-04-29,14:58:00,93.16,93.21,93.15,93.18,62535
AAPL,2016-04-29,14:59:00,93.18,93.24,93.18,93.20,41770
AAPL,2016-04-29,15:00:00,93.21,93.24,93.16,93.22,58032
AAPL,2016-04-29,15:01:00,93.23,93.30,93.20,93.27,87700
AAPL,2016-04-29,15:02:00,93.25,93.32,93.25,93.31,67036
AAPL,2016-04-29,15:03:00,93.31,93.32,93.21,93.21,95444
AAPL,2016-04-29,15:04:00,93.22,93.28,93.21,93.26,55827
AAPL,2016-04-29,15:05:00,93.27,93.31,93.26,93.27,55920
AAPL,2016-04-29,15:06:00,93.26,93.32,93.24,93.31,59124
AAPL,2016-04-29,15:07:00,93.31,93.36,93.30,93.36,45880
AAPL,2016-04-29,15:08:00,93.36,93.44,93.35,93.44,148263
AAPL,2016-04-29,15:09:00,93.45,93.57,93.44,93.51,245024
AAPL,2016-04-29,15:10:00,93.51,93.54,93.46,93.48,164775
AAPL,2016-04-29,15:11:00,93.48,93.51,93.44,93.45,115195
AAPL,2016-04-29,15:12:00,93.45,93.53,93.41,93.53,112635
AAPL,2016-04-29,15:13:00,93.53,93.57,93.50,93.53,88597
AAPL,2016-04-29,15:14:00,93.53,93.59,93.53,93.56,73753
AAPL,2016-04-29,15:15:00,93.56,93.62,93.56,93.59,91073
AAPL,2016-04-29,15:16:00,93.58,93.63,93.58,93.63,83574
AAPL,2016-04-29,15:17:00,93.63,93.64,93.56,93.60,91368
AAPL,2016-04-29,15:18:00,93.59,93.60,93.53,93.57,132158
AAPL,2016-04-29,15:19:00,93.58,93.65,93.57,93.59,75089
AAPL,2016-04-29,15:20:00,93.60,93.64,93.59,93.64,73921
AAPL,2016-04-29,15:21:00,93.64,93.67,93.61,93.62,116607
AAPL,2016-04-29,15:22:00,93.63,93.63,93.58,93.60,90583
AAPL,2016-04-29,15:23:00,93.60,93.70,93.59,93.70,90344
AAPL,2016-04-29,15:24:00,93.70,93.79,93.65,93.68,241773
AAPL,2016-04-29,15:25:00,93.68,93.73,93.67,93.70,103725
AAPL,2016-04-29,15:26:00,93.71,93.72,93.69,93.70,105758
AAPL,2016-04-29,15:27:00,93.71,93.72,93.64,93.64,96679
AAPL,2016-04-29,15:28:00,93.64,93.70,93.62,93.67,92870
AAPL,2016-04-29,15:29:00,93.67,93.67,93.50,93.51,223462
AAPL,2016-04-29,15:30:00,93.52,93.58,93.51,93.55,96433
AAPL,2016-04-29,15:31:00,93.54,93.64,93.54,93.64,132841
AAPL,2016-04-29,15:32:00,93.65,93.66,93.60,93.64,112443
AAPL,2016-04-29,15:33:00,93.64,93.81,93.63,93.81,175790
AAPL,2016-04-29,15:34:00,93.81,93.87,93.79,93.81,176427
AAPL,2016-04-29,15:35:00,93.81,93.86,93.81,93.85,116099
AAPL,2016-04-29,15:36:00,93.85,93.88,93.78,93.79,154136
AAPL,2016-04-29,15:37:00,93.79,93.82,93.71,93.72,131367
AAPL,2016-04-29,15:38:00,93.72,93.79,93.71,93.75,85933
AAPL,2016-04-29,15:39:00,93.75,93.81,93.70,93.76,67927
AAPL,2016-04-29,15:40:00,93.76,93.78,93.71,93.73,99543
AAPL,2016-04-29,15:41:00,93.73,93.80,93.73,93.79,91180
AAPL,2016-04-29,15:42:00,93.78,93.79,93.75,93.76,71075
AAPL,2016-04-29,15:43:00,93.75,93.82,93.75,93.82,94745
AAPL,2016-04-29,15:44:00,93.82,93.82,93.74,93.77,91588
AAPL,2016-04-29,15:45:00,93.76,93.80,93.75,93.77,87590
AAPL,2016-04-29,15:46:00,93.77,93.86,93.76,93.85,203291
AAPL,2016-04-29,15:47:00,93.86,93.89,93.84,93.87,133419
AAPL,2016-04-29,15:48:00,93.86,93.88,93.80,93.81,161952
AAPL,2016-04-29,15:49:00,93.81,93.83,93.72,93.75,138412
AAPL,2016-04-29,15:50:00,93.75,93.77,93.70,93.73,159029
AAPL,2016-04-29,15:51:00,93.73,93.73,93.67,93.73,199067
AAPL,2016-04-29,15:52:00,93.73,93.74,93.69,93.72,181203
AAPL,2016-04-29,15:53:00,93.72,93.76,93.67,93.68,159331
AAPL,2016-04-29,15:54:00,93.68,93.68,93.62,93.65,204007
AAPL,2016-04-29,15:55:00,93.66,93.75,93.64,93.75,171433
AAPL,2016-04-29,15:56:00,93.74,93.79,93.67,93.73,235973
AAPL,2016-04-29,15:57:00,93.72,93.73,93.65,93.69,187573
AAPL,2016-04-29,15:58:00,93.68,93.75,93.65,93.72,281703
AAPL,2016-04-29,15:59:00,93.71,93.75,93.65,93.74,273987
AAPL,2016-04-29,16:00:00,93.74,93.79,93.69,93.74,3240561
