AMZN,2016-04-28,09:30:00,615.54,615.54,615.54,615.54,26505
AMZN,2016-04-28,09:31:00,615.94,616.50,614.76,616.15,30678
AMZN,2016-04-28,09:32:00,615.70,617.00,614.58,615.00,34373
AMZN,2016-04-28,09:33:00,615.00,615.79,614.72,615.29,23262
AMZN,2016-04-28,09:34:00,615.13,616.45,615.09,615.79,30783
AMZN,2016-04-28,09:35:00,615.66,616.66,615.66,616.01,21195
AMZN,2016-04-28,09:36:00,616.04,619.41,615.91,619.41,26959
AMZN,2016-04-28,09:37:00,618.89,620.86,617.51,620.15,35674
AMZN,2016-04-28,09:38:00,620.14,621.10,620.00,620.62,31371
AMZN,2016-04-28,09:39:00,621.03,623.11,620.15,623.00,23980
AMZN,2016-04-28,09:40:00,622.99,623.26,621.63,622.72,31661
AMZN,2016-04-28,09:41:00,622.43,624.80,622.33,623.80,41272
AMZN,2016-04-28,09:42:00,624.20,624.50,622.99,623.62,34213
AMZN,2016-04-28,09:43:00,623.50,624.56,623.01,624.40,31056
AMZN,2016-04-28,09:44:00,624.37,625.32,623.88,625.22,28034
AMZN,2016-04-28,09:45:00,625.25,626.62,624.79,626.62,36186
AMZN,2016-04-28,09:46:00,626.31,626.80,624.67,625.03,31360
AMZN,2016-04-28,09:47:00,624.91,625.67,624.13,625.10,52458
AMZN,2016-04-28,09:48:00,625.07,625.42,624.41,625.09,16965
AMZN,2016-04-28,09:49:00,625.09,625.29,623.41,623.80,19101
AMZN,2016-04-28,09:50:00,623.74,624.90,622.00,624.45,20631
AMZN,2016-04-28,09:51:00,624.74,624.74,622.61,622.62,10673
AMZN,2016-04-28,09:52:00,623.06,623.48,622.62,623.05,4350
AMZN,2016-04-28,09:53:00,622.90,623.31,622.55,622.55,8118
AMZN,2016-04-28,09:54:00,622.50,622.82,621.80,621.89,15131
AMZN,2016-04-28,09:55:00,622.14,622.30,621.66,621.97,18506
AMZN,2016-04-28,09:56:00,622.03,623.28,621.97,622.71,17743
AMZN,2016-04-28,09:57:00,623.24,623.24,621.57,621.90,18700
AMZN,2016-04-28,09:58:00,621.59,622.56,621.58,621.93,20389
AMZN,2016-04-28,09:59:00,622.01,622.17,621.62,621.79,6512
AMZN,2016-04-28,10:00:00,621.58,621.88,620.75,620.75,18449
AMZN,2016-04-28,10:01:00,620.90,621.60,620.61,621.36,22447
AMZN,2016-04-28,10:02:00,621.39,621.81,621.00,621.68,12331
AMZN,2016-04-28,10:03:00,621.43,622.18,621.43,621.87,11055
AMZN,2016-04-28,10:04:00,622.01,622.11,621.20,621.22,10417
AMZN,2016-04-28,10:05:00,621.27,621.79,621.14,621.76,4644
AMZN,2016-04-28,10:06:00,621.64,622.03,621.53,622.03,11489
AMZN,2016-04-28,10:07:00,622.09,622.09,621.51,621.71,4669
AMZN,2016-04-28,10:08:00,621.90,621.90,620.99,620.99,5600
AMZN,2016-04-28,10:09:00,620.85,621.05,620.29,620.44,7573
AMZN,2016-04-28,10:10:00,620.60,620.62,619.80,620.00,15358
AMZN,2016-04-28,10:11:00,620.04,620.31,619.82,620.09,11830
AMZN,2016-04-28,10:12:00,620.03,621.11,620.03,620.12,14096
AMZN,2016-04-28,10:13:00,620.12,621.03,620.12,621.02,7976
AMZN,2016-04-28,10:14:00,621.26,621.26,620.27,620.80,5051
AMZN,2016-04-28,10:15:00,621.00,622.10,620.99,621.66,9782
AMZN,2016-04-28,10:16:00,621.42,621.97,621.41,621.67,2000
AMZN,2016-04-28,10:17:00,621.80,621.88,620.55,621.33,8480
AMZN,2016-04-28,10:18:00,621.42,621.42,620.92,621.20,4699
AMZN,2016-04-28,10:19:00,621.11,621.88,621.11,621.77,4501
AMZN,2016-04-28,10:20:00,621.95,622.35,621.57,621.93,6800
AMZN,2016-04-28,10:21:00,622.28,622.78,621.72,622.07,10859
AMZN,2016-04-28,10:22:00,622.39,623.00,622.32,622.89,4642
AMZN,2016-04-28,10:23:00,622.89,623.06,622.39,622.45,10288
AMZN,2016-04-28,10:24:00,622.37,622.82,621.77,622.74,8464
AMZN,2016-04-28,10:25:00,622.48,623.21,622.10,623.10,4091
AMZN,2016-04-28,10:26:00,622.91,623.33,622.78,622.92,9702
AMZN,2016-04-28,10:27:00,622.84,623.23,622.21,622.78,4460
AMZN,2016-04-28,10:28:00,622.42,622.56,622.19,622.43,1600
AMZN,2016-04-28,10:29:00,622.39,622.97,622.25,622.47,5832
AMZN,2016-04-28,10:30:00,622.48,623.05,622.37,623.04,5849
AMZN,2016-04-28,10:31:00,623.01,623.59,622.39,622.69,7469
AMZN,2016-04-28,10:32:00,622.77,623.38,622.25,623.01,6396
AMZN,2016-04-28,10:33:00,623.30,624.23,623.30,623.99,6272
AMZN,2016-04-28,10:34:00,623.87,623.96,623.35,623.77,6125
AMZN,2016-04-28,10:35:00,623.93,623.93,623.42,623.70,3850
AMZN,2016-04-28,10:36:00,623.88,624.17,623.61,624.17,8239
AMZN,2016-04-28,10:37:00,624.25,624.44,623.83,624.24,6185
AMZN,2016-04-28,10:38:00,624.25,624.38,623.76,623.83,2853
AMZN,2016-04-28,10:39:00,623.87,623.87,623.35,623.69,2849
AMZN,2016-04-28,10:40:00,623.67,623.70,623.18,623.45,4320
AMZN,2016-04-28,10:41:00,623.49,623.92,623.36,623.36,3716
AMZN,2016-04-28,10:42:00,623.60,623.60,623.25,623.31,1600
AMZN,2016-04-28,10:43:00,623.50,623.50,622.50,622.67,3142
AMZN,2016-04-28,10:44:00,622.45,622.98,622.40,622.98,2430
AMZN,2016-04-28,10:45:00,623.00,623.43,622.98,623.08,3200
AMZN,2016-04-28,10:46:00,623.38,623.38,622.91,623.23,2400
AMZN,2016-04-28,10:47:00,623.50,624.00,623.23,623.98,4921
AMZN,2016-04-28,10:48:00,623.76,624.02,623.72,624.00,2583
AMZN,2016-04-28,10:49:00,624.00,624.22,623.71,624.07,3467
AMZN,2016-04-28,10:50:00,624.00,624.26,623.65,623.86,5785
AMZN,2016-04-28,10:51:00,623.70,623.70,623.01,623.01,3550
AMZN,2016-04-28,10:52:00,623.00,623.16,622.57,622.67,3721
AMZN,2016-04-28,10:53:00,622.67,622.75,622.48,622.65,3151
AMZN,2016-04-28,10:54:00,622.66,623.82,622.66,623.24,6958
AMZN,2016-04-28,10:55:00,623.00,623.47,622.76,622.89,7369
AMZN,2016-04-28,10:56:00,622.91,622.96,622.64,622.77,15315
AMZN,2016-04-28,10:57:00,622.91,622.91,622.77,622.91,7462
AMZN,2016-04-28,10:58:00,622.83,622.84,622.48,622.48,8951
AMZN,2016-04-28,10:59:00,622.47,622.73,622.47,622.66,4800
AMZN,2016-04-28,11:00:00,622.61,622.70,622.23,622.51,7609
AMZN,2016-04-28,11:01:00,622.54,622.79,622.38,622.38,6531
AMZN,2016-04-28,11:02:00,622.59,622.70,622.12,622.69,4947
AMZN,2016-04-28,11:03:00,622.64,622.70,622.50,622.51,3020
AMZN,2016-04-28,11:04:00,622.50,622.71,622.50,622.70,8532
AMZN,2016-04-28,11:05:00,622.70,622.77,622.56,622.70,9109
AMZN,2016-04-28,11:06:00,622.70,622.70,622.32,622.66,2996
AMZN,2016-04-28,11:07:00,622.67,622.67,622.17,622.40,2125
AMZN,2016-04-28,11:08:00,622.57,622.70,622.48,622.50,3475
AMZN,2016-04-28,11:09:00,622.52,622.90,622.40,622.70,7621
AMZN,2016-04-28,11:10:00,622.65,622.87,622.29,622.29,2650
AMZN,2016-04-28,11:11:00,622.29,622.45,621.88,622.27,6407
AMZN,2016-04-28,11:12:00,622.21,622.69,622.21,622.55,2116
AMZN,2016-04-28,11:13:00,622.47,622.70,622.02,622.14,8027
AMZN,2016-04-28,11:14:00,622.14,622.14,621.67,621.67,4828
AMZN,2016-04-28,11:15:00,621.50,621.69,621.20,621.59,4778
AMZN,2016-04-28,11:16:00,621.94,622.17,621.53,622.02,10014
AMZN,2016-04-28,11:17:00,621.97,622.04,621.77,621.94,6557
AMZN,2016-04-28,11:18:00,622.00,622.09,621.87,622.00,3391
AMZN,2016-04-28,11:19:00,621.84,621.84,621.61,621.66,2790
AMZN,2016-04-28,11:20:00,621.57,621.66,621.13,621.46,2675
AMZN,2016-04-28,11:21:00,621.58,621.72,620.77,621.14,8465
AMZN,2016-04-28,11:22:00,621.00,621.22,620.80,620.80,3171
AMZN,2016-04-28,11:23:00,620.86,621.36,620.76,621.36,3729
AMZN,2016-04-28,11:24:00,621.04,621.40,621.00,621.11,1559
AMZN,2016-04-28,11:25:00,621.12,621.38,621.01,621.38,2836
AMZN,2016-04-28,11:26:00,621.45,621.63,621.37,621.37,600
AMZN,2016-04-28,11:27:00,621.54,621.54,621.08,621.18,2542
AMZN,2016-04-28,11:28:00,621.00,621.00,620.67,620.76,3532
AMZN,2016-04-28,11:29:00,620.86,621.07,620.72,620.97,3004
AMZN,2016-04-28,11:30:00,621.07,621.07,620.77,620.84,1800
AMZN,2016-04-28,11:31:00,620.88,621.63,620.88,621.59,2871
AMZN,2016-04-28,11:32:00,621.46,621.68,621.10,621.68,3104
AMZN,2016-04-28,11:33:00,621.63,621.95,621.61,621.78,3696
AMZN,2016-04-28,11:34:00,621.72,622.01,621.63,621.93,2100
AMZN,2016-04-28,11:35:00,621.93,622.01,621.61,621.61,7150
AMZN,2016-04-28,11:36:00,621.71,622.27,621.71,622.20,10256
AMZN,2016-04-28,11:37:00,622.25,622.27,621.83,622.08,2505
AMZN,2016-04-28,11:38:00,622.01,622.06,621.81,621.91,5059
AMZN,2016-04-28,11:39:00,621.92,622.04,621.81,622.01,12427
AMZN,2016-04-28,11:40:00,621.83,621.91,621.76,621.82,2299
AMZN,2016-04-28,11:41:00,621.82,622.01,621.82,621.94,3674
AMZN,2016-04-28,11:42:00,621.98,622.10,621.96,622.10,1000
AMZN,2016-04-28,11:43:00,622.01,622.33,621.90,621.90,2911
AMZN,2016-04-28,11:44:00,622.14,622.16,621.96,621.98,3312
AMZN,2016-04-28,11:45:00,621.94,622.00,621.89,621.99,24012
AMZN,2016-04-28,11:46:00,621.96,622.01,621.15,621.15,10358
AMZN,2016-04-28,11:47:00,621.30,621.30,621.00,621.00,12978
AMZN,2016-04-28,11:48:00,621.00,621.00,620.14,620.14,15074
AMZN,2016-04-28,11:49:00,620.12,620.29,619.82,619.87,15984
AMZN,2016-04-28,11:50:00,619.82,619.92,619.59,619.80,6055
AMZN,2016-04-28,11:51:00,619.72,620.27,619.59,619.77,6582
AMZN,2016-04-28,11:52:00,619.74,620.25,619.74,620.25,1104
AMZN,2016-04-28,11:53:00,620.40,620.40,619.99,620.01,1350
AMZN,2016-04-28,11:54:00,620.01,620.27,619.90,620.00,6477
AMZN,2016-04-28,11:55:00,620.05,620.23,620.05,620.21,1578
AMZN,2016-04-28,11:56:00,620.15,620.26,619.88,619.88,2779
AMZN,2016-04-28,11:57:00,619.85,620.23,619.85,620.22,2700
AMZN,2016-04-28,11:58:00,620.03,620.56,620.03,620.35,6398
AMZN,2016-04-28,11:59:00,620.35,620.40,620.00,620.40,8222
AMZN,2016-04-28,12:00:00,620.28,620.78,620.24,620.69,4820
AMZN,2016-04-28,12:01:00,620.85,621.26,620.75,620.95,6681
AMZN,2016-04-28,12:02:00,620.77,620.99,620.73,620.87,2640
AMZN,2016-04-28,12:03:00,620.86,620.90,620.72,620.81,1916
AMZN,2016-04-28,12:04:00,620.74,620.78,620.62,620.78,2459
AMZN,2016-04-28,12:05:00,620.50,620.82,620.25,620.82,2854
AMZN,2016-04-28,12:06:00,620.91,621.40,620.90,621.33,2000
AMZN,2016-04-28,12:07:00,621.20,621.20,621.16,621.16,800
AMZN,2016-04-28,12:08:00,621.20,621.32,621.00,621.28,5000
AMZN,2016-04-28,12:09:00,621.28,621.28,621.10,621.14,2080
AMZN,2016-04-28,12:10:00,621.20,621.82,621.20,621.82,5634
AMZN,2016-04-28,12:11:00,621.77,621.90,621.67,621.90,2798
AMZN,2016-04-28,12:12:00,621.83,621.90,621.11,621.11,2150
AMZN,2016-04-28,12:13:00,621.09,621.89,621.01,621.85,8336
AMZN,2016-04-28,12:14:00,621.80,621.80,621.46,621.46,3050
AMZN,2016-04-28,12:15:00,621.44,621.48,621.01,621.12,5100
AMZN,2016-04-28,12:16:00,621.18,621.57,621.01,621.50,4025
AMZN,2016-04-28,12:17:00,621.49,621.66,621.39,621.64,2610
AMZN,2016-04-28,12:18:00,621.60,621.63,621.11,621.29,3260
AMZN,2016-04-28,12:19:00,621.23,621.50,620.93,620.93,5547
AMZN,2016-04-28,12:20:00,621.00,621.22,620.74,620.85,3707
AMZN,2016-04-28,12:21:00,621.12,621.17,620.75,620.75,1541
AMZN,2016-04-28,12:22:00,620.75,620.88,620.50,620.81,3677
AMZN,2016-04-28,12:23:00,620.57,620.67,620.48,620.48,1655
AMZN,2016-04-28,12:24:00,620.56,620.56,620.29,620.39,1131
AMZN,2016-04-28,12:25:00,620.26,620.37,619.58,619.58,10643
AMZN,2016-04-28,12:26:00,619.58,619.65,619.09,619.17,11548
AMZN,2016-04-28,12:27:00,619.17,619.29,619.00,619.12,11296
AMZN,2016-04-28,12:28:00,619.25,619.54,618.81,619.24,13378
AMZN,2016-04-28,12:29:00,619.13,619.51,619.09,619.36,6013
AMZN,2016-04-28,12:30:00,619.18,619.26,618.75,618.79,6421
AMZN,2016-04-28,12:31:00,618.83,618.83,618.20,618.50,7568
AMZN,2016-04-28,12:32:00,618.64,618.85,618.48,618.85,4388
AMZN,2016-04-28,12:33:00,618.78,619.15,618.71,618.80,7171
AMZN,2016-04-28,12:34:00,618.79,619.06,618.73,619.06,4002
AMZN,2016-04-28,12:35:00,619.02,619.74,618.49,619.74,9105
AMZN,2016-04-28,12:36:00,619.70,619.73,618.68,619.02,10819
AMZN,2016-04-28,12:37:00,619.05,619.54,618.92,619.39,4740
AMZN,2016-04-28,12:38:00,619.40,619.68,619.35,619.55,2757
AMZN,2016-04-28,12:39:00,619.60,619.72,619.42,619.42,4666
AMZN,2016-04-28,12:40:00,619.55,619.82,619.40,619.50,4391
AMZN,2016-04-28,12:41:00,619.59,619.65,618.88,619.19,11879
AMZN,2016-04-28,12:42:00,618.99,618.99,618.25,618.51,8951
AMZN,2016-04-28,12:43:00,618.49,618.96,618.25,618.96,6750
AMZN,2016-04-28,12:44:00,618.84,618.84,618.00,618.14,15003
AMZN,2016-04-28,12:45:00,618.32,618.52,618.00,618.15,5088
AMZN,2016-04-28,12:46:00,618.28,618.28,617.68,618.11,6667
AMZN,2016-04-28,12:47:00,617.81,618.00,617.70,617.82,4196
AMZN,2016-04-28,12:48:00,617.75,617.75,617.25,617.25,7958
AMZN,2016-04-28,12:49:00,617.30,617.30,616.75,616.95,9011
AMZN,2016-04-28,12:50:00,617.05,617.15,616.87,617.00,2834
AMZN,2016-04-28,12:51:00,616.92,616.98,616.31,616.87,5944
AMZN,2016-04-28,12:52:00,617.00,617.69,616.77,617.17,9897
AMZN,2016-04-28,12:53:00,617.52,618.00,617.30,617.70,6366
AMZN,2016-04-28,12:54:00,617.84,618.06,617.58,617.82,6075
AMZN,2016-04-28,12:55:00,617.98,618.12,617.59,617.77,9214
AMZN,2016-04-28,12:56:00,618.06,618.45,618.00,618.22,1985
AMZN,2016-04-28,12:57:00,618.34,618.69,618.31,618.37,4666
AMZN,2016-04-28,12:58:00,618.38,618.86,618.33,618.71,3628
AMZN,2016-04-28,12:59:00,618.57,618.57,618.17,618.33,2550
AMZN,2016-04-28,13:00:00,618.32,618.32,617.65,617.65,7082
AMZN,2016-04-28,13:01:00,617.61,617.72,617.14,617.15,4752
AMZN,2016-04-28,13:02:00,617.15,617.70,617.15,617.18,3626
AMZN,2016-04-28,13:03:00,617.31,617.31,616.63,616.64,7852
AMZN,2016-04-28,13:04:00,616.39,616.70,616.10,616.41,3677
AMZN,2016-04-28,13:05:00,616.27,616.36,615.14,615.49,16106
AMZN,2016-04-28,13:06:00,615.73,615.81,615.20,615.20,6317
AMZN,2016-04-28,13:07:00,615.30,616.12,615.20,616.12,13500
AMZN,2016-04-28,13:08:00,616.00,616.24,615.78,616.24,3266
AMZN,2016-04-28,13:09:00,616.14,616.28,615.90,616.03,4551
AMZN,2016-04-28,13:10:00,615.93,616.16,615.69,616.01,3100
AMZN,2016-04-28,13:11:00,615.90,615.90,614.75,614.75,15692
AMZN,2016-04-28,13:12:00,614.75,614.92,614.11,614.34,9279
AMZN,2016-04-28,13:13:00,614.46,614.46,613.38,613.38,4931
AMZN,2016-04-28,13:14:00,613.53,613.99,613.37,613.83,14661
AMZN,2016-04-28,13:15:00,613.86,614.30,613.75,614.11,6922
AMZN,2016-04-28,13:16:00,614.15,614.45,613.84,613.89,8596
AMZN,2016-04-28,13:17:00,613.66,614.20,613.66,613.96,12086
AMZN,2016-04-28,13:18:00,614.00,614.05,613.49,613.55,7245
AMZN,2016-04-28,13:19:00,613.54,613.77,613.00,613.17,17105
AMZN,2016-04-28,13:20:00,613.18,613.43,613.00,613.11,11732
AMZN,2016-04-28,13:21:00,613.05,613.17,612.61,612.87,8757
AMZN,2016-04-28,13:22:00,612.86,613.09,612.00,612.12,9630
AMZN,2016-04-28,13:23:00,612.28,612.36,611.72,611.94,8559
AMZN,2016-04-28,13:24:00,611.94,612.24,611.65,612.23,7467
AMZN,2016-04-28,13:25:00,612.05,612.43,612.05,612.36,6263
AMZN,2016-04-28,13:26:00,612.47,612.91,612.10,612.71,13438
AMZN,2016-04-28,13:27:00,612.80,613.57,612.68,613.51,9788
AMZN,2016-04-28,13:28:00,613.52,613.74,613.41,613.45,8744
AMZN,2016-04-28,13:29:00,613.55,614.23,613.55,614.00,6026
AMZN,2016-04-28,13:30:00,613.91,614.41,613.66,613.90,8846
AMZN,2016-04-28,13:31:00,614.16,614.45,613.75,613.92,5704
AMZN,2016-04-28,13:32:00,614.05,614.06,613.75,614.00,4890
AMZN,2016-04-28,13:33:00,613.88,614.27,613.81,614.07,3186
AMZN,2016-04-28,13:34:00,614.18,614.28,614.05,614.05,5319
AMZN,2016-04-28,13:35:00,614.05,614.05,613.67,613.85,8577
AMZN,2016-04-28,13:36:00,613.85,613.92,613.70,613.92,1700
AMZN,2016-04-28,13:37:00,613.91,613.91,613.52,613.66,4721
AMZN,2016-04-28,13:38:00,613.66,613.81,613.13,613.13,7908
AMZN,2016-04-28,13:39:00,613.25,613.40,613.13,613.40,4530
AMZN,2016-04-28,13:40:00,613.33,613.70,613.26,613.50,6686
AMZN,2016-04-28,13:41:00,613.58,613.79,613.28,613.28,3052
AMZN,2016-04-28,13:42:00,613.49,613.63,613.21,613.54,4189
AMZN,2016-04-28,13:43:00,613.54,614.02,613.54,614.02,6812
AMZN,2016-04-28,13:44:00,614.15,614.49,613.83,614.49,3310
AMZN,2016-04-28,13:45:00,614.49,614.99,614.48,614.91,10551
AMZN,2016-04-28,13:46:00,614.92,615.00,613.88,614.09,7450
AMZN,2016-04-28,13:47:00,614.00,614.09,613.69,613.79,6085
AMZN,2016-04-28,13:48:00,613.75,614.34,613.67,613.97,7836
AMZN,2016-04-28,13:49:00,613.81,613.89,613.60,613.60,2900
AMZN,2016-04-28,13:50:00,613.61,613.61,613.21,613.36,5523
AMZN,2016-04-28,13:51:00,613.44,613.45,613.14,613.44,7075
AMZN,2016-04-28,13:52:00,613.51,614.27,613.41,614.22,4726
AMZN,2016-04-28,13:53:00,614.12,614.39,613.85,614.04,5366
AMZN,2016-04-28,13:54:00,613.90,614.09,613.29,613.59,2400
AMZN,2016-04-28,13:55:00,613.26,613.36,613.14,613.24,5100
AMZN,2016-04-28,13:56:00,613.37,613.47,613.24,613.24,5219
AMZN,2016-04-28,13:57:00,613.20,613.20,612.67,612.71,11399
AMZN,2016-04-28,13:58:00,612.75,612.79,612.05,612.17,18457
AMZN,2016-04-28,13:59:00,612.45,612.56,611.75,611.93,15001
AMZN,2016-04-28,14:00:00,612.04,612.41,611.93,612.10,5327
AMZN,2016-04-28,14:01:00,612.35,612.48,612.07,612.42,9744
AMZN,2016-04-28,14:02:00,612.32,612.35,611.84,612.11,6078
AMZN,2016-04-28,14:03:00,612.23,612.51,612.10,612.41,9531
AMZN,2016-04-28,14:04:00,612.31,612.59,612.00,612.47,8543
AMZN,2016-04-28,14:05:00,612.54,612.56,611.00,611.50,17752
AMZN,2016-04-28,14:06:00,611.54,611.94,611.39,611.71,3170
AMZN,2016-04-28,14:07:00,611.74,612.49,611.74,612.15,15098
AMZN,2016-04-28,14:08:00,612.18,612.60,612.00,612.46,5050
AMZN,2016-04-28,14:09:00,612.60,613.47,612.56,612.76,6545
AMZN,2016-04-28,14:10:00,612.88,613.15,612.77,613.00,12165
AMZN,2016-04-28,14:11:00,613.00,613.00,612.40,612.40,14369
AMZN,2016-04-28,14:12:00,612.39,612.55,612.09,612.55,5498
AMZN,2016-04-28,14:13:00,612.55,613.13,612.42,612.59,6975
AMZN,2016-04-28,14:14:00,612.85,613.13,612.75,612.75,9400
AMZN,2016-04-28,14:15:00,612.83,612.92,612.43,612.89,7417
AMZN,2016-04-28,14:16:00,612.87,612.92,612.49,612.91,8374
AMZN,2016-04-28,14:17:00,613.00,613.04,612.72,613.00,2513
AMZN,2016-04-28,14:18:00,612.82,612.82,612.12,612.61,3033
AMZN,2016-04-28,14:19:00,612.69,612.78,612.53,612.78,4691
AMZN,2016-04-28,14:20:00,612.91,612.91,612.50,612.50,2720
AMZN,2016-04-28,14:21:00,612.55,613.08,612.53,612.88,4584
AMZN,2016-04-28,14:22:00,612.77,613.24,612.76,612.94,5354
AMZN,2016-04-28,14:23:00,612.80,612.93,612.25,612.32,3998
AMZN,2016-04-28,14:24:00,612.32,612.43,611.75,612.41,6537
AMZN,2016-04-28,14:25:00,612.11,612.88,612.11,612.88,1972
AMZN,2016-04-28,14:26:00,612.96,613.32,612.77,613.03,8973
AMZN,2016-04-28,14:27:00,613.03,613.48,612.77,612.77,7350
AMZN,2016-04-28,14:28:00,612.88,612.92,612.74,612.92,6237
AMZN,2016-04-28,14:29:00,612.92,612.92,612.38,612.43,6000
AMZN,2016-04-28,14:30:00,612.44,612.83,612.44,612.80,2125
AMZN,2016-04-28,14:31:00,612.92,613.10,612.63,612.96,10048
AMZN,2016-04-28,14:32:00,612.81,613.32,612.81,613.02,7782
AMZN,2016-04-28,14:33:00,612.99,613.18,612.85,612.85,3400
AMZN,2016-04-28,14:34:00,612.85,613.00,612.78,612.78,1560
AMZN,2016-04-28,14:35:00,612.70,612.93,612.50,612.83,3300
AMZN,2016-04-28,14:36:00,612.66,613.41,612.51,613.28,8972
AMZN,2016-04-28,14:37:00,613.20,613.26,612.50,612.61,11996
AMZN,2016-04-28,14:38:00,612.66,612.66,612.01,612.27,5295
AMZN,2016-04-28,14:39:00,612.30,612.40,611.50,611.59,7689
AMZN,2016-04-28,14:40:00,611.64,611.97,610.72,610.81,6804
AMZN,2016-04-28,14:41:00,610.80,611.03,610.28,610.34,17586
AMZN,2016-04-28,14:42:00,610.50,610.77,609.85,609.96,12259
AMZN,2016-04-28,14:43:00,609.92,610.08,609.23,609.45,13671
AMZN,2016-04-28,14:44:00,609.51,609.74,608.62,608.84,12716
AMZN,2016-04-28,14:45:00,608.83,608.89,607.66,607.70,14834
AMZN,2016-04-28,14:46:00,607.66,607.99,606.00,606.57,44688
AMZN,2016-04-28,14:47:00,606.58,607.39,606.58,607.03,12780
AMZN,2016-04-28,14:48:00,606.96,607.10,605.55,605.55,16350
AMZN,2016-04-28,14:49:00,605.55,605.55,603.72,603.83,47353
AMZN,2016-04-28,14:50:00,603.92,605.50,603.54,605.50,27445
AMZN,2016-04-28,14:51:00,605.25,605.95,605.01,605.64,8805
AMZN,2016-04-28,14:52:00,605.40,606.25,605.04,605.49,11569
AMZN,2016-04-28,14:53:00,605.49,606.00,605.08,605.65,12075
AMZN,2016-04-28,14:54:00,605.48,606.95,605.48,606.74,16293
AMZN,2016-04-28,14:55:00,606.69,606.95,606.50,606.55,10181
AMZN,2016-04-28,14:56:00,606.66,606.85,606.05,606.05,11690
AMZN,2016-04-28,14:57:00,606.69,606.69,606.00,606.01,6851
AMZN,2016-04-28,14:58:00,606.30,607.38,606.30,607.03,9201
AMZN,2016-04-28,14:59:00,607.09,607.80,607.09,607.51,5648
AMZN,2016-04-28,15:00:00,607.92,608.43,607.56,608.43,10470
AMZN,2016-04-28,15:01:00,608.43,608.43,607.58,607.86,16706
AMZN,2016-04-28,15:02:00,607.85,607.92,606.96,607.65,15916
AMZN,2016-04-28,15:03:00,607.65,607.89,607.00,607.49,9869
AMZN,2016-04-28,15:04:00,607.49,608.40,607.05,608.13,14574
AMZN,2016-04-28,15:05:00,608.07,608.07,606.94,607.30,9821
AMZN,2016-04-28,15:06:00,607.56,608.09,607.48,607.67,5597
AMZN,2016-04-28,15:07:00,607.79,608.26,607.18,607.18,11949
AMZN,2016-04-28,15:08:00,607.03,607.69,607.03,607.30,4892
AMZN,2016-04-28,15:09:00,607.39,607.66,607.13,607.44,6640
AMZN,2016-04-28,15:10:00,607.26,607.52,607.00,607.00,6826
AMZN,2016-04-28,15:11:00,607.00,607.13,606.05,606.60,9731
AMZN,2016-04-28,15:12:00,606.23,606.75,606.05,606.26,5890
AMZN,2016-04-28,15:13:00,606.61,606.62,606.10,606.48,5160
AMZN,2016-04-28,15:14:00,606.31,606.40,605.10,605.60,18100
AMZN,2016-04-28,15:15:00,605.45,611.91,605.00,605.01,19367
AMZN,2016-04-28,15:16:00,605.01,605.49,604.67,605.49,19461
AMZN,2016-04-28,15:17:00,605.32,605.32,604.68,604.73,15694
AMZN,2016-04-28,15:18:00,604.80,605.53,604.80,605.45,9893
AMZN,2016-04-28,15:19:00,605.58,605.60,604.29,604.38,20224
AMZN,2016-04-28,15:20:00,604.35,605.20,604.12,604.74,15785
AMZN,2016-04-28,15:21:00,604.81,605.05,604.62,604.93,23289
AMZN,2016-04-28,15:22:00,604.85,604.85,603.70,604.25,19758
AMZN,2016-04-28,15:23:00,604.45,604.47,603.53,604.04,36005
AMZN,2016-04-28,15:24:00,604.22,604.67,603.81,603.91,15718
AMZN,2016-04-28,15:25:00,604.02,604.25,603.66,603.86,5742
AMZN,2016-04-28,15:26:00,603.90,603.90,602.20,602.95,32084
AMZN,2016-04-28,15:27:00,602.62,603.58,602.62,602.95,14194
AMZN,2016-04-28,15:28:00,603.11,603.88,602.35,603.88,26220
AMZN,2016-04-28,15:29:00,603.59,604.13,602.95,603.22,14706
AMZN,2016-04-28,15:30:00,603.23,603.34,602.55,602.75,12567
AMZN,2016-04-28,15:31:00,603.02,603.90,602.85,603.67,12703
AMZN,2016-04-28,15:32:00,603.49,604.51,603.26,604.51,13770
AMZN,2016-04-28,15:33:00,604.50,604.50,603.37,604.09,16583
AMZN,2016-04-28,15:34:00,604.22,604.66,603.85,604.55,9686
AMZN,2016-04-28,15:35:00,604.32,604.55,603.78,604.37,13146
AMZN,2016-04-28,15:36:00,604.38,604.67,603.85,604.31,21424
AMZN,2016-04-28,15:37:00,604.46,605.00,604.46,604.81,19230
AMZN,2016-04-28,15:38:00,604.72,604.84,604.00,604.50,20968
AMZN,2016-04-28,15:39:00,604.31,604.72,604.22,604.67,16654
AMZN,2016-04-28,15:40:00,604.60,604.87,604.12,604.38,9656
AMZN,2016-04-28,15:41:00,604.11,605.58,604.11,605.58,18039
AMZN,2016-04-28,15:42:00,605.26,605.48,604.26,605.23,18013
AMZN,2016-04-28,15:43:00,605.04,605.12,604.36,604.67,16004
AMZN,2016-04-28,15:44:00,604.77,605.04,604.46,604.86,13552
AMZN,2016-04-28,15:45:00,604.85,604.91,604.38,604.84,8979
AMZN,2016-04-28,15:46:00,604.92,605.12,604.60,605.12,10699
AMZN,2016-04-28,15:47:00,605.05,605.80,605.00,605.26,42357
AMZN,2016-04-28,15:48:00,605.23,605.67,604.89,604.89,15623
AMZN,2016-04-28,15:49:00,605.01,605.06,604.25,604.43,16336
AMZN,2016-04-28,15:50:00,604.40,604.65,603.25,603.41,30205
AMZN,2016-04-28,15:51:00,603.40,603.68,602.26,602.53,36406
AMZN,2016-04-28,15:52:00,602.65,602.94,602.12,602.51,21841
AMZN,2016-04-28,15:53:00,602.67,602.69,601.30,601.35,33006
AMZN,2016-04-28,15:54:00,601.36,601.67,600.60,600.67,35177
AMZN,2016-04-28,15:55:00,600.80,601.11,600.26,600.79,31393
AMZN,2016-04-28,15:56:00,600.74,600.74,599.20,599.51,61946
AMZN,2016-04-28,15:57:00,599.77,600.88,599.75,600.39,26000
AMZN,2016-04-28,15:58:00,600.52,600.96,600.08,600.92,32668
AMZN,2016-04-28,15:59:00,600.76,603.58,600.75,603.43,47992
AMZN,2016-04-28,16:00:00,603.33,604.28,602.00,602.00,140086
AMZN,2016-04-29,09:30:00,666.00,666.00,665.55,665.81,219408
AMZN,2016-04-29,09:31:00,665.95,669.98,662.24,662.24,251058
AMZN,2016-04-29,09:32:00,662.24,664.47,659.31,660.58,212839
AMZN,2016-04-29,09:33:00,660.42,662.00,658.00,661.44,143109
AMZN,2016-04-29,09:34:00,660.99,661.94,658.85,660.00,111346
AMZN,2016-04-29,09:35:00,660.43,662.99,658.30,662.23,167413
AMZN,2016-04-29,09:36:00,662.24,664.00,661.79,662.54,177050
AMZN,2016-04-29,09:37:00,661.93,664.00,661.93,664.00,89958
AMZN,2016-04-29,09:38:00,663.92,665.50,663.00,665.50,107912
AMZN,2016-04-29,09:39:00,665.50,667.50,664.59,667.20,98382
AMZN,2016-04-29,09:40:00,667.45,667.68,665.82,667.23,85890
AMZN,2016-04-29,09:41:00,667.29,669.00,666.42,667.68,86247
AMZN,2016-04-29,09:42:00,667.35,668.29,665.07,665.34,69635
AMZN,2016-04-29,09:43:00,665.70,665.70,661.20,662.51,55470
AMZN,2016-04-29,09:44:00,662.53,663.27,661.80,662.20,47800
AMZN,2016-04-29,09:45:00,662.33,663.20,660.80,661.16,56613
AMZN,2016-04-29,09:46:00,661.11,662.13,660.80,661.47,42692
AMZN,2016-04-29,09:47:00,661.47,661.67,659.00,659.91,62758
AMZN,2016-04-29,09:48:00,659.83,660.49,658.83,659.62,55351
AMZN,2016-04-29,09:49:00,659.81,660.33,658.92,659.62,36389
AMZN,2016-04-29,09:50:00,659.41,660.64,658.90,660.15,39642
AMZN,2016-04-29,09:51:00,659.92,660.19,658.62,659.11,40717
AMZN,2016-04-29,09:52:00,659.01,659.10,657.00,657.33,56625
AMZN,2016-04-29,09:53:00,657.15,660.85,657.06,660.54,64635
AMZN,2016-04-29,09:54:00,660.77,660.77,659.20,659.32,35149
AMZN,2016-04-29,09:55:00,659.51,661.74,659.33,661.51,39299
AMZN,2016-04-29,09:56:00,661.45,663.29,661.44,662.62,51702
AMZN,2016-04-29,09:57:00,662.56,662.56,661.22,662.22,64020
AMZN,2016-04-29,09:58:00,662.01,662.50,660.19,660.97,39518
AMZN,2016-04-29,09:59:00,661.05,661.15,659.29,659.57,37480
AMZN,2016-04-29,10:00:00,659.69,660.00,659.21,659.82,19295
AMZN,2016-04-29,10:01:00,659.65,660.48,658.90,660.17,51463
AMZN,2016-04-29,10:02:00,659.79,661.36,659.54,660.26,35899
AMZN,2016-04-29,10:03:00,659.56,661.00,659.56,660.30,21406
AMZN,2016-04-29,10:04:00,660.16,662.75,659.98,662.44,55300
AMZN,2016-04-29,10:05:00,662.49,663.00,661.10,661.12,39364
AMZN,2016-04-29,10:06:00,661.77,661.77,660.50,660.66,18533
AMZN,2016-04-29,10:07:00,660.78,660.78,660.02,660.58,20222
AMZN,2016-04-29,10:08:00,660.69,661.16,659.68,660.83,29805
AMZN,2016-04-29,10:09:00,660.80,662.46,660.80,661.44,27809
AMZN,2016-04-29,10:10:00,661.14,662.00,661.06,661.98,13871
AMZN,2016-04-29,10:11:00,661.92,661.92,660.88,661.60,13203
AMZN,2016-04-29,10:12:00,661.81,662.22,660.46,660.71,28632
AMZN,2016-04-29,10:13:00,660.51,660.51,659.00,659.65,52682
AMZN,2016-04-29,10:14:00,659.65,660.36,659.14,659.25,16351
AMZN,2016-04-29,10:15:00,659.18,659.18,655.61,656.90,61259
AMZN,2016-04-29,10:16:00,656.91,657.16,654.50,654.89,52492
AMZN,2016-04-29,10:17:00,654.99,655.99,654.55,655.99,45023
AMZN,2016-04-29,10:18:00,655.85,657.80,655.58,657.44,44453
AMZN,2016-04-29,10:19:00,657.16,657.91,655.50,655.73,33986
AMZN,2016-04-29,10:20:00,655.49,656.75,654.77,656.27,30086
AMZN,2016-04-29,10:21:00,656.57,657.42,656.08,657.32,22287
AMZN,2016-04-29,10:22:00,657.02,658.30,657.02,657.24,23920
AMZN,2016-04-29,10:23:00,657.14,658.30,657.04,658.00,21574
AMZN,2016-04-29,10:24:00,658.01,659.80,657.79,658.62,24044
AMZN,2016-04-29,10:25:00,658.80,659.44,658.58,658.72,9824
AMZN,2016-04-29,10:26:00,659.08,659.71,658.22,659.39,14352
AMZN,2016-04-29,10:27:00,659.41,660.29,658.77,659.24,27849
AMZN,2016-04-29,10:28:00,658.99,659.68,658.15,659.48,16131
AMZN,2016-04-29,10:29:00,658.85,660.77,658.72,660.77,21144
AMZN,2016-04-29,10:30:00,660.90,661.50,659.87,660.99,32523
AMZN,2016-04-29,10:31:00,660.77,662.22,660.77,661.94,40125
AMZN,2016-04-29,10:32:00,661.71,661.79,659.60,659.90,25418
AMZN,2016-04-29,10:33:00,659.80,660.38,659.58,660.09,21761
AMZN,2016-04-29,10:34:00,660.08,660.60,659.84,660.32,19265
AMZN,2016-04-29,10:35:00,660.44,661.00,660.31,660.83,13800
AMZN,2016-04-29,10:36:00,660.73,661.55,660.32,661.45,17251
AMZN,2016-04-29,10:37:00,661.38,661.77,661.00,661.27,19972
AMZN,2016-04-29,10:38:00,661.33,662.00,661.00,661.89,28425
AMZN,2016-04-29,10:39:00,661.91,662.21,661.42,661.97,33430
AMZN,2016-04-29,10:40:00,661.81,662.20,661.00,661.77,13996
AMZN,2016-04-29,10:41:00,661.61,661.82,660.53,660.92,17119
AMZN,2016-04-29,10:42:00,660.82,661.55,660.65,660.88,19632
AMZN,2016-04-29,10:43:00,660.80,660.96,659.74,659.84,29360
AMZN,2016-04-29,10:44:00,660.04,660.07,658.75,659.05,19968
AMZN,2016-04-29,10:45:00,659.04,659.95,658.92,659.34,11104
AMZN,2016-04-29,10:46:00,659.38,659.85,658.83,659.85,8250
AMZN,2016-04-29,10:47:00,659.85,660.55,659.55,660.34,36064
AMZN,2016-04-29,10:48:00,660.34,660.60,659.53,659.53,12740
AMZN,2016-04-29,10:49:00,659.64,660.95,659.62,660.69,21493
AMZN,2016-04-29,10:50:00,660.41,660.95,660.31,660.36,17150
AMZN,2016-04-29,10:51:00,660.35,661.70,660.22,660.36,31062
AMZN,2016-04-29,10:52:00,660.35,661.00,660.17,660.47,14097
AMZN,2016-04-29,10:53:00,660.72,661.36,660.03,660.46,39701
AMZN,2016-04-29,10:54:00,660.76,661.27,660.47,661.06,18842
AMZN,2016-04-29,10:55:00,661.37,661.94,660.90,661.06,17512
AMZN,2016-04-29,10:56:00,661.13,662.90,661.00,662.90,39305
AMZN,2016-04-29,10:57:00,662.79,663.50,661.61,661.63,59369
AMZN,2016-04-29,10:58:00,661.62,662.40,661.12,662.40,13800
AMZN,2016-04-29,10:59:00,662.27,662.73,661.01,661.19,10704
AMZN,2016-04-29,11:00:00,661.29,662.40,661.23,662.01,11954
AMZN,2016-04-29,11:01:00,661.89,662.06,660.79,661.79,12011
AMZN,2016-04-29,11:02:00,662.00,662.40,660.58,660.58,16882
AMZN,2016-04-29,11:03:00,660.75,660.77,658.70,659.26,22611
AMZN,2016-04-29,11:04:00,659.40,660.39,659.28,660.10,11915
AMZN,2016-04-29,11:05:00,659.85,661.36,659.77,660.79,15294
AMZN,2016-04-29,11:06:00,661.00,661.95,660.82,661.58,12119
AMZN,2016-04-29,11:07:00,661.53,661.77,660.99,661.55,7821
AMZN,2016-04-29,11:08:00,661.67,662.19,661.51,662.18,12901
AMZN,2016-04-29,11:09:00,661.96,662.00,661.50,661.84,26769
AMZN,2016-04-29,11:10:00,661.87,662.80,661.11,662.80,33366
AMZN,2016-04-29,11:11:00,662.46,662.59,661.00,661.05,14100
AMZN,2016-04-29,11:12:00,661.17,662.10,661.17,661.99,14227
AMZN,2016-04-29,11:13:00,661.78,662.16,661.56,661.59,9720
AMZN,2016-04-29,11:14:00,661.58,662.38,661.58,662.19,8704
AMZN,2016-04-29,11:15:00,662.12,663.81,661.88,663.80,30634
AMZN,2016-04-29,11:16:00,663.88,664.09,662.30,662.76,31991
AMZN,2016-04-29,11:17:00,662.57,662.98,661.74,661.97,8592
AMZN,2016-04-29,11:18:00,661.95,662.46,661.78,662.40,9062
AMZN,2016-04-29,11:19:00,662.41,662.65,661.95,662.00,12008
AMZN,2016-04-29,11:20:00,662.00,662.53,661.95,662.19,11026
AMZN,2016-04-29,11:21:00,662.01,662.16,661.00,661.15,14093
AMZN,2016-04-29,11:22:00,661.45,661.46,660.83,660.99,14956
AMZN,2016-04-29,11:23:00,661.15,661.19,659.62,660.26,15879
AMZN,2016-04-29,11:24:00,660.20,660.25,659.65,660.05,6468
AMZN,2016-04-29,11:25:00,660.00,660.23,659.50,660.00,10626
AMZN,2016-04-29,11:26:00,659.87,660.15,659.57,659.57,13207
AMZN,2016-04-29,11:27:00,659.57,659.84,659.01,659.01,15518
AMZN,2016-04-29,11:28:00,659.15,659.95,659.15,659.83,12826
AMZN,2016-04-29,11:29:00,659.83,659.84,659.45,659.73,3448
AMZN,2016-04-29,11:30:00,659.42,659.51,658.67,658.94,17993
AMZN,2016-04-29,11:31:00,659.12,659.21,658.08,658.22,11986
AMZN,2016-04-29,11:32:00,658.35,658.69,657.82,657.82,14039
AMZN,2016-04-29,11:33:00,658.08,659.20,658.00,658.36,15435
AMZN,2016-04-29,11:34:00,658.44,659.00,658.20,658.80,10648
AMZN,2016-04-29,11:35:00,658.82,659.24,658.71,658.96,10025
AMZN,2016-04-29,11:36:00,659.05,659.23,658.86,659.07,6840
AMZN,2016-04-29,11:37:00,658.97,659.21,658.65,659.06,10191
AMZN,2016-04-29,11:38:00,659.17,659.22,658.01,658.20,9103
AMZN,2016-04-29,11:39:00,658.02,658.97,657.79,658.70,9353
AMZN,2016-04-29,11:40:00,658.51,661.00,658.51,660.26,22858
AMZN,2016-04-29,11:41:00,660.02,660.16,659.29,659.36,5804
AMZN,2016-04-29,11:42:00,659.43,660.26,659.41,660.12,7010
AMZN,2016-04-29,11:43:00,660.12,660.22,659.51,659.72,8077
AMZN,2016-04-29,11:44:00,659.66,659.69,658.28,658.61,13010
AMZN,2016-04-29,11:45:00,658.61,658.61,657.50,658.30,11176
AMZN,2016-04-29,11:46:00,658.16,658.60,658.15,658.42,5956
AMZN,2016-04-29,11:47:00,658.16,658.30,657.21,657.62,12930
AMZN,2016-04-29,11:48:00,657.32,657.77,656.67,657.58,12687
AMZN,2016-04-29,11:49:00,657.78,658.61,657.71,658.61,13244
AMZN,2016-04-29,11:50:00,658.48,659.09,658.17,658.90,10924
AMZN,2016-04-29,11:51:00,658.55,658.77,658.00,658.50,10706
AMZN,2016-04-29,11:52:00,658.50,659.29,658.50,658.57,11105
AMZN,2016-04-29,11:53:00,659.20,659.66,658.85,658.88,9428
AMZN,2016-04-29,11:54:00,658.89,659.62,658.50,659.62,7606
AMZN,2016-04-29,11:55:00,659.63,659.63,658.72,658.97,9288
AMZN,2016-04-29,11:56:00,658.97,660.29,658.97,660.29,9727
AMZN,2016-04-29,11:57:00,660.24,660.24,658.88,658.88,4320
AMZN,2016-04-29,11:58:00,659.30,659.71,658.40,658.40,5924
AMZN,2016-04-29,11:59:00,658.72,658.91,657.73,657.88,7433
AMZN,2016-04-29,12:00:00,657.89,658.15,657.28,658.15,7298
AMZN,2016-04-29,12:01:00,658.01,658.39,657.48,657.73,5306
AMZN,2016-04-29,12:02:00,657.80,657.99,657.28,657.44,5050
AMZN,2016-04-29,12:03:00,657.57,657.57,656.25,656.47,22639
AMZN,2016-04-29,12:04:00,656.38,656.77,655.66,655.66,19701
AMZN,2016-04-29,12:05:00,656.05,656.76,655.80,656.67,22837
AMZN,2016-04-29,12:06:00,656.64,657.21,656.51,657.21,11072
AMZN,2016-04-29,12:07:00,656.95,657.95,656.90,657.51,6872
AMZN,2016-04-29,12:08:00,657.28,658.14,657.19,657.69,12897
AMZN,2016-04-29,12:09:00,657.72,657.72,656.73,656.93,5512
AMZN,2016-04-29,12:10:00,656.55,656.80,656.11,656.32,6618
AMZN,2016-04-29,12:11:00,656.38,656.44,655.85,655.95,9325
AMZN,2016-04-29,12:12:00,656.20,656.34,655.36,655.99,15994
AMZN,2016-04-29,12:13:00,656.16,656.39,655.20,655.30,8244
AMZN,2016-04-29,12:14:00,655.55,655.65,654.80,655.19,33946
AMZN,2016-04-29,12:15:00,655.36,655.61,654.44,654.44,23742
AMZN,2016-04-29,12:16:00,654.48,655.74,654.40,655.43,29349
AMZN,2016-04-29,12:17:00,655.56,656.18,655.39,655.63,11723
AMZN,2016-04-29,12:18:00,655.56,656.20,655.36,655.51,6907
AMZN,2016-04-29,12:19:00,655.54,655.75,655.26,655.42,2610
AMZN,2016-04-29,12:20:00,655.42,656.47,655.01,656.04,13968
AMZN,2016-04-29,12:21:00,656.00,657.00,656.00,656.86,14302
AMZN,2016-04-29,12:22:00,657.00,657.46,656.61,656.83,8229
AMZN,2016-04-29,12:23:00,656.96,657.24,656.60,657.20,8935
AMZN,2016-04-29,12:24:00,657.24,657.24,656.50,656.77,12010
AMZN,2016-04-29,12:25:00,656.97,656.97,655.84,656.00,12217
AMZN,2016-04-29,12:26:00,655.79,655.98,655.30,655.60,9183
AMZN,2016-04-29,12:27:00,655.73,656.01,655.24,655.29,5451
AMZN,2016-04-29,12:28:00,655.34,656.47,655.34,656.47,4384
AMZN,2016-04-29,12:29:00,656.34,656.48,655.88,655.88,3630
AMZN,2016-04-29,12:30:00,655.74,656.38,655.09,655.89,6747
AMZN,2016-04-29,12:31:00,655.60,656.22,655.27,655.76,4087
AMZN,2016-04-29,12:32:00,655.35,655.98,655.35,655.81,5199
AMZN,2016-04-29,12:33:00,655.76,656.13,655.76,655.92,7376
AMZN,2016-04-29,12:34:00,656.22,656.61,656.07,656.54,6525
AMZN,2016-04-29,12:35:00,656.66,656.68,655.95,655.98,3147
AMZN,2016-04-29,12:36:00,655.95,655.96,654.00,654.26,16114
AMZN,2016-04-29,12:37:00,654.17,655.67,654.10,655.51,9909
AMZN,2016-04-29,12:38:00,655.66,656.17,655.37,656.05,3674
AMZN,2016-04-29,12:39:00,655.80,656.59,655.80,656.59,10544
AMZN,2016-04-29,12:40:00,656.54,656.80,656.34,656.35,4713
AMZN,2016-04-29,12:41:00,656.20,656.47,656.06,656.42,4940
AMZN,2016-04-29,12:42:00,656.34,657.00,656.32,656.56,4957
AMZN,2016-04-29,12:43:00,656.59,657.15,656.51,657.09,6843
AMZN,2016-04-29,12:44:00,657.16,657.86,657.00,657.86,15846
AMZN,2016-04-29,12:45:00,657.82,657.82,657.16,657.30,8615
AMZN,2016-04-29,12:46:00,657.18,657.52,657.18,657.45,6275
AMZN,2016-04-29,12:47:00,657.36,657.54,657.05,657.54,6413
AMZN,2016-04-29,12:48:00,657.54,658.43,657.48,658.19,11254
AMZN,2016-04-29,12:49:00,658.20,658.55,657.83,658.32,5518
AMZN,2016-04-29,12:50:00,658.46,658.98,657.88,658.97,9392
AMZN,2016-04-29,12:51:00,658.75,659.75,658.72,659.00,10266
AMZN,2016-04-29,12:52:00,659.06,659.16,658.87,659.00,6020
AMZN,2016-04-29,12:53:00,658.86,659.25,658.64,659.03,9136
AMZN,2016-04-29,12:54:00,659.15,659.37,658.90,658.91,4722
AMZN,2016-04-29,12:55:00,659.01,659.03,658.42,658.51,2800
AMZN,2016-04-29,12:56:00,658.48,658.60,657.55,657.83,6900
AMZN,2016-04-29,12:57:00,657.59,657.80,657.29,657.32,5137
AMZN,2016-04-29,12:58:00,657.32,657.86,657.18,657.67,7876
AMZN,2016-04-29,12:59:00,657.38,658.56,657.38,658.56,6551
AMZN,2016-04-29,13:00:00,658.56,658.60,658.33,658.33,4400
AMZN,2016-04-29,13:01:00,658.56,658.56,657.72,657.81,5195
AMZN,2016-04-29,13:02:00,658.12,658.17,657.71,657.77,2152
AMZN,2016-04-29,13:03:00,657.86,658.14,657.79,658.10,1577
AMZN,2016-04-29,13:04:00,657.81,658.66,657.81,658.43,3072
AMZN,2016-04-29,13:05:00,658.65,658.65,658.06,658.12,3502
AMZN,2016-04-29,13:06:00,658.12,658.50,658.01,658.24,6834
AMZN,2016-04-29,13:07:00,658.27,659.30,658.27,659.17,5522
AMZN,2016-04-29,13:08:00,659.06,659.73,658.89,659.73,20930
AMZN,2016-04-29,13:09:00,659.49,659.97,659.20,659.40,14009
AMZN,2016-04-29,13:10:00,659.07,659.95,659.07,659.93,4565
AMZN,2016-04-29,13:11:00,659.75,659.95,659.12,659.14,5975
AMZN,2016-04-29,13:12:00,659.34,659.55,659.11,659.32,5035
AMZN,2016-04-29,13:13:00,659.38,660.30,659.38,659.96,19280
AMZN,2016-04-29,13:14:00,659.78,660.20,659.51,660.17,3950
AMZN,2016-04-29,13:15:00,660.10,660.80,660.09,660.09,9730
AMZN,2016-04-29,13:16:00,660.27,660.38,659.50,659.50,5019
AMZN,2016-04-29,13:17:00,659.55,659.66,659.29,659.29,6109
AMZN,2016-04-29,13:18:00,659.42,659.85,659.32,659.85,5568
AMZN,2016-04-29,13:19:00,659.88,660.17,659.34,659.34,7669
AMZN,2016-04-29,13:20:00,659.51,660.11,659.35,660.00,8726
AMZN,2016-04-29,13:21:00,659.99,660.20,659.27,659.27,4978
AMZN,2016-04-29,13:22:00,659.24,659.47,658.58,659.14,8375
AMZN,2016-04-29,13:23:00,659.21,659.49,659.12,659.12,2900
AMZN,2016-04-29,13:24:00,658.80,659.29,658.78,659.29,2900
AMZN,2016-04-29,13:25:00,659.49,659.96,659.22,659.80,3701
AMZN,2016-04-29,13:26:00,659.68,659.68,659.03,659.44,2668
AMZN,2016-04-29,13:27:00,659.33,659.61,658.97,659.08,4974
AMZN,2016-04-29,13:28:00,659.12,659.23,658.74,658.95,5983
AMZN,2016-04-29,13:29:00,658.65,658.72,658.16,658.40,5984
AMZN,2016-04-29,13:30:00,658.39,658.60,658.03,658.48,3015
AMZN,2016-04-29,13:31:00,658.12,659.12,658.12,658.71,4550
AMZN,2016-04-29,13:32:00,659.04,659.04,658.01,658.01,4806
AMZN,2016-04-29,13:33:00,658.01,658.50,657.52,658.50,8705
AMZN,2016-04-29,13:34:00,658.42,658.65,658.12,658.39,4460
AMZN,2016-04-29,13:35:00,658.27,659.00,658.16,658.88,7094
AMZN,2016-04-29,13:36:00,658.94,658.97,658.65,658.65,3595
AMZN,2016-04-29,13:37:00,658.90,659.38,658.80,659.38,8231
AMZN,2016-04-29,13:38:00,659.36,659.38,658.11,658.29,5290
AMZN,2016-04-29,13:39:00,658.37,658.45,657.89,657.89,958
AMZN,2016-04-29,13:40:00,657.83,658.32,657.70,658.16,5795
AMZN,2016-04-29,13:41:00,658.45,658.45,657.60,657.63,6900
AMZN,2016-04-29,13:42:00,657.63,657.94,657.46,657.94,3602
AMZN,2016-04-29,13:43:00,657.52,657.73,657.41,657.50,2750
AMZN,2016-04-29,13:44:00,657.45,657.67,656.52,656.54,9668
AMZN,2016-04-29,13:45:00,656.52,657.23,656.41,657.15,7120
AMZN,2016-04-29,13:46:00,656.86,657.00,656.26,656.38,5072
AMZN,2016-04-29,13:47:00,656.43,656.93,656.17,656.78,7963
AMZN,2016-04-29,13:48:00,656.61,657.04,656.42,656.96,5927
AMZN,2016-04-29,13:49:00,657.16,657.54,656.73,657.23,12731
AMZN,2016-04-29,13:50:00,657.40,657.40,656.99,657.06,10105
AMZN,2016-04-29,13:51:00,657.15,657.38,657.05,657.28,13653
AMZN,2016-04-29,13:52:00,657.25,657.48,656.83,656.83,10123
AMZN,2016-04-29,13:53:00,657.03,657.12,656.71,656.71,5915
AMZN,2016-04-29,13:54:00,656.91,657.40,656.91,657.12,3950
AMZN,2016-04-29,13:55:00,657.00,657.27,656.90,656.90,3161
AMZN,2016-04-29,13:56:00,656.84,656.89,656.25,656.36,6035
AMZN,2016-04-29,13:57:00,656.25,656.84,656.01,656.52,11897
AMZN,2016-04-29,13:58:00,656.50,656.66,656.30,656.66,4771
AMZN,2016-04-29,13:59:00,656.64,656.83,656.19,656.76,3500
AMZN,2016-04-29,14:00:00,656.60,656.75,656.22,656.51,4985
AMZN,2016-04-29,14:01:00,656.37,656.74,656.35,656.73,6069
AMZN,2016-04-29,14:02:00,656.90,657.19,656.55,656.59,4343
AMZN,2016-04-29,14:03:00,656.55,657.00,656.38,656.89,3027
AMZN,2016-04-29,14:04:00,656.80,656.89,656.43,656.53,7994
AMZN,2016-04-29,14:05:00,656.44,656.88,656.43,656.85,2965
AMZN,2016-04-29,14:06:00,656.59,656.69,656.16,656.25,4922
AMZN,2016-04-29,14:07:00,656.16,656.16,655.63,655.71,7773
AMZN,2016-04-29,14:08:00,655.67,655.67,654.80,655.00,9944
AMZN,2016-04-29,14:09:00,654.78,655.40,654.72,655.30,4280
AMZN,2016-04-29,14:10:00,655.22,655.44,654.68,654.69,7812
AMZN,2016-04-29,14:11:00,654.83,655.28,654.70,655.00,5381
AMZN,2016-04-29,14:12:00,655.00,655.35,654.77,654.77,6318
AMZN,2016-04-29,14:13:00,654.80,655.25,654.80,655.16,5307
AMZN,2016-04-29,14:14:00,655.02,655.23,654.80,654.81,2500
AMZN,2016-04-29,14:15:00,654.83,655.30,654.83,654.91,5380
AMZN,2016-04-29,14:16:00,654.97,655.18,654.66,655.18,6023
AMZN,2016-04-29,14:17:00,654.94,654.95,654.48,654.79,7375
AMZN,2016-04-29,14:18:00,654.85,655.29,654.68,655.01,4276
AMZN,2016-04-29,14:19:00,655.00,655.78,655.00,655.64,4655
AMZN,2016-04-29,14:20:00,655.65,656.40,655.51,655.93,11940
AMZN,2016-04-29,14:21:00,655.91,655.95,655.64,655.90,10233
AMZN,2016-04-29,14:22:00,655.93,656.50,655.73,656.47,13205
AMZN,2016-04-29,14:23:00,656.28,656.73,656.16,656.39,7704
AMZN,2016-04-29,14:24:00,656.65,656.75,656.41,656.56,2600
AMZN,2016-04-29,14:25:00,656.70,656.95,656.42,656.43,6895
AMZN,2016-04-29,14:26:00,656.45,656.45,655.74,656.38,2900
AMZN,2016-04-29,14:27:00,656.40,656.62,656.15,656.34,2130
AMZN,2016-04-29,14:28:00,656.31,656.67,655.83,656.60,4603
AMZN,2016-04-29,14:29:00,656.63,656.98,656.62,656.80,4080
AMZN,2016-04-29,14:30:00,656.98,657.48,656.64,656.78,6613
AMZN,2016-04-29,14:31:00,656.76,656.99,656.53,656.99,5300
AMZN,2016-04-29,14:32:00,656.87,656.87,655.96,655.96,4181
AMZN,2016-04-29,14:33:00,656.05,656.58,655.63,656.42,4777
AMZN,2016-04-29,14:34:00,656.49,656.63,656.23,656.55,1475
AMZN,2016-04-29,14:35:00,656.40,656.99,656.40,656.98,4100
AMZN,2016-04-29,14:36:00,657.05,657.05,655.27,655.27,9712
AMZN,2016-04-29,14:37:00,655.40,655.40,655.00,655.26,8119
AMZN,2016-04-29,14:38:00,655.00,655.38,654.60,655.19,7494
AMZN,2016-04-29,14:39:00,655.00,655.32,654.55,654.60,10725
AMZN,2016-04-29,14:40:00,654.68,655.19,654.20,654.30,10741
AMZN,2016-04-29,14:41:00,654.17,655.04,654.17,655.02,4895
AMZN,2016-04-29,14:42:00,654.90,654.98,654.15,654.60,15564
AMZN,2016-04-29,14:43:00,654.76,654.83,654.09,654.09,9637
AMZN,2016-04-29,14:44:00,654.24,654.80,654.00,654.69,14989
AMZN,2016-04-29,14:45:00,654.52,655.16,654.44,655.05,8502
AMZN,2016-04-29,14:46:00,655.02,655.33,654.63,655.25,9616
AMZN,2016-04-29,14:47:00,655.19,655.98,655.15,655.96,11640
AMZN,2016-04-29,14:48:00,655.98,656.36,655.72,656.20,4535
AMZN,2016-04-29,14:49:00,656.26,656.75,656.20,656.60,12961
AMZN,2016-04-29,14:50:00,656.66,657.37,656.60,657.07,12734
AMZN,2016-04-29,14:51:00,657.27,657.52,657.05,657.27,11248
AMZN,2016-04-29,14:52:00,657.11,657.35,657.09,657.13,5144
AMZN,2016-04-29,14:53:00,657.18,657.43,656.96,657.10,9510
AMZN,2016-04-29,14:54:00,657.14,657.44,656.83,657.27,8764
AMZN,2016-04-29,14:55:00,657.35,657.56,656.89,657.56,9589
AMZN,2016-04-29,14:56:00,657.54,658.13,657.54,657.61,17437
AMZN,2016-04-29,14:57:00,657.63,657.79,656.21,656.39,16871
AMZN,2016-04-29,14:58:00,656.55,656.89,656.45,656.69,4210
AMZN,2016-04-29,14:59:00,656.67,657.15,656.54,656.54,4090
AMZN,2016-04-29,15:00:00,656.69,656.69,656.11,656.37,2399
AMZN,2016-04-29,15:01:00,656.45,656.81,655.60,656.56,8389
AMZN,2016-04-29,15:02:00,656.58,657.20,656.53,657.08,7995
AMZN,2016-04-29,15:03:00,657.14,657.37,656.56,656.56,4500
AMZN,2016-04-29,15:04:00,656.35,656.97,656.35,656.63,3872
AMZN,2016-04-29,15:05:00,656.56,656.96,656.54,656.74,2847
AMZN,2016-04-29,15:06:00,656.61,656.61,656.05,656.43,3600
AMZN,2016-04-29,15:07:00,656.43,656.99,656.06,656.86,15847
AMZN,2016-04-29,15:08:00,656.82,657.15,656.72,656.92,3470
AMZN,2016-04-29,15:09:00,656.96,657.37,656.52,656.87,7834
AMZN,2016-04-29,15:10:00,656.83,657.56,656.82,656.82,7785
AMZN,2016-04-29,15:11:00,656.82,657.15,656.12,656.15,8040
AMZN,2016-04-29,15:12:00,656.14,656.96,655.75,656.95,9769
AMZN,2016-04-29,15:13:00,656.94,657.24,656.75,657.10,7890
AMZN,2016-04-29,15:14:00,657.11,657.45,656.95,656.95,8801
AMZN,2016-04-29,15:15:00,657.11,657.70,656.97,657.05,7655
AMZN,2016-04-29,15:16:00,657.08,657.46,656.96,657.21,4670
AMZN,2016-04-29,15:17:00,657.25,657.45,656.96,656.97,3200
AMZN,2016-04-29,15:18:00,657.29,657.37,656.89,657.00,4761
AMZN,2016-04-29,15:19:00,657.13,657.85,657.11,657.34,8337
AMZN,2016-04-29,15:20:00,657.51,657.75,657.37,657.75,4388
AMZN,2016-04-29,15:21:00,657.90,657.94,657.27,657.67,8403
AMZN,2016-04-29,15:22:00,657.53,658.09,657.31,657.99,13620
AMZN,2016-04-29,15:23:00,658.03,658.84,658.00,658.67,14656
AMZN,2016-04-29,15:24:00,658.80,659.00,658.08,658.17,13824
AMZN,2016-04-29,15:25:00,658.15,658.67,658.15,658.42,9913
AMZN,2016-04-29,15:26:00,658.39,658.58,658.27,658.44,5958
AMZN,2016-04-29,15:27:00,658.48,658.85,658.22,658.36,9967
AMZN,2016-04-29,15:28:00,658.15,658.51,657.83,658.17,12224
AMZN,2016-04-29,15:29:00,658.07,658.37,656.77,656.87,10543
AMZN,2016-04-29,15:30:00,657.16,657.36,656.78,656.87,5704
AMZN,2016-04-29,15:31:00,656.99,657.87,656.98,657.65,6827
AMZN,2016-04-29,15:32:00,657.62,657.73,657.14,657.42,7300
AMZN,2016-04-29,15:33:00,657.42,658.55,657.42,658.48,9645
AMZN,2016-04-29,15:34:00,658.57,658.84,658.19,658.38,10459
AMZN,2016-04-29,15:35:00,658.55,658.94,658.44,658.81,9165
AMZN,2016-04-29,15:36:00,658.73,659.02,658.44,658.44,12037
AMZN,2016-04-29,15:37:00,658.47,658.73,657.90,658.00,15512
AMZN,2016-04-29,15:38:00,658.01,658.38,658.00,658.20,9068
AMZN,2016-04-29,15:39:00,658.05,658.47,657.99,658.42,9860
AMZN,2016-04-29,15:40:00,658.40,658.60,657.98,658.32,8046
AMZN,2016-04-29,15:41:00,658.33,658.88,658.30,658.77,9873
AMZN,2016-04-29,15:42:00,658.80,658.98,658.43,658.56,14848
AMZN,2016-04-29,15:43:00,658.83,659.17,658.69,659.13,15979
AMZN,2016-04-29,15:44:00,659.20,659.67,659.04,659.53,17519
AMZN,2016-04-29,15:45:00,659.53,660.18,659.48,660.01,25758
AMZN,2016-04-29,15:46:00,660.00,660.31,659.78,660.05,28041
AMZN,2016-04-29,15:47:00,660.04,660.24,659.65,660.02,17379
AMZN,2016-04-29,15:48:00,659.89,660.20,659.54,659.63,21524
AMZN,2016-04-29,15:49:00,659.59,659.95,659.08,659.12,19537
AMZN,2016-04-29,15:50:00,659.07,659.67,658.76,659.53,20678
AMZN,2016-04-29,15:51:00,659.57,660.06,659.41,660.00,32743
AMZN,2016-04-29,15:52:00,660.10,660.25,659.69,660.07,36562
AMZN,2016-04-29,15:53:00,659.95,660.12,659.52,659.56,19155
AMZN,2016-04-29,15:54:00,659.67,659.68,659.14,659.14,16989
AMZN,2016-04-29,15:55:00,659.23,659.84,659.23,659.80,12242
AMZN,2016-04-29,15:56:00,659.82,660.00,659.36,659.44,28423
AMZN,2016-04-29,15:57:00,659.52,659.88,659.21,659.81,29390
AMZN,2016-04-29,15:58:00,659.78,660.34,659.70,660.20,66835
AMZN,2016-04-29,15:59:00,660.27,660.29,659.64,660.18,57754
AMZN,2016-04-29,16:00:00,660.06,660.17,659.50,659.59,341262
