BAC,2016-04-28,09:30:00,14.92,14.93,14.92,14.92,6595
BAC,2016-04-28,09:31:00,14.93,14.93,14.90,14.92,1007670
BAC,2016-04-28,09:32:00,14.92,14.93,14.90,14.93,395619
BAC,2016-04-28,09:33:00,14.93,14.97,14.92,14.96,193742
BAC,2016-04-28,09:34:00,14.97,14.97,14.90,14.90,364006
BAC,2016-04-28,09:35:00,14.91,14.94,14.90,14.91,219172
BAC,2016-04-28,09:36:00,14.91,14.96,14.90,14.95,246693
BAC,2016-04-28,09:37:00,14.95,14.95,14.90,14.90,313515
BAC,2016-04-28,09:38:00,14.90,14.91,14.88,14.90,404705
BAC,2016-04-28,09:39:00,14.90,14.91,14.88,14.90,311963
BAC,2016-04-28,09:40:00,14.90,14.92,14.88,14.91,277802
BAC,2016-04-28,09:41:00,14.91,14.93,14.90,14.91,339302
BAC,2016-04-28,09:42:00,14.91,14.95,14.91,14.93,533699
BAC,2016-04-28,09:43:00,14.94,14.94,14.91,14.92,211261
BAC,2016-04-28,09:44:00,14.92,14.93,14.91,14.92,304791
BAC,2016-04-28,09:45:00,14.91,14.93,14.91,14.93,144352
BAC,2016-04-28,09:46:00,14.93,14.93,14.91,14.92,564481
BAC,2016-04-28,09:47:00,14.92,14.92,14.91,14.91,253674
BAC,2016-04-28,09:48:00,14.91,14.92,14.90,14.91,204053
BAC,2016-04-28,09:49:00,14.90,14.91,14.90,14.90,124817
BAC,2016-04-28,09:50:00,14.90,14.92,14.90,14.92,712696
BAC,2016-04-28,09:51:00,14.92,14.96,14.92,14.96,368385
BAC,2016-04-28,09:52:00,14.96,14.97,14.95,14.96,301298
BAC,2016-04-28,09:53:00,14.96,14.96,14.95,14.95,215741
BAC,2016-04-28,09:54:00,14.96,14.98,14.95,14.97,168235
BAC,2016-04-28,09:55:00,14.97,14.98,14.96,14.98,183102
BAC,2016-04-28,09:56:00,14.97,14.99,14.97,14.98,94833
BAC,2016-04-28,09:57:00,14.98,14.99,14.97,14.98,238749
BAC,2016-04-28,09:58:00,14.98,15.00,14.98,14.99,178362
BAC,2016-04-28,09:59:00,14.98,15.00,14.97,14.99,126431
BAC,2016-04-28,10:00:00,14.99,15.01,14.99,14.99,308958
BAC,2016-04-28,10:01:00,14.99,15.02,14.98,15.02,346142
BAC,2016-04-28,10:02:00,15.02,15.04,15.01,15.03,322538
BAC,2016-04-28,10:03:00,15.03,15.04,15.02,15.04,173636
BAC,2016-04-28,10:04:00,15.04,15.06,15.03,15.05,446522
BAC,2016-04-28,10:05:00,15.05,15.06,15.04,15.04,175535
BAC,2016-04-28,10:06:00,15.05,15.06,15.04,15.05,167888
BAC,2016-04-28,10:07:00,15.06,15.08,15.06,15.06,320361
BAC,2016-04-28,10:08:00,15.06,15.08,15.06,15.07,274721
BAC,2016-04-28,10:09:00,15.06,15.08,15.06,15.06,140983
BAC,2016-04-28,10:10:00,15.06,15.07,15.04,15.04,300686
BAC,2016-04-28,10:11:00,15.04,15.05,15.01,15.02,297519
BAC,2016-04-28,10:12:00,15.02,15.02,14.99,14.99,389098
BAC,2016-04-28,10:13:00,14.99,15.02,14.99,15.02,385627
BAC,2016-04-28,10:14:00,15.02,15.04,15.01,15.03,256455
BAC,2016-04-28,10:15:00,15.03,15.04,15.02,15.02,205954
BAC,2016-04-28,10:16:00,15.02,15.02,15.00,15.02,127153
BAC,2016-04-28,10:17:00,15.02,15.02,14.99,14.99,235826
BAC,2016-04-28,10:18:00,14.99,15.01,14.98,14.98,187469
BAC,2016-04-28,10:19:00,14.98,14.98,14.96,14.98,432311
BAC,2016-04-28,10:20:00,14.97,14.98,14.97,14.97,231961
BAC,2016-04-28,10:21:00,14.98,14.99,14.97,14.98,304254
BAC,2016-04-28,10:22:00,14.99,14.99,14.98,14.98,65798
BAC,2016-04-28,10:23:00,14.98,15.00,14.98,14.99,129117
BAC,2016-04-28,10:24:00,14.99,15.00,14.98,14.98,138501
BAC,2016-04-28,10:25:00,14.99,15.00,14.98,15.00,196488
BAC,2016-04-28,10:26:00,14.99,15.01,14.98,15.01,151075
BAC,2016-04-28,10:27:00,15.01,15.02,15.00,15.02,89022
BAC,2016-04-28,10:28:00,15.02,15.02,15.01,15.02,194354
BAC,2016-04-28,10:29:00,15.02,15.02,15.01,15.01,50857
BAC,2016-04-28,10:30:00,15.01,15.02,15.01,15.02,92363
BAC,2016-04-28,10:31:00,15.02,15.02,15.00,15.00,271304
BAC,2016-04-28,10:32:00,15.00,15.01,14.98,14.99,196248
BAC,2016-04-28,10:33:00,14.99,15.01,14.99,14.99,104660
BAC,2016-04-28,10:34:00,15.00,15.00,14.99,14.99,42001
BAC,2016-04-28,10:35:00,15.00,15.00,14.99,15.00,308933
BAC,2016-04-28,10:36:00,15.00,15.02,15.00,15.02,159112
BAC,2016-04-28,10:37:00,15.02,15.03,15.02,15.02,221632
BAC,2016-04-28,10:38:00,15.02,15.02,15.01,15.02,89666
BAC,2016-04-28,10:39:00,15.02,15.02,15.01,15.02,197776
BAC,2016-04-28,10:40:00,15.02,15.02,15.01,15.02,57848
BAC,2016-04-28,10:41:00,15.02,15.02,14.99,14.99,290459
BAC,2016-04-28,10:42:00,14.99,15.00,14.99,14.99,160243
BAC,2016-04-28,10:43:00,14.99,15.00,14.99,14.99,145785
BAC,2016-04-28,10:44:00,14.99,15.00,14.97,14.97,153828
BAC,2016-04-28,10:45:00,14.97,14.98,14.96,14.96,219277
BAC,2016-04-28,10:46:00,14.96,14.97,14.95,14.96,244944
BAC,2016-04-28,10:47:00,14.96,14.98,14.95,14.97,207587
BAC,2016-04-28,10:48:00,14.97,14.98,14.97,14.98,193768
BAC,2016-04-28,10:49:00,14.98,14.99,14.98,14.99,154172
BAC,2016-04-28,10:50:00,14.98,14.99,14.96,14.96,156972
BAC,2016-04-28,10:51:00,14.97,14.97,14.96,14.97,151097
BAC,2016-04-28,10:52:00,14.97,14.97,14.96,14.96,110593
BAC,2016-04-28,10:53:00,14.96,14.97,14.96,14.97,105124
BAC,2016-04-28,10:54:00,14.96,14.98,14.96,14.97,89698
BAC,2016-04-28,10:55:00,14.97,14.99,14.97,14.98,114322
BAC,2016-04-28,10:56:00,14.98,15.00,14.98,15.00,104982
BAC,2016-04-28,10:57:00,15.00,15.00,14.99,15.00,65631
BAC,2016-04-28,10:58:00,14.99,15.00,14.99,14.99,75816
BAC,2016-04-28,10:59:00,15.00,15.01,15.00,15.01,193052
BAC,2016-04-28,11:00:00,15.01,15.02,15.01,15.02,82856
BAC,2016-04-28,11:01:00,15.02,15.03,15.02,15.03,206908
BAC,2016-04-28,11:02:00,15.03,15.03,15.02,15.03,35968
BAC,2016-04-28,11:03:00,15.03,15.03,15.02,15.03,208624
BAC,2016-04-28,11:04:00,15.03,15.03,15.02,15.03,105554
BAC,2016-04-28,11:05:00,15.03,15.05,15.03,15.04,293698
BAC,2016-04-28,11:06:00,15.04,15.05,15.03,15.04,214029
BAC,2016-04-28,11:07:00,15.04,15.05,15.04,15.04,79910
BAC,2016-04-28,11:08:00,15.04,15.04,15.02,15.04,316228
BAC,2016-04-28,11:09:00,15.04,15.05,15.03,15.04,218514
BAC,2016-04-28,11:10:00,15.04,15.05,15.04,15.04,112238
BAC,2016-04-28,11:11:00,15.04,15.05,15.04,15.04,138517
BAC,2016-04-28,11:12:00,15.04,15.05,15.04,15.04,78330
BAC,2016-04-28,11:13:00,15.04,15.05,15.03,15.04,289663
BAC,2016-04-28,11:14:00,15.04,15.05,15.03,15.04,103999
BAC,2016-04-28,11:15:00,15.04,15.05,15.04,15.05,140752
BAC,2016-04-28,11:16:00,15.05,15.05,15.04,15.05,110199
BAC,2016-04-28,11:17:00,15.04,15.05,15.04,15.04,44217
BAC,2016-04-28,11:18:00,15.04,15.05,15.04,15.04,167432
BAC,2016-04-28,11:19:00,15.05,15.05,15.04,15.04,29850
BAC,2016-04-28,11:20:00,15.04,15.05,15.04,15.05,59772
BAC,2016-04-28,11:21:00,15.04,15.06,15.04,15.06,328512
BAC,2016-04-28,11:22:00,15.06,15.07,15.05,15.07,175045
BAC,2016-04-28,11:23:00,15.07,15.07,15.06,15.06,93799
BAC,2016-04-28,11:24:00,15.06,15.07,15.06,15.06,38712
BAC,2016-04-28,11:25:00,15.06,15.07,15.06,15.06,198884
BAC,2016-04-28,11:26:00,15.06,15.07,15.06,15.06,44764
BAC,2016-04-28,11:27:00,15.06,15.07,15.05,15.05,187455
BAC,2016-04-28,11:28:00,15.05,15.06,15.04,15.04,150191
BAC,2016-04-28,11:29:00,15.05,15.05,15.03,15.05,306479
BAC,2016-04-28,11:30:00,15.05,15.05,15.04,15.04,49195
BAC,2016-04-28,11:31:00,15.04,15.06,15.04,15.05,117280
BAC,2016-04-28,11:32:00,15.05,15.05,15.03,15.03,287307
BAC,2016-04-28,11:33:00,15.04,15.05,15.03,15.04,95879
BAC,2016-04-28,11:34:00,15.04,15.06,15.04,15.05,175650
BAC,2016-04-28,11:35:00,15.05,15.07,15.05,15.06,81309
BAC,2016-04-28,11:36:00,15.06,15.07,15.06,15.06,29213
BAC,2016-04-28,11:37:00,15.06,15.07,15.06,15.06,52739
BAC,2016-04-28,11:38:00,15.06,15.07,15.06,15.06,36571
BAC,2016-04-28,11:39:00,15.07,15.07,15.05,15.05,217311
BAC,2016-04-28,11:40:00,15.05,15.06,15.05,15.05,42437
BAC,2016-04-28,11:41:00,15.06,15.06,15.05,15.05,74891
BAC,2016-04-28,11:42:00,15.05,15.06,15.05,15.05,77086
BAC,2016-04-28,11:43:00,15.05,15.06,15.04,15.04,122898
BAC,2016-04-28,11:44:00,15.04,15.05,15.04,15.04,61993
BAC,2016-04-28,11:45:00,15.04,15.05,15.04,15.04,103151
BAC,2016-04-28,11:46:00,15.04,15.05,15.04,15.04,62876
BAC,2016-04-28,11:47:00,15.04,15.05,15.04,15.05,43790
BAC,2016-04-28,11:48:00,15.04,15.05,15.03,15.04,104190
BAC,2016-04-28,11:49:00,15.03,15.04,15.03,15.04,36983
BAC,2016-04-28,11:50:00,15.03,15.04,15.03,15.03,37684
BAC,2016-04-28,11:51:00,15.03,15.04,15.03,15.04,216028
BAC,2016-04-28,11:52:00,15.03,15.04,15.03,15.04,31071
BAC,2016-04-28,11:53:00,15.03,15.04,15.03,15.04,14177
BAC,2016-04-28,11:54:00,15.04,15.05,15.03,15.04,69729
BAC,2016-04-28,11:55:00,15.05,15.05,15.04,15.04,42728
BAC,2016-04-28,11:56:00,15.04,15.05,15.03,15.04,143473
BAC,2016-04-28,11:57:00,15.04,15.05,15.04,15.04,9583
BAC,2016-04-28,11:58:00,15.05,15.05,15.03,15.03,78387
BAC,2016-04-28,11:59:00,15.04,15.04,15.03,15.03,28534
BAC,2016-04-28,12:00:00,15.03,15.04,15.02,15.02,181527
BAC,2016-04-28,12:01:00,15.02,15.04,15.02,15.04,178751
BAC,2016-04-28,12:02:00,15.04,15.05,15.04,15.04,130286
BAC,2016-04-28,12:03:00,15.04,15.05,15.04,15.05,15903
BAC,2016-04-28,12:04:00,15.04,15.05,15.04,15.04,56726
BAC,2016-04-28,12:05:00,15.04,15.05,15.04,15.04,22538
BAC,2016-04-28,12:06:00,15.05,15.06,15.04,15.06,158196
BAC,2016-04-28,12:07:00,15.05,15.06,15.05,15.05,44251
BAC,2016-04-28,12:08:00,15.05,15.06,15.04,15.04,67003
BAC,2016-04-28,12:09:00,15.04,15.05,15.04,15.04,211027
BAC,2016-04-28,12:10:00,15.05,15.05,15.04,15.04,20300
BAC,2016-04-28,12:11:00,15.04,15.06,15.04,15.05,274649
BAC,2016-04-28,12:12:00,15.05,15.06,15.05,15.05,98454
BAC,2016-04-28,12:13:00,15.05,15.06,15.05,15.06,7220
BAC,2016-04-28,12:14:00,15.05,15.06,15.05,15.05,19650
BAC,2016-04-28,12:15:00,15.05,15.06,15.05,15.05,56220
BAC,2016-04-28,12:16:00,15.05,15.06,15.04,15.04,295222
BAC,2016-04-28,12:17:00,15.04,15.05,15.04,15.04,71037
BAC,2016-04-28,12:18:00,15.04,15.05,15.04,15.04,57459
BAC,2016-04-28,12:19:00,15.04,15.05,15.04,15.04,58809
BAC,2016-04-28,12:20:00,15.04,15.05,15.04,15.04,105694
BAC,2016-04-28,12:21:00,15.04,15.05,15.04,15.05,15181
BAC,2016-04-28,12:22:00,15.04,15.05,15.04,15.04,41568
BAC,2016-04-28,12:23:00,15.04,15.05,15.03,15.04,251040
BAC,2016-04-28,12:24:00,15.04,15.05,15.04,15.05,113886
BAC,2016-04-28,12:25:00,15.05,15.05,15.04,15.05,61738
BAC,2016-04-28,12:26:00,15.04,15.05,15.04,15.04,26487
BAC,2016-04-28,12:27:00,15.05,15.06,15.04,15.05,460547
BAC,2016-04-28,12:28:00,15.04,15.06,15.04,15.05,106727
BAC,2016-04-28,12:29:00,15.05,15.06,15.04,15.05,125955
BAC,2016-04-28,12:30:00,15.05,15.06,15.05,15.05,65169
BAC,2016-04-28,12:31:00,15.05,15.05,15.04,15.04,109286
BAC,2016-04-28,12:32:00,15.04,15.05,15.04,15.04,18338
BAC,2016-04-28,12:33:00,15.04,15.06,15.04,15.05,133298
BAC,2016-04-28,12:34:00,15.05,15.05,15.04,15.04,85455
BAC,2016-04-28,12:35:00,15.04,15.05,15.04,15.04,55015
BAC,2016-04-28,12:36:00,15.04,15.05,15.04,15.04,42469
BAC,2016-04-28,12:37:00,15.04,15.05,15.04,15.04,79382
BAC,2016-04-28,12:38:00,15.04,15.05,15.04,15.05,47898
BAC,2016-04-28,12:39:00,15.04,15.05,15.04,15.04,43031
BAC,2016-04-28,12:40:00,15.05,15.05,15.04,15.05,59646
BAC,2016-04-28,12:41:00,15.04,15.05,15.04,15.04,28750
BAC,2016-04-28,12:42:00,15.05,15.05,15.03,15.04,193823
BAC,2016-04-28,12:43:00,15.04,15.05,15.03,15.05,98834
BAC,2016-04-28,12:44:00,15.04,15.05,15.04,15.04,57494
BAC,2016-04-28,12:45:00,15.04,15.05,15.04,15.04,54054
BAC,2016-04-28,12:46:00,15.05,15.05,15.04,15.04,9104
BAC,2016-04-28,12:47:00,15.05,15.06,15.05,15.05,230012
BAC,2016-04-28,12:48:00,15.05,15.06,15.05,15.05,49252
BAC,2016-04-28,12:49:00,15.05,15.06,15.05,15.05,39765
BAC,2016-04-28,12:50:00,15.06,15.06,15.05,15.05,34140
BAC,2016-04-28,12:51:00,15.05,15.06,15.04,15.04,102390
BAC,2016-04-28,12:52:00,15.05,15.06,15.04,15.05,142131
BAC,2016-04-28,12:53:00,15.05,15.06,15.05,15.05,86442
BAC,2016-04-28,12:54:00,15.06,15.06,15.05,15.05,30026
BAC,2016-04-28,12:55:00,15.05,15.06,15.05,15.05,95565
BAC,2016-04-28,12:56:00,15.06,15.07,15.05,15.05,329041
BAC,2016-04-28,12:57:00,15.06,15.07,15.05,15.06,103723
BAC,2016-04-28,12:58:00,15.06,15.07,15.06,15.06,65979
BAC,2016-04-28,12:59:00,15.06,15.07,15.06,15.06,103170
BAC,2016-04-28,13:00:00,15.06,15.07,15.06,15.06,65337
BAC,2016-04-28,13:01:00,15.06,15.07,15.05,15.05,168722
BAC,2016-04-28,13:02:00,15.05,15.06,15.05,15.05,48342
BAC,2016-04-28,13:03:00,15.05,15.06,15.05,15.05,124135
BAC,2016-04-28,13:04:00,15.05,15.06,15.04,15.04,138504
BAC,2016-04-28,13:05:00,15.04,15.05,15.03,15.04,150858
BAC,2016-04-28,13:06:00,15.04,15.04,15.03,15.04,154090
BAC,2016-04-28,13:07:00,15.04,15.04,15.03,15.03,36819
BAC,2016-04-28,13:08:00,15.03,15.04,15.03,15.03,27572
BAC,2016-04-28,13:09:00,15.04,15.04,15.02,15.02,136505
BAC,2016-04-28,13:10:00,15.03,15.03,15.01,15.01,268538
BAC,2016-04-28,13:11:00,15.02,15.02,15.00,15.00,162879
BAC,2016-04-28,13:12:00,15.00,15.01,15.00,15.00,77856
BAC,2016-04-28,13:13:00,15.01,15.01,15.00,15.00,140244
BAC,2016-04-28,13:14:00,15.00,15.01,15.00,15.00,44251
BAC,2016-04-28,13:15:00,15.01,15.02,15.00,15.01,215267
BAC,2016-04-28,13:16:00,15.01,15.02,15.01,15.01,47880
BAC,2016-04-28,13:17:00,15.01,15.02,15.00,15.01,191440
BAC,2016-04-28,13:18:00,15.01,15.01,15.00,15.00,108627
BAC,2016-04-28,13:19:00,15.00,15.01,15.00,15.00,108439
BAC,2016-04-28,13:20:00,15.00,15.01,15.00,15.01,23715
BAC,2016-04-28,13:21:00,15.00,15.01,14.99,14.99,489003
BAC,2016-04-28,13:22:00,15.00,15.01,14.99,14.99,149031
BAC,2016-04-28,13:23:00,14.99,15.00,14.99,14.99,67124
BAC,2016-04-28,13:24:00,14.99,15.00,14.99,15.00,35787
BAC,2016-04-28,13:25:00,14.99,15.00,14.98,14.98,480069
BAC,2016-04-28,13:26:00,14.99,14.99,14.98,14.99,64175
BAC,2016-04-28,13:27:00,14.99,15.00,14.98,15.00,280897
BAC,2016-04-28,13:28:00,14.99,15.00,14.99,15.00,29665
BAC,2016-04-28,13:29:00,14.99,15.00,14.99,14.99,30660
BAC,2016-04-28,13:30:00,14.99,15.00,14.99,14.99,35562
BAC,2016-04-28,13:31:00,14.99,15.00,14.99,14.99,164960
BAC,2016-04-28,13:32:00,14.99,15.01,14.99,14.99,215661
BAC,2016-04-28,13:33:00,15.00,15.00,14.99,15.00,152370
BAC,2016-04-28,13:34:00,15.00,15.00,14.99,14.99,14093
BAC,2016-04-28,13:35:00,15.00,15.00,14.99,14.99,47901
BAC,2016-04-28,13:36:00,14.99,15.00,14.99,14.99,46695
BAC,2016-04-28,13:37:00,14.99,15.00,14.99,14.99,10914
BAC,2016-04-28,13:38:00,14.99,15.00,14.99,14.99,91616
BAC,2016-04-28,13:39:00,14.99,15.00,14.99,15.00,43522
BAC,2016-04-28,13:40:00,15.00,15.00,14.99,14.99,23407
BAC,2016-04-28,13:41:00,14.99,15.00,14.99,14.99,161470
BAC,2016-04-28,13:42:00,14.99,15.00,14.99,14.99,33213
BAC,2016-04-28,13:43:00,14.99,15.00,14.99,15.00,61208
BAC,2016-04-28,13:44:00,14.99,15.01,14.99,15.00,135715
BAC,2016-04-28,13:45:00,15.00,15.01,15.00,15.00,70636
BAC,2016-04-28,13:46:00,15.00,15.01,14.99,15.00,126122
BAC,2016-04-28,13:47:00,14.99,15.00,14.99,14.99,87408
BAC,2016-04-28,13:48:00,14.99,15.01,14.99,15.00,123173
BAC,2016-04-28,13:49:00,15.00,15.01,15.00,15.01,16541
BAC,2016-04-28,13:50:00,15.01,15.01,15.00,15.01,25647
BAC,2016-04-28,13:51:00,15.00,15.01,15.00,15.00,161526
BAC,2016-04-28,13:52:00,15.01,15.01,15.00,15.00,36272
BAC,2016-04-28,13:53:00,15.00,15.01,15.00,15.01,249219
BAC,2016-04-28,13:54:00,15.00,15.02,15.00,15.00,185658
BAC,2016-04-28,13:55:00,15.01,15.01,15.00,15.01,47327
BAC,2016-04-28,13:56:00,15.01,15.01,15.00,15.00,74675
BAC,2016-04-28,13:57:00,15.00,15.01,15.00,15.01,42099
BAC,2016-04-28,13:58:00,15.01,15.01,15.00,15.01,24504
BAC,2016-04-28,13:59:00,15.01,15.01,15.00,15.01,23609
BAC,2016-04-28,14:00:00,15.01,15.01,15.00,15.00,57451
BAC,2016-04-28,14:01:00,15.00,15.01,15.00,15.01,170596
BAC,2016-04-28,14:02:00,15.00,15.01,15.00,15.00,45261
BAC,2016-04-28,14:03:00,15.01,15.02,15.00,15.02,199493
BAC,2016-04-28,14:04:00,15.02,15.02,15.00,15.01,276161
BAC,2016-04-28,14:05:00,15.01,15.02,15.01,15.01,65721
BAC,2016-04-28,14:06:00,15.02,15.02,15.01,15.01,45027
BAC,2016-04-28,14:07:00,15.02,15.02,15.01,15.01,38823
BAC,2016-04-28,14:08:00,15.02,15.02,15.01,15.01,41123
BAC,2016-04-28,14:09:00,15.02,15.03,15.01,15.03,373140
BAC,2016-04-28,14:10:00,15.02,15.04,15.02,15.03,300773
BAC,2016-04-28,14:11:00,15.04,15.04,15.03,15.03,65713
BAC,2016-04-28,14:12:00,15.03,15.03,15.02,15.02,188978
BAC,2016-04-28,14:13:00,15.03,15.03,15.01,15.01,120555
BAC,2016-04-28,14:14:00,15.01,15.02,15.00,15.00,121331
BAC,2016-04-28,14:15:00,15.01,15.01,15.00,15.01,128455
BAC,2016-04-28,14:16:00,15.01,15.01,15.00,15.00,90785
BAC,2016-04-28,14:17:00,15.00,15.01,15.00,15.00,25736
BAC,2016-04-28,14:18:00,15.01,15.01,14.99,14.99,208453
BAC,2016-04-28,14:19:00,14.99,14.99,14.98,14.99,181256
BAC,2016-04-28,14:20:00,14.99,15.00,14.99,14.99,19400
BAC,2016-04-28,14:21:00,14.99,15.00,14.98,14.98,175619
BAC,2016-04-28,14:22:00,14.98,14.99,14.98,14.98,195002
BAC,2016-04-28,14:23:00,14.98,14.99,14.98,14.98,47893
BAC,2016-04-28,14:24:00,14.98,14.99,14.98,14.98,50430
BAC,2016-04-28,14:25:00,14.98,14.99,14.98,14.98,215670
BAC,2016-04-28,14:26:00,14.98,14.99,14.98,14.98,100039
BAC,2016-04-28,14:27:00,14.98,15.00,14.98,14.99,138395
BAC,2016-04-28,14:28:00,14.99,15.00,14.99,14.99,49504
BAC,2016-04-28,14:29:00,14.99,15.00,14.99,14.99,51026
BAC,2016-04-28,14:30:00,14.99,15.01,14.99,15.01,165344
BAC,2016-04-28,14:31:00,15.01,15.01,15.00,15.00,54352
BAC,2016-04-28,14:32:00,15.00,15.01,15.00,15.01,37320
BAC,2016-04-28,14:33:00,15.01,15.01,14.99,14.99,111563
BAC,2016-04-28,14:34:00,14.99,15.00,14.99,14.99,52043
BAC,2016-04-28,14:35:00,14.99,15.00,14.99,14.99,24940
BAC,2016-04-28,14:36:00,14.99,15.00,14.99,14.99,42944
BAC,2016-04-28,14:37:00,14.99,15.00,14.98,14.98,138614
BAC,2016-04-28,14:38:00,14.98,14.99,14.96,14.97,629916
BAC,2016-04-28,14:39:00,14.96,14.98,14.96,14.97,191437
BAC,2016-04-28,14:40:00,14.97,14.98,14.96,14.97,107491
BAC,2016-04-28,14:41:00,14.97,14.97,14.96,14.97,122984
BAC,2016-04-28,14:42:00,14.96,14.98,14.96,14.97,72764
BAC,2016-04-28,14:43:00,14.97,14.99,14.97,14.98,150827
BAC,2016-04-28,14:44:00,14.98,14.99,14.98,14.98,48577
BAC,2016-04-28,14:45:00,14.98,14.99,14.98,14.98,36543
BAC,2016-04-28,14:46:00,14.98,14.99,14.97,14.97,116172
BAC,2016-04-28,14:47:00,14.98,14.98,14.96,14.96,481177
BAC,2016-04-28,14:48:00,14.97,14.97,14.96,14.96,39116
BAC,2016-04-28,14:49:00,14.96,14.96,14.95,14.96,206744
BAC,2016-04-28,14:50:00,14.96,14.97,14.96,14.96,27793
BAC,2016-04-28,14:51:00,14.96,14.97,14.96,14.96,59027
BAC,2016-04-28,14:52:00,14.96,14.97,14.96,14.97,50706
BAC,2016-04-28,14:53:00,14.96,14.97,14.96,14.96,62246
BAC,2016-04-28,14:54:00,14.96,14.97,14.96,14.96,61583
BAC,2016-04-28,14:55:00,14.96,14.97,14.95,14.95,170396
BAC,2016-04-28,14:56:00,14.96,14.96,14.95,14.95,54964
BAC,2016-04-28,14:57:00,14.95,14.96,14.94,14.95,826853
BAC,2016-04-28,14:58:00,14.95,14.96,14.94,14.95,299797
BAC,2016-04-28,14:59:00,14.96,14.96,14.95,14.95,46010
BAC,2016-04-28,15:00:00,14.96,14.96,14.95,14.96,50521
BAC,2016-04-28,15:01:00,14.96,14.96,14.95,14.96,58148
BAC,2016-04-28,15:02:00,14.96,14.96,14.95,14.95,66713
BAC,2016-04-28,15:03:00,14.96,14.96,14.94,14.96,154815
BAC,2016-04-28,15:04:00,14.96,14.96,14.95,14.96,43145
BAC,2016-04-28,15:05:00,14.95,14.96,14.94,14.96,232702
BAC,2016-04-28,15:06:00,14.96,14.96,14.95,14.96,33606
BAC,2016-04-28,15:07:00,14.95,14.96,14.95,14.95,150971
BAC,2016-04-28,15:08:00,14.95,14.96,14.95,14.96,51255
BAC,2016-04-28,15:09:00,14.95,14.96,14.95,14.95,60806
BAC,2016-04-28,15:10:00,14.95,14.96,14.94,14.94,199903
BAC,2016-04-28,15:11:00,14.94,14.94,14.92,14.93,353157
BAC,2016-04-28,15:12:00,14.94,14.94,14.92,14.93,184252
BAC,2016-04-28,15:13:00,14.94,14.94,14.91,14.92,274321
BAC,2016-04-28,15:14:00,14.92,14.93,14.90,14.91,196058
BAC,2016-04-28,15:15:00,14.91,14.91,14.89,14.90,372510
BAC,2016-04-28,15:16:00,14.89,14.90,14.88,14.90,467765
BAC,2016-04-28,15:17:00,14.89,14.90,14.87,14.88,248113
BAC,2016-04-28,15:18:00,14.88,14.90,14.88,14.90,232022
BAC,2016-04-28,15:19:00,14.89,14.90,14.88,14.88,259804
BAC,2016-04-28,15:20:00,14.88,14.89,14.88,14.88,189004
BAC,2016-04-28,15:21:00,14.88,14.90,14.88,14.88,186649
BAC,2016-04-28,15:22:00,14.89,14.89,14.87,14.87,310317
BAC,2016-04-28,15:23:00,14.87,14.88,14.85,14.86,616230
BAC,2016-04-28,15:24:00,14.86,14.86,14.85,14.86,308452
BAC,2016-04-28,15:25:00,14.86,14.86,14.82,14.82,1078980
BAC,2016-04-28,15:26:00,14.82,14.83,14.80,14.80,893959
BAC,2016-04-28,15:27:00,14.80,14.81,14.80,14.80,558872
BAC,2016-04-28,15:28:00,14.80,14.82,14.80,14.81,252981
BAC,2016-04-28,15:29:00,14.81,14.82,14.78,14.79,516816
BAC,2016-04-28,15:30:00,14.79,14.79,14.76,14.77,518698
BAC,2016-04-28,15:31:00,14.77,14.79,14.77,14.78,619970
BAC,2016-04-28,15:32:00,14.79,14.80,14.78,14.78,494140
BAC,2016-04-28,15:33:00,14.79,14.80,14.78,14.80,476747
BAC,2016-04-28,15:34:00,14.79,14.79,14.77,14.78,315737
BAC,2016-04-28,15:35:00,14.78,14.79,14.77,14.79,175142
BAC,2016-04-28,15:36:00,14.79,14.80,14.78,14.80,182798
BAC,2016-04-28,15:37:00,14.80,14.82,14.79,14.81,351912
BAC,2016-04-28,15:38:00,14.82,14.82,14.79,14.80,719400
BAC,2016-04-28,15:39:00,14.80,14.80,14.79,14.79,385073
BAC,2016-04-28,15:40:00,14.80,14.81,14.79,14.81,202526
BAC,2016-04-28,15:41:00,14.81,14.82,14.80,14.82,220743
BAC,2016-04-28,15:42:00,14.81,14.83,14.81,14.82,712858
BAC,2016-04-28,15:43:00,14.82,14.83,14.81,14.82,215701
BAC,2016-04-28,15:44:00,14.83,14.84,14.82,14.84,287708
BAC,2016-04-28,15:45:00,14.84,14.84,14.83,14.83,324242
BAC,2016-04-28,15:46:00,14.83,14.85,14.83,14.85,460536
BAC,2016-04-28,15:47:00,14.85,14.85,14.84,14.85,311243
BAC,2016-04-28,15:48:00,14.84,14.86,14.84,14.86,615388
BAC,2016-04-28,15:49:00,14.86,14.86,14.84,14.84,513962
BAC,2016-04-28,15:50:00,14.85,14.85,14.81,14.82,951551
BAC,2016-04-28,15:51:00,14.82,14.83,14.81,14.81,275286
BAC,2016-04-28,15:52:00,14.82,14.82,14.80,14.81,625242
BAC,2016-04-28,15:53:00,14.82,14.83,14.80,14.80,501598
BAC,2016-04-28,15:54:00,14.80,14.81,14.80,14.80,281716
BAC,2016-04-28,15:55:00,14.80,14.81,14.79,14.80,929952
BAC,2016-04-28,15:56:00,14.80,14.80,14.79,14.79,428086
BAC,2016-04-28,15:57:00,14.79,14.80,14.78,14.79,453350
BAC,2016-04-28,15:58:00,14.79,14.79,14.77,14.79,739304
BAC,2016-04-28,15:59:00,14.79,14.79,14.78,14.79,430586
BAC,2016-04-28,16:00:00,14.79,14.80,14.78,14.79,1338466
BAC,2016-04-29,09:30:00,14.73,14.73,14.73,14.73,6347
BAC,2016-04-29,09:31:00,14.72,14.76,14.71,14.74,1006873
BAC,2016-04-29,09:32:00,14.74,14.79,14.73,14.78,335111
BAC,2016-04-29,09:33:00,14.78,14.81,14.77,14.81,330569
BAC,2016-04-29,09:34:00,14.81,14.82,14.77,14.79,476324
BAC,2016-04-29,09:35:00,14.79,14.84,14.79,14.83,366367
BAC,2016-04-29,09:36:00,14.83,14.85,14.80,14.81,453143
BAC,2016-04-29,09:37:00,14.81,14.83,14.80,14.80,393859
BAC,2016-04-29,09:38:00,14.80,14.81,14.76,14.76,418147
BAC,2016-04-29,09:39:00,14.76,14.76,14.70,14.70,491932
BAC,2016-04-29,09:40:00,14.70,14.72,14.69,14.71,711812
BAC,2016-04-29,09:41:00,14.71,14.73,14.70,14.72,376763
BAC,2016-04-29,09:42:00,14.71,14.72,14.71,14.72,363989
BAC,2016-04-29,09:43:00,14.72,14.72,14.70,14.70,464732
BAC,2016-04-29,09:44:00,14.71,14.73,14.69,14.72,463506
BAC,2016-04-29,09:45:00,14.72,14.73,14.70,14.71,183638
BAC,2016-04-29,09:46:00,14.70,14.72,14.70,14.71,167183
BAC,2016-04-29,09:47:00,14.70,14.71,14.66,14.66,416462
BAC,2016-04-29,09:48:00,14.66,14.67,14.64,14.64,579231
BAC,2016-04-29,09:49:00,14.65,14.65,14.62,14.62,621816
BAC,2016-04-29,09:50:00,14.62,14.63,14.61,14.62,485517
BAC,2016-04-29,09:51:00,14.61,14.62,14.61,14.62,386764
BAC,2016-04-29,09:52:00,14.62,14.64,14.61,14.64,409804
BAC,2016-04-29,09:53:00,14.64,14.66,14.63,14.65,385529
BAC,2016-04-29,09:54:00,14.66,14.67,14.63,14.63,476902
BAC,2016-04-29,09:55:00,14.63,14.64,14.61,14.62,527719
BAC,2016-04-29,09:56:00,14.61,14.64,14.61,14.62,383817
BAC,2016-04-29,09:57:00,14.62,14.63,14.62,14.62,412942
BAC,2016-04-29,09:58:00,14.63,14.64,14.62,14.63,133504
BAC,2016-04-29,09:59:00,14.63,14.64,14.61,14.63,476880
BAC,2016-04-29,10:00:00,14.62,14.63,14.62,14.62,111215
BAC,2016-04-29,10:01:00,14.62,14.63,14.61,14.61,157942
BAC,2016-04-29,10:02:00,14.61,14.61,14.57,14.57,504705
BAC,2016-04-29,10:03:00,14.57,14.58,14.55,14.57,1288120
BAC,2016-04-29,10:04:00,14.57,14.58,14.55,14.56,916238
BAC,2016-04-29,10:05:00,14.57,14.58,14.56,14.57,375472
BAC,2016-04-29,10:06:00,14.57,14.62,14.57,14.62,300362
BAC,2016-04-29,10:07:00,14.62,14.63,14.60,14.62,734954
BAC,2016-04-29,10:08:00,14.62,14.62,14.58,14.59,481043
BAC,2016-04-29,10:09:00,14.59,14.60,14.58,14.59,295463
BAC,2016-04-29,10:10:00,14.60,14.60,14.58,14.60,273069
BAC,2016-04-29,10:11:00,14.59,14.61,14.59,14.61,548488
BAC,2016-04-29,10:12:00,14.61,14.64,14.61,14.63,708781
BAC,2016-04-29,10:13:00,14.64,14.65,14.63,14.63,349439
BAC,2016-04-29,10:14:00,14.63,14.66,14.63,14.64,513636
BAC,2016-04-29,10:15:00,14.64,14.65,14.62,14.62,164569
BAC,2016-04-29,10:16:00,14.62,14.63,14.61,14.62,267346
BAC,2016-04-29,10:17:00,14.62,14.66,14.62,14.66,281069
BAC,2016-04-29,10:18:00,14.66,14.66,14.64,14.66,207131
BAC,2016-04-29,10:19:00,14.65,14.66,14.64,14.64,276708
BAC,2016-04-29,10:20:00,14.64,14.64,14.63,14.63,93592
BAC,2016-04-29,10:21:00,14.63,14.66,14.63,14.65,309920
BAC,2016-04-29,10:22:00,14.66,14.66,14.63,14.64,147208
BAC,2016-04-29,10:23:00,14.65,14.65,14.64,14.64,249985
BAC,2016-04-29,10:24:00,14.64,14.66,14.64,14.65,145657
BAC,2016-04-29,10:25:00,14.65,14.67,14.65,14.65,224731
BAC,2016-04-29,10:26:00,14.66,14.66,14.63,14.63,225142
BAC,2016-04-29,10:27:00,14.63,14.64,14.62,14.62,135271
BAC,2016-04-29,10:28:00,14.62,14.63,14.60,14.62,463658
BAC,2016-04-29,10:29:00,14.61,14.62,14.60,14.62,157145
BAC,2016-04-29,10:30:00,14.61,14.63,14.61,14.63,278901
BAC,2016-04-29,10:31:00,14.62,14.65,14.62,14.65,255217
BAC,2016-04-29,10:32:00,14.65,14.68,14.64,14.68,287097
BAC,2016-04-29,10:33:00,14.68,14.69,14.67,14.69,265114
BAC,2016-04-29,10:34:00,14.69,14.70,14.67,14.67,317689
BAC,2016-04-29,10:35:00,14.68,14.71,14.67,14.70,259854
BAC,2016-04-29,10:36:00,14.70,14.71,14.69,14.70,260846
BAC,2016-04-29,10:37:00,14.71,14.72,14.69,14.69,338426
BAC,2016-04-29,10:38:00,14.69,14.71,14.68,14.71,199982
BAC,2016-04-29,10:39:00,14.70,14.72,14.70,14.72,278595
BAC,2016-04-29,10:40:00,14.72,14.72,14.71,14.71,186624
BAC,2016-04-29,10:41:00,14.72,14.73,14.71,14.72,252827
BAC,2016-04-29,10:42:00,14.72,14.72,14.70,14.71,303257
BAC,2016-04-29,10:43:00,14.70,14.72,14.70,14.70,167099
BAC,2016-04-29,10:44:00,14.70,14.70,14.68,14.68,317197
BAC,2016-04-29,10:45:00,14.68,14.69,14.67,14.68,331907
BAC,2016-04-29,10:46:00,14.68,14.69,14.65,14.67,347247
BAC,2016-04-29,10:47:00,14.67,14.67,14.66,14.67,177177
BAC,2016-04-29,10:48:00,14.66,14.67,14.66,14.66,87259
BAC,2016-04-29,10:49:00,14.65,14.67,14.65,14.66,191227
BAC,2016-04-29,10:50:00,14.66,14.66,14.63,14.65,436272
BAC,2016-04-29,10:51:00,14.64,14.65,14.62,14.63,196312
BAC,2016-04-29,10:52:00,14.63,14.64,14.62,14.64,131587
BAC,2016-04-29,10:53:00,14.63,14.64,14.62,14.63,152314
BAC,2016-04-29,10:54:00,14.63,14.64,14.61,14.62,326300
BAC,2016-04-29,10:55:00,14.61,14.62,14.60,14.62,261393
BAC,2016-04-29,10:56:00,14.62,14.64,14.62,14.63,170191
BAC,2016-04-29,10:57:00,14.63,14.64,14.62,14.63,132044
BAC,2016-04-29,10:58:00,14.62,14.64,14.62,14.64,171206
BAC,2016-04-29,10:59:00,14.64,14.65,14.63,14.63,367982
BAC,2016-04-29,11:00:00,14.63,14.64,14.62,14.64,165424
BAC,2016-04-29,11:01:00,14.63,14.65,14.63,14.65,161293
BAC,2016-04-29,11:02:00,14.65,14.65,14.63,14.63,106743
BAC,2016-04-29,11:03:00,14.63,14.64,14.62,14.63,439801
BAC,2016-04-29,11:04:00,14.63,14.65,14.63,14.64,109153
BAC,2016-04-29,11:05:00,14.64,14.65,14.63,14.63,315776
BAC,2016-04-29,11:06:00,14.64,14.64,14.63,14.63,69276
BAC,2016-04-29,11:07:00,14.64,14.65,14.63,14.65,102002
BAC,2016-04-29,11:08:00,14.64,14.66,14.64,14.65,145155
BAC,2016-04-29,11:09:00,14.65,14.67,14.65,14.66,278477
BAC,2016-04-29,11:10:00,14.65,14.66,14.65,14.66,18483
BAC,2016-04-29,11:11:00,14.65,14.65,14.64,14.64,230450
BAC,2016-04-29,11:12:00,14.64,14.66,14.64,14.65,196337
BAC,2016-04-29,11:13:00,14.66,14.67,14.65,14.66,100545
BAC,2016-04-29,11:14:00,14.66,14.67,14.65,14.66,138515
BAC,2016-04-29,11:15:00,14.66,14.67,14.65,14.66,187214
BAC,2016-04-29,11:16:00,14.65,14.67,14.65,14.65,135297
BAC,2016-04-29,11:17:00,14.65,14.67,14.65,14.65,137188
BAC,2016-04-29,11:18:00,14.65,14.66,14.63,14.65,268533
BAC,2016-04-29,11:19:00,14.64,14.65,14.62,14.62,175216
BAC,2016-04-29,11:20:00,14.63,14.64,14.61,14.62,192047
BAC,2016-04-29,11:21:00,14.62,14.62,14.60,14.61,198298
BAC,2016-04-29,11:22:00,14.61,14.61,14.60,14.61,139411
BAC,2016-04-29,11:23:00,14.61,14.61,14.59,14.60,305813
BAC,2016-04-29,11:24:00,14.60,14.62,14.60,14.61,236719
BAC,2016-04-29,11:25:00,14.62,14.62,14.60,14.60,147692
BAC,2016-04-29,11:26:00,14.61,14.62,14.60,14.62,210212
BAC,2016-04-29,11:27:00,14.61,14.62,14.60,14.60,96838
BAC,2016-04-29,11:28:00,14.61,14.61,14.59,14.60,255529
BAC,2016-04-29,11:29:00,14.61,14.61,14.58,14.58,177145
BAC,2016-04-29,11:30:00,14.58,14.59,14.57,14.58,257684
BAC,2016-04-29,11:31:00,14.58,14.59,14.57,14.58,166853
BAC,2016-04-29,11:32:00,14.58,14.59,14.56,14.57,221805
BAC,2016-04-29,11:33:00,14.56,14.58,14.56,14.57,191927
BAC,2016-04-29,11:34:00,14.56,14.57,14.55,14.55,158469
BAC,2016-04-29,11:35:00,14.56,14.57,14.55,14.55,206552
BAC,2016-04-29,11:36:00,14.56,14.56,14.53,14.54,343129
BAC,2016-04-29,11:37:00,14.54,14.54,14.53,14.53,141815
BAC,2016-04-29,11:38:00,14.53,14.54,14.52,14.53,243670
BAC,2016-04-29,11:39:00,14.53,14.54,14.52,14.53,177557
BAC,2016-04-29,11:40:00,14.52,14.54,14.52,14.53,579686
BAC,2016-04-29,11:41:00,14.54,14.54,14.52,14.52,98918
BAC,2016-04-29,11:42:00,14.53,14.53,14.51,14.53,423532
BAC,2016-04-29,11:43:00,14.52,14.53,14.51,14.52,132285
BAC,2016-04-29,11:44:00,14.52,14.52,14.51,14.51,82552
BAC,2016-04-29,11:45:00,14.52,14.52,14.50,14.50,892839
BAC,2016-04-29,11:46:00,14.50,14.52,14.50,14.52,420849
BAC,2016-04-29,11:47:00,14.51,14.52,14.50,14.51,300710
BAC,2016-04-29,11:48:00,14.52,14.53,14.51,14.53,228354
BAC,2016-04-29,11:49:00,14.52,14.54,14.52,14.54,243906
BAC,2016-04-29,11:50:00,14.53,14.55,14.52,14.53,891301
BAC,2016-04-29,11:51:00,14.53,14.54,14.53,14.54,138412
BAC,2016-04-29,11:52:00,14.54,14.55,14.53,14.54,268910
BAC,2016-04-29,11:53:00,14.54,14.56,14.54,14.55,165889
BAC,2016-04-29,11:54:00,14.55,14.56,14.54,14.55,173993
BAC,2016-04-29,11:55:00,14.55,14.56,14.54,14.56,321096
BAC,2016-04-29,11:56:00,14.54,14.55,14.54,14.54,159713
BAC,2016-04-29,11:57:00,14.55,14.56,14.54,14.54,168934
BAC,2016-04-29,11:58:00,14.55,14.55,14.54,14.54,79450
BAC,2016-04-29,11:59:00,14.54,14.55,14.54,14.54,123749
BAC,2016-04-29,12:00:00,14.54,14.55,14.54,14.54,64716
BAC,2016-04-29,12:01:00,14.54,14.55,14.53,14.54,377240
BAC,2016-04-29,12:02:00,14.54,14.55,14.53,14.53,145664
BAC,2016-04-29,12:03:00,14.53,14.53,14.51,14.52,274250
BAC,2016-04-29,12:04:00,14.52,14.53,14.52,14.52,265834
BAC,2016-04-29,12:05:00,14.52,14.53,14.51,14.52,316800
BAC,2016-04-29,12:06:00,14.52,14.52,14.51,14.51,136995
BAC,2016-04-29,12:07:00,14.52,14.53,14.51,14.53,173255
BAC,2016-04-29,12:08:00,14.52,14.53,14.52,14.52,254733
BAC,2016-04-29,12:09:00,14.52,14.53,14.51,14.51,257653
BAC,2016-04-29,12:10:00,14.51,14.52,14.51,14.51,116219
BAC,2016-04-29,12:11:00,14.52,14.52,14.50,14.51,553730
BAC,2016-04-29,12:12:00,14.52,14.52,14.51,14.52,110447
BAC,2016-04-29,12:13:00,14.51,14.52,14.51,14.52,185460
BAC,2016-04-29,12:14:00,14.51,14.53,14.51,14.52,275182
BAC,2016-04-29,12:15:00,14.52,14.53,14.51,14.52,261311
BAC,2016-04-29,12:16:00,14.51,14.52,14.51,14.52,61879
BAC,2016-04-29,12:17:00,14.52,14.53,14.51,14.52,294315
BAC,2016-04-29,12:18:00,14.52,14.53,14.51,14.53,373932
BAC,2016-04-29,12:19:00,14.53,14.53,14.52,14.53,109874
BAC,2016-04-29,12:20:00,14.52,14.54,14.52,14.54,317494
BAC,2016-04-29,12:21:00,14.53,14.54,14.53,14.53,45770
BAC,2016-04-29,12:22:00,14.53,14.54,14.53,14.54,89047
BAC,2016-04-29,12:23:00,14.54,14.55,14.54,14.55,270210
BAC,2016-04-29,12:24:00,14.54,14.55,14.54,14.54,178520
BAC,2016-04-29,12:25:00,14.54,14.55,14.53,14.53,309248
BAC,2016-04-29,12:26:00,14.53,14.54,14.53,14.53,54960
BAC,2016-04-29,12:27:00,14.53,14.54,14.53,14.54,63160
BAC,2016-04-29,12:28:00,14.54,14.54,14.53,14.53,81160
BAC,2016-04-29,12:29:00,14.54,14.54,14.53,14.53,33333
BAC,2016-04-29,12:30:00,14.53,14.54,14.52,14.52,269000
BAC,2016-04-29,12:31:00,14.52,14.53,14.51,14.51,183001
BAC,2016-04-29,12:32:00,14.52,14.53,14.51,14.52,126092
BAC,2016-04-29,12:33:00,14.53,14.53,14.52,14.53,193646
BAC,2016-04-29,12:34:00,14.53,14.53,14.52,14.52,52374
BAC,2016-04-29,12:35:00,14.53,14.54,14.52,14.54,123253
BAC,2016-04-29,12:36:00,14.54,14.54,14.53,14.54,80439
BAC,2016-04-29,12:37:00,14.53,14.54,14.53,14.53,7814
BAC,2016-04-29,12:38:00,14.54,14.54,14.52,14.53,148251
BAC,2016-04-29,12:39:00,14.52,14.55,14.52,14.55,241668
BAC,2016-04-29,12:40:00,14.55,14.56,14.54,14.55,394170
BAC,2016-04-29,12:41:00,14.54,14.55,14.53,14.53,145443
BAC,2016-04-29,12:42:00,14.53,14.54,14.53,14.53,60203
BAC,2016-04-29,12:43:00,14.53,14.54,14.53,14.53,110060
BAC,2016-04-29,12:44:00,14.53,14.54,14.53,14.53,27196
BAC,2016-04-29,12:45:00,14.54,14.55,14.53,14.54,452841
BAC,2016-04-29,12:46:00,14.54,14.55,14.53,14.54,617725
BAC,2016-04-29,12:47:00,14.54,14.57,14.54,14.57,403202
BAC,2016-04-29,12:48:00,14.56,14.57,14.56,14.56,66706
BAC,2016-04-29,12:49:00,14.56,14.58,14.56,14.57,231175
BAC,2016-04-29,12:50:00,14.58,14.58,14.57,14.57,47671
BAC,2016-04-29,12:51:00,14.57,14.59,14.57,14.58,194977
BAC,2016-04-29,12:52:00,14.58,14.59,14.57,14.59,181560
BAC,2016-04-29,12:53:00,14.58,14.59,14.57,14.58,150189
BAC,2016-04-29,12:54:00,14.57,14.58,14.55,14.55,289130
BAC,2016-04-29,12:55:00,14.55,14.57,14.55,14.56,111354
BAC,2016-04-29,12:56:00,14.56,14.57,14.56,14.56,124437
BAC,2016-04-29,12:57:00,14.55,14.56,14.55,14.55,64307
BAC,2016-04-29,12:58:00,14.55,14.56,14.54,14.56,378574
BAC,2016-04-29,12:59:00,14.55,14.56,14.55,14.55,93402
BAC,2016-04-29,13:00:00,14.55,14.56,14.55,14.55,41175
BAC,2016-04-29,13:01:00,14.55,14.56,14.54,14.54,241621
BAC,2016-04-29,13:02:00,14.54,14.56,14.54,14.55,124464
BAC,2016-04-29,13:03:00,14.55,14.56,14.55,14.56,150550
BAC,2016-04-29,13:04:00,14.55,14.57,14.55,14.56,93421
BAC,2016-04-29,13:05:00,14.57,14.57,14.56,14.56,92866
BAC,2016-04-29,13:06:00,14.56,14.57,14.55,14.57,184060
BAC,2016-04-29,13:07:00,14.56,14.57,14.56,14.57,54157
BAC,2016-04-29,13:08:00,14.56,14.57,14.56,14.57,26796
BAC,2016-04-29,13:09:00,14.57,14.57,14.56,14.57,65978
BAC,2016-04-29,13:10:00,14.56,14.59,14.56,14.58,307852
BAC,2016-04-29,13:11:00,14.58,14.59,14.57,14.59,246158
BAC,2016-04-29,13:12:00,14.59,14.59,14.57,14.58,124089
BAC,2016-04-29,13:13:00,14.57,14.59,14.57,14.59,119192
BAC,2016-04-29,13:14:00,14.59,14.61,14.59,14.61,283765
BAC,2016-04-29,13:15:00,14.61,14.61,14.60,14.61,174537
BAC,2016-04-29,13:16:00,14.61,14.61,14.60,14.60,58771
BAC,2016-04-29,13:17:00,14.61,14.61,14.59,14.60,328368
BAC,2016-04-29,13:18:00,14.60,14.60,14.59,14.60,46716
BAC,2016-04-29,13:19:00,14.60,14.60,14.59,14.59,101511
BAC,2016-04-29,13:20:00,14.60,14.61,14.59,14.61,233054
BAC,2016-04-29,13:21:00,14.60,14.61,14.60,14.61,62419
BAC,2016-04-29,13:22:00,14.61,14.62,14.60,14.62,183779
BAC,2016-04-29,13:23:00,14.61,14.62,14.60,14.61,406979
BAC,2016-04-29,13:24:00,14.61,14.62,14.60,14.61,83068
BAC,2016-04-29,13:25:00,14.61,14.63,14.61,14.62,375094
BAC,2016-04-29,13:26:00,14.63,14.63,14.62,14.62,206360
BAC,2016-04-29,13:27:00,14.62,14.64,14.62,14.64,240077
BAC,2016-04-29,13:28:00,14.63,14.64,14.62,14.62,190951
BAC,2016-04-29,13:29:00,14.62,14.63,14.61,14.61,210560
BAC,2016-04-29,13:30:00,14.61,14.62,14.60,14.61,126416
BAC,2016-04-29,13:31:00,14.61,14.61,14.59,14.60,121922
BAC,2016-04-29,13:32:00,14.59,14.61,14.58,14.61,539205
BAC,2016-04-29,13:33:00,14.61,14.61,14.60,14.60,55516
BAC,2016-04-29,13:34:00,14.60,14.61,14.59,14.60,268196
BAC,2016-04-29,13:35:00,14.60,14.61,14.60,14.60,50118
BAC,2016-04-29,13:36:00,14.60,14.61,14.59,14.60,217888
BAC,2016-04-29,13:37:00,14.60,14.60,14.59,14.59,177137
BAC,2016-04-29,13:38:00,14.59,14.61,14.58,14.58,550608
BAC,2016-04-29,13:39:00,14.58,14.59,14.57,14.57,180044
BAC,2016-04-29,13:40:00,14.57,14.59,14.57,14.57,332941
BAC,2016-04-29,13:41:00,14.57,14.58,14.57,14.57,67455
BAC,2016-04-29,13:42:00,14.57,14.58,14.57,14.57,40750
BAC,2016-04-29,13:43:00,14.58,14.58,14.56,14.56,105865
BAC,2016-04-29,13:44:00,14.56,14.57,14.55,14.55,175013
BAC,2016-04-29,13:45:00,14.55,14.56,14.55,14.55,84005
BAC,2016-04-29,13:46:00,14.55,14.56,14.55,14.55,116110
BAC,2016-04-29,13:47:00,14.55,14.56,14.54,14.55,256979
BAC,2016-04-29,13:48:00,14.55,14.55,14.54,14.54,87744
BAC,2016-04-29,13:49:00,14.54,14.55,14.54,14.55,272512
BAC,2016-04-29,13:50:00,14.55,14.56,14.55,14.55,32416
BAC,2016-04-29,13:51:00,14.55,14.55,14.54,14.54,248038
BAC,2016-04-29,13:52:00,14.54,14.55,14.54,14.54,159234
BAC,2016-04-29,13:53:00,14.54,14.56,14.54,14.56,161832
BAC,2016-04-29,13:54:00,14.56,14.57,14.55,14.56,200975
BAC,2016-04-29,13:55:00,14.56,14.56,14.54,14.54,203014
BAC,2016-04-29,13:56:00,14.54,14.55,14.53,14.53,104070
BAC,2016-04-29,13:57:00,14.53,14.54,14.52,14.52,57295
BAC,2016-04-29,13:58:00,14.52,14.53,14.51,14.51,233105
BAC,2016-04-29,13:59:00,14.51,14.51,14.50,14.51,275683
BAC,2016-04-29,14:00:00,14.51,14.52,14.50,14.51,265116
BAC,2016-04-29,14:01:00,14.52,14.52,14.51,14.52,51568
BAC,2016-04-29,14:02:00,14.52,14.52,14.51,14.52,255496
BAC,2016-04-29,14:03:00,14.52,14.52,14.50,14.51,201043
BAC,2016-04-29,14:04:00,14.51,14.51,14.50,14.50,71883
BAC,2016-04-29,14:05:00,14.51,14.52,14.50,14.51,201319
BAC,2016-04-29,14:06:00,14.51,14.52,14.51,14.52,95954
BAC,2016-04-29,14:07:00,14.51,14.52,14.51,14.51,86065
BAC,2016-04-29,14:08:00,14.52,14.52,14.51,14.51,68517
BAC,2016-04-29,14:09:00,14.51,14.52,14.51,14.51,80844
BAC,2016-04-29,14:10:00,14.52,14.52,14.50,14.50,224333
BAC,2016-04-29,14:11:00,14.51,14.51,14.49,14.50,573222
BAC,2016-04-29,14:12:00,14.49,14.50,14.48,14.48,202534
BAC,2016-04-29,14:13:00,14.48,14.49,14.47,14.48,346027
BAC,2016-04-29,14:14:00,14.47,14.48,14.47,14.47,87126
BAC,2016-04-29,14:15:00,14.47,14.48,14.47,14.47,65233
BAC,2016-04-29,14:16:00,14.47,14.48,14.47,14.47,76262
BAC,2016-04-29,14:17:00,14.48,14.48,14.47,14.47,393495
BAC,2016-04-29,14:18:00,14.47,14.48,14.46,14.48,309411
BAC,2016-04-29,14:19:00,14.47,14.50,14.47,14.49,413078
BAC,2016-04-29,14:20:00,14.50,14.52,14.49,14.51,355086
BAC,2016-04-29,14:21:00,14.50,14.51,14.50,14.51,97144
BAC,2016-04-29,14:22:00,14.51,14.52,14.50,14.51,304586
BAC,2016-04-29,14:23:00,14.52,14.54,14.51,14.53,233073
BAC,2016-04-29,14:24:00,14.53,14.54,14.52,14.53,89297
BAC,2016-04-29,14:25:00,14.52,14.53,14.52,14.53,112562
BAC,2016-04-29,14:26:00,14.53,14.53,14.52,14.53,102093
BAC,2016-04-29,14:27:00,14.52,14.53,14.51,14.52,120251
BAC,2016-04-29,14:28:00,14.52,14.54,14.52,14.54,403361
BAC,2016-04-29,14:29:00,14.54,14.55,14.53,14.54,104954
BAC,2016-04-29,14:30:00,14.54,14.55,14.54,14.54,90206
BAC,2016-04-29,14:31:00,14.54,14.54,14.52,14.53,400888
BAC,2016-04-29,14:32:00,14.53,14.53,14.51,14.52,127917
BAC,2016-04-29,14:33:00,14.51,14.52,14.50,14.51,257379
BAC,2016-04-29,14:34:00,14.51,14.52,14.50,14.51,81895
BAC,2016-04-29,14:35:00,14.51,14.52,14.50,14.52,107477
BAC,2016-04-29,14:36:00,14.51,14.52,14.50,14.50,115387
BAC,2016-04-29,14:37:00,14.50,14.52,14.50,14.51,564572
BAC,2016-04-29,14:38:00,14.51,14.51,14.50,14.51,190514
BAC,2016-04-29,14:39:00,14.51,14.51,14.49,14.49,336347
BAC,2016-04-29,14:40:00,14.49,14.50,14.49,14.49,148284
BAC,2016-04-29,14:41:00,14.49,14.50,14.49,14.49,60900
BAC,2016-04-29,14:42:00,14.49,14.50,14.49,14.49,111477
BAC,2016-04-29,14:43:00,14.49,14.49,14.47,14.47,202270
BAC,2016-04-29,14:44:00,14.47,14.48,14.46,14.46,327497
BAC,2016-04-29,14:45:00,14.46,14.48,14.46,14.47,247599
BAC,2016-04-29,14:46:00,14.47,14.48,14.47,14.47,113845
BAC,2016-04-29,14:47:00,14.47,14.48,14.47,14.47,75324
BAC,2016-04-29,14:48:00,14.48,14.49,14.47,14.48,488017
BAC,2016-04-29,14:49:00,14.48,14.49,14.48,14.48,100554
BAC,2016-04-29,14:50:00,14.48,14.50,14.48,14.49,443041
BAC,2016-04-29,14:51:00,14.50,14.50,14.47,14.47,270739
BAC,2016-04-29,14:52:00,14.47,14.48,14.46,14.46,252825
BAC,2016-04-29,14:53:00,14.47,14.47,14.45,14.45,249019
BAC,2016-04-29,14:54:00,14.46,14.46,14.45,14.46,358880
BAC,2016-04-29,14:55:00,14.46,14.46,14.45,14.45,250650
BAC,2016-04-29,14:56:00,14.46,14.47,14.45,14.46,526196
BAC,2016-04-29,14:57:00,14.46,14.47,14.45,14.46,398030
BAC,2016-04-29,14:58:00,14.46,14.46,14.45,14.46,101512
BAC,2016-04-29,14:59:00,14.46,14.46,14.44,14.45,319965
BAC,2016-04-29,15:00:00,14.45,14.45,14.43,14.43,237906
BAC,2016-04-29,15:01:00,14.43,14.45,14.43,14.45,676264
BAC,2016-04-29,15:02:00,14.45,14.47,14.44,14.46,434116
BAC,2016-04-29,15:03:00,14.46,14.47,14.45,14.45,332817
BAC,2016-04-29,15:04:00,14.44,14.47,14.44,14.46,309130
BAC,2016-04-29,15:05:00,14.46,14.48,14.46,14.47,194936
BAC,2016-04-29,15:06:00,14.47,14.48,14.47,14.47,135430
BAC,2016-04-29,15:07:00,14.47,14.49,14.47,14.47,552575
BAC,2016-04-29,15:08:00,14.48,14.49,14.47,14.48,524414
BAC,2016-04-29,15:09:00,14.48,14.49,14.47,14.47,324103
BAC,2016-04-29,15:10:00,14.47,14.48,14.47,14.47,73338
BAC,2016-04-29,15:11:00,14.47,14.48,14.46,14.46,245145
BAC,2016-04-29,15:12:00,14.46,14.47,14.46,14.46,480642
BAC,2016-04-29,15:13:00,14.46,14.47,14.46,14.46,138807
BAC,2016-04-29,15:14:00,14.46,14.49,14.46,14.48,1057261
BAC,2016-04-29,15:15:00,14.49,14.50,14.48,14.49,246299
BAC,2016-04-29,15:16:00,14.49,14.51,14.49,14.51,257649
BAC,2016-04-29,15:17:00,14.51,14.51,14.49,14.49,408700
BAC,2016-04-29,15:18:00,14.49,14.50,14.49,14.50,200399
BAC,2016-04-29,15:19:00,14.49,14.51,14.49,14.49,369343
BAC,2016-04-29,15:20:00,14.49,14.51,14.49,14.51,176949
BAC,2016-04-29,15:21:00,14.51,14.51,14.50,14.51,202596
BAC,2016-04-29,15:22:00,14.50,14.51,14.50,14.51,154022
BAC,2016-04-29,15:23:00,14.51,14.52,14.50,14.51,407180
BAC,2016-04-29,15:24:00,14.51,14.52,14.50,14.50,427979
BAC,2016-04-29,15:25:00,14.51,14.51,14.50,14.51,74052
BAC,2016-04-29,15:26:00,14.51,14.52,14.50,14.51,191899
BAC,2016-04-29,15:27:00,14.51,14.52,14.50,14.51,281488
BAC,2016-04-29,15:28:00,14.51,14.52,14.50,14.52,279820
BAC,2016-04-29,15:29:00,14.52,14.52,14.50,14.50,200826
BAC,2016-04-29,15:30:00,14.51,14.51,14.50,14.51,325438
BAC,2016-04-29,15:31:00,14.51,14.52,14.50,14.52,190699
BAC,2016-04-29,15:32:00,14.52,14.52,14.51,14.52,264067
BAC,2016-04-29,15:33:00,14.52,14.55,14.52,14.55,685581
BAC,2016-04-29,15:34:00,14.55,14.57,14.54,14.55,874323
BAC,2016-04-29,15:35:00,14.55,14.57,14.55,14.56,515687
BAC,2016-04-29,15:36:00,14.57,14.57,14.56,14.56,390231
BAC,2016-04-29,15:37:00,14.57,14.57,14.55,14.55,411449
BAC,2016-04-29,15:38:00,14.55,14.57,14.55,14.57,684112
BAC,2016-04-29,15:39:00,14.56,14.58,14.56,14.57,840866
BAC,2016-04-29,15:40:00,14.57,14.58,14.56,14.56,449992
BAC,2016-04-29,15:41:00,14.56,14.57,14.56,14.56,322398
BAC,2016-04-29,15:42:00,14.56,14.57,14.56,14.57,571660
BAC,2016-04-29,15:43:00,14.57,14.59,14.56,14.59,275090
BAC,2016-04-29,15:44:00,14.59,14.60,14.57,14.57,784238
BAC,2016-04-29,15:45:00,14.57,14.59,14.57,14.58,540653
BAC,2016-04-29,15:46:00,14.59,14.60,14.58,14.60,813323
BAC,2016-04-29,15:47:00,14.60,14.61,14.60,14.61,820810
BAC,2016-04-29,15:48:00,14.61,14.61,14.60,14.60,452692
BAC,2016-04-29,15:49:00,14.60,14.61,14.57,14.57,721754
BAC,2016-04-29,15:50:00,14.57,14.58,14.56,14.56,388086
BAC,2016-04-29,15:51:00,14.56,14.57,14.55,14.55,749313
BAC,2016-04-29,15:52:00,14.56,14.56,14.55,14.55,260840
BAC,2016-04-29,15:53:00,14.55,14.56,14.54,14.54,315163
BAC,2016-04-29,15:54:00,14.54,14.55,14.54,14.54,673206
BAC,2016-04-29,15:55:00,14.55,14.56,14.54,14.55,1459010
BAC,2016-04-29,15:56:00,14.55,14.56,14.54,14.54,588061
BAC,2016-04-29,15:57:00,14.55,14.55,14.53,14.54,913170
BAC,2016-04-29,15:58:00,14.53,14.54,14.52,14.53,500002
BAC,2016-04-29,15:59:00,14.53,14.53,14.51,14.53,2017399
BAC,2016-04-29,16:00:00,14.53,14.55,14.52,14.55,1622048
