BCS,2016-04-28,09:31:00,10.06,10.08,10.06,10.07,37119
BCS,2016-04-28,09:32:00,10.07,10.08,10.06,10.07,43487
BCS,2016-04-28,09:33:00,10.07,10.10,10.07,10.10,55525
BCS,2016-04-28,09:34:00,10.10,10.10,10.08,10.08,30338
BCS,2016-04-28,09:35:00,10.09,10.09,10.08,10.08,4662
BCS,2016-04-28,09:36:00,10.09,10.10,10.09,10.09,18848
BCS,2016-04-28,09:37:00,10.10,10.10,10.09,10.09,35331
BCS,2016-04-28,09:38:00,10.09,10.10,10.09,10.10,3600
BCS,2016-04-28,09:39:00,10.10,10.10,10.09,10.09,17640
BCS,2016-04-28,09:40:00,10.09,10.09,10.08,10.08,34079
BCS,2016-04-28,09:41:00,10.08,10.09,10.07,10.09,21926
BCS,2016-04-28,09:42:00,10.09,10.10,10.09,10.09,7169
BCS,2016-04-28,09:43:00,10.10,10.10,10.09,10.10,2541
BCS,2016-04-28,09:44:00,10.10,10.12,10.10,10.12,11886
BCS,2016-04-28,09:45:00,10.11,10.12,10.11,10.12,27904
BCS,2016-04-28,09:46:00,10.12,10.12,10.11,10.11,2611
BCS,2016-04-28,09:47:00,10.12,10.12,10.11,10.11,3907
BCS,2016-04-28,09:48:00,10.11,10.12,10.11,10.12,1902
BCS,2016-04-28,09:49:00,10.11,10.13,10.11,10.13,36241
BCS,2016-04-28,09:50:00,10.13,10.13,10.12,10.12,1734
BCS,2016-04-28,09:51:00,10.12,10.15,10.12,10.15,5325
BCS,2016-04-28,09:52:00,10.15,10.15,10.13,10.14,21404
BCS,2016-04-28,09:53:00,10.13,10.14,10.13,10.14,7602
BCS,2016-04-28,09:54:00,10.13,10.14,10.13,10.14,1650
BCS,2016-04-28,09:55:00,10.14,10.16,10.14,10.15,30634
BCS,2016-04-28,09:56:00,10.14,10.15,10.14,10.14,10616
BCS,2016-04-28,09:57:00,10.14,10.15,10.14,10.15,29009
BCS,2016-04-28,09:58:00,10.14,10.14,10.14,10.14,400
BCS,2016-04-28,09:59:00,10.14,10.17,10.14,10.17,35426
BCS,2016-04-28,10:00:00,10.16,10.18,10.16,10.17,28056
BCS,2016-04-28,10:01:00,10.18,10.20,10.18,10.20,4989
BCS,2016-04-28,10:02:00,10.20,10.20,10.19,10.19,26557
BCS,2016-04-28,10:03:00,10.18,10.19,10.18,10.19,925
BCS,2016-04-28,10:04:00,10.19,10.20,10.19,10.19,6358
BCS,2016-04-28,10:05:00,10.20,10.20,10.19,10.19,7521
BCS,2016-04-28,10:06:00,10.20,10.20,10.19,10.19,3298
BCS,2016-04-28,10:07:00,10.20,10.21,10.20,10.21,17404
BCS,2016-04-28,10:08:00,10.21,10.21,10.20,10.20,4195
BCS,2016-04-28,10:09:00,10.20,10.20,10.19,10.19,10300
BCS,2016-04-28,10:10:00,10.19,10.19,10.17,10.17,4343
BCS,2016-04-28,10:11:00,10.17,10.18,10.16,10.17,3306
BCS,2016-04-28,10:12:00,10.16,10.16,10.16,10.16,1153
BCS,2016-04-28,10:13:00,10.16,10.18,10.16,10.18,8723
BCS,2016-04-28,10:14:00,10.17,10.17,10.17,10.17,209
BCS,2016-04-28,10:15:00,10.17,10.17,10.17,10.17,2662
BCS,2016-04-28,10:16:00,10.16,10.17,10.16,10.17,12000
BCS,2016-04-28,10:17:00,10.16,10.17,10.16,10.17,4221
BCS,2016-04-28,10:18:00,10.16,10.16,10.16,10.16,6543
BCS,2016-04-28,10:19:00,10.16,10.16,10.16,10.16,1018
BCS,2016-04-28,10:20:00,10.15,10.16,10.14,10.14,17166
BCS,2016-04-28,10:21:00,10.13,10.13,10.13,10.13,100
BCS,2016-04-28,10:22:00,10.13,10.14,10.13,10.14,34914
BCS,2016-04-28,10:23:00,10.13,10.15,10.13,10.14,66906
BCS,2016-04-28,10:24:00,10.14,10.14,10.14,10.14,5684
BCS,2016-04-28,10:25:00,10.13,10.15,10.13,10.14,2403
BCS,2016-04-28,10:26:00,10.15,10.16,10.15,10.16,17834
BCS,2016-04-28,10:27:00,10.15,10.16,10.15,10.15,1250
BCS,2016-04-28,10:28:00,10.15,10.16,10.15,10.15,4312
BCS,2016-04-28,10:29:00,10.15,10.16,10.15,10.16,600
BCS,2016-04-28,10:30:00,10.15,10.16,10.15,10.16,3714
BCS,2016-04-28,10:31:00,10.16,10.16,10.16,10.16,8226
BCS,2016-04-28,10:32:00,10.16,10.16,10.15,10.16,4190
BCS,2016-04-28,10:33:00,10.17,10.17,10.16,10.16,8003
BCS,2016-04-28,10:34:00,10.17,10.17,10.16,10.16,400
BCS,2016-04-28,10:35:00,10.16,10.17,10.15,10.16,18748
BCS,2016-04-28,10:36:00,10.16,10.17,10.16,10.17,6668
BCS,2016-04-28,10:37:00,10.17,10.18,10.17,10.18,4700
BCS,2016-04-28,10:38:00,10.17,10.17,10.16,10.16,8280
BCS,2016-04-28,10:39:00,10.16,10.16,10.15,10.16,3818
BCS,2016-04-28,10:40:00,10.16,10.17,10.16,10.17,5923
BCS,2016-04-28,10:41:00,10.17,10.17,10.15,10.15,8642
BCS,2016-04-28,10:42:00,10.15,10.16,10.15,10.15,951
BCS,2016-04-28,10:43:00,10.16,10.17,10.16,10.16,14536
BCS,2016-04-28,10:44:00,10.16,10.16,10.16,10.16,8823
BCS,2016-04-28,10:45:00,10.16,10.16,10.15,10.15,8000
BCS,2016-04-28,10:46:00,10.16,10.16,10.16,10.16,1300
BCS,2016-04-28,10:47:00,10.17,10.18,10.17,10.18,14796
BCS,2016-04-28,10:48:00,10.18,10.19,10.18,10.19,4700
BCS,2016-04-28,10:49:00,10.18,10.20,10.18,10.20,1724
BCS,2016-04-28,10:50:00,10.20,10.20,10.19,10.19,13344
BCS,2016-04-28,10:51:00,10.19,10.21,10.19,10.20,2900
BCS,2016-04-28,10:52:00,10.20,10.21,10.19,10.19,16110
BCS,2016-04-28,10:53:00,10.20,10.20,10.20,10.20,100
BCS,2016-04-28,10:54:00,10.19,10.19,10.18,10.19,4120
BCS,2016-04-28,10:55:00,10.19,10.19,10.19,10.19,2315
BCS,2016-04-28,10:56:00,10.19,10.20,10.19,10.20,7413
BCS,2016-04-28,10:57:00,10.20,10.21,10.20,10.21,757
BCS,2016-04-28,10:58:00,10.20,10.20,10.19,10.19,12220
BCS,2016-04-28,10:59:00,10.19,10.20,10.19,10.20,1200
BCS,2016-04-28,11:00:00,10.20,10.20,10.20,10.20,1479
BCS,2016-04-28,11:01:00,10.20,10.21,10.20,10.20,4800
BCS,2016-04-28,11:02:00,10.21,10.21,10.21,10.21,2300
BCS,2016-04-28,11:03:00,10.20,10.20,10.19,10.20,10308
BCS,2016-04-28,11:04:00,10.20,10.20,10.19,10.20,1769
BCS,2016-04-28,11:05:00,10.20,10.21,10.19,10.21,64955
BCS,2016-04-28,11:06:00,10.21,10.21,10.20,10.21,8563
BCS,2016-04-28,11:07:00,10.20,10.21,10.20,10.21,1655
BCS,2016-04-28,11:08:00,10.20,10.20,10.19,10.19,4978
BCS,2016-04-28,11:09:00,10.20,10.20,10.19,10.19,896
BCS,2016-04-28,11:10:00,10.20,10.20,10.19,10.19,1500
BCS,2016-04-28,11:11:00,10.20,10.20,10.20,10.20,2676
BCS,2016-04-28,11:12:00,10.19,10.20,10.19,10.20,200
BCS,2016-04-28,11:13:00,10.20,10.20,10.20,10.20,225
BCS,2016-04-28,11:14:00,10.20,10.20,10.20,10.20,300
BCS,2016-04-28,11:15:00,10.20,10.21,10.20,10.20,10392
BCS,2016-04-28,11:16:00,10.21,10.21,10.20,10.20,54900
BCS,2016-04-28,11:17:00,10.19,10.20,10.19,10.20,2800
BCS,2016-04-28,11:18:00,10.19,10.19,10.18,10.19,4141
BCS,2016-04-28,11:19:00,10.19,10.19,10.18,10.18,6100
BCS,2016-04-28,11:20:00,10.19,10.19,10.18,10.18,600
BCS,2016-04-28,11:21:00,10.19,10.20,10.18,10.19,26392
BCS,2016-04-28,11:22:00,10.19,10.19,10.19,10.19,12759
BCS,2016-04-28,11:23:00,10.18,10.19,10.18,10.18,32243
BCS,2016-04-28,11:24:00,10.18,10.19,10.18,10.19,12516
BCS,2016-04-28,11:25:00,10.19,10.20,10.19,10.19,15845
BCS,2016-04-28,11:26:00,10.18,10.18,10.18,10.18,4700
BCS,2016-04-28,11:28:00,10.17,10.18,10.17,10.17,2700
BCS,2016-04-28,11:29:00,10.17,10.17,10.16,10.17,1150
BCS,2016-04-28,11:30:00,10.17,10.18,10.16,10.17,7583
BCS,2016-04-28,11:31:00,10.17,10.19,10.17,10.18,27262
BCS,2016-04-28,11:32:00,10.18,10.18,10.18,10.18,3968
BCS,2016-04-28,11:33:00,10.17,10.18,10.17,10.18,2071
BCS,2016-04-28,11:34:00,10.17,10.19,10.17,10.19,8211
BCS,2016-04-28,11:35:00,10.19,10.21,10.19,10.21,73826
BCS,2016-04-28,11:36:00,10.20,10.21,10.20,10.21,1889
BCS,2016-04-28,11:37:00,10.21,10.21,10.21,10.21,4516
BCS,2016-04-28,11:38:00,10.21,10.21,10.20,10.21,421
BCS,2016-04-28,11:39:00,10.21,10.21,10.21,10.21,2186
BCS,2016-04-28,11:41:00,10.21,10.21,10.21,10.21,300
BCS,2016-04-28,11:42:00,10.21,10.21,10.20,10.21,943
BCS,2016-04-28,11:43:00,10.21,10.21,10.21,10.21,200
BCS,2016-04-28,11:44:00,10.21,10.21,10.21,10.21,300
BCS,2016-04-28,11:45:00,10.21,10.21,10.21,10.21,100
BCS,2016-04-28,11:46:00,10.20,10.21,10.20,10.21,2200
BCS,2016-04-28,11:47:00,10.21,10.21,10.20,10.20,6090
BCS,2016-04-28,11:48:00,10.20,10.20,10.20,10.20,6020
BCS,2016-04-28,11:49:00,10.20,10.20,10.20,10.20,500
BCS,2016-04-28,11:50:00,10.20,10.20,10.19,10.19,700
BCS,2016-04-28,11:51:00,10.20,10.20,10.20,10.20,200
BCS,2016-04-28,11:52:00,10.19,10.19,10.19,10.19,642
BCS,2016-04-28,11:53:00,10.20,10.20,10.19,10.19,11329
BCS,2016-04-28,11:54:00,10.19,10.19,10.19,10.19,899
BCS,2016-04-28,11:55:00,10.18,10.18,10.18,10.18,736
BCS,2016-04-28,11:56:00,10.18,10.19,10.18,10.18,1739
BCS,2016-04-28,11:57:00,10.18,10.19,10.18,10.19,300
BCS,2016-04-28,11:58:00,10.19,10.19,10.18,10.18,200
BCS,2016-04-28,11:59:00,10.19,10.19,10.18,10.19,600
BCS,2016-04-28,12:00:00,10.19,10.19,10.18,10.18,8798
BCS,2016-04-28,12:01:00,10.18,10.19,10.18,10.19,28977
BCS,2016-04-28,12:02:00,10.19,10.20,10.18,10.20,11760
BCS,2016-04-28,12:03:00,10.20,10.20,10.19,10.20,6138
BCS,2016-04-28,12:04:00,10.20,10.20,10.20,10.20,258
BCS,2016-04-28,12:05:00,10.20,10.20,10.20,10.20,200
BCS,2016-04-28,12:06:00,10.20,10.20,10.20,10.20,100
BCS,2016-04-28,12:07:00,10.20,10.20,10.20,10.20,1400
BCS,2016-04-28,12:08:00,10.20,10.20,10.20,10.20,900
BCS,2016-04-28,12:09:00,10.20,10.20,10.20,10.20,400
BCS,2016-04-28,12:10:00,10.20,10.20,10.20,10.20,100
BCS,2016-04-28,12:11:00,10.20,10.20,10.20,10.20,300
BCS,2016-04-28,12:12:00,10.20,10.20,10.20,10.20,994
BCS,2016-04-28,12:14:00,10.20,10.20,10.19,10.20,2316
BCS,2016-04-28,12:15:00,10.20,10.20,10.20,10.20,300
BCS,2016-04-28,12:16:00,10.20,10.20,10.18,10.19,66445
BCS,2016-04-28,12:17:00,10.19,10.19,10.18,10.19,1500
BCS,2016-04-28,12:18:00,10.18,10.19,10.18,10.19,3098
BCS,2016-04-28,12:19:00,10.19,10.19,10.18,10.18,2409
BCS,2016-04-28,12:21:00,10.19,10.19,10.19,10.19,235
BCS,2016-04-28,12:22:00,10.18,10.19,10.18,10.18,400
BCS,2016-04-28,12:24:00,10.19,10.19,10.19,10.19,100
BCS,2016-04-28,12:25:00,10.19,10.19,10.19,10.19,200
BCS,2016-04-28,12:26:00,10.19,10.19,10.19,10.19,100
BCS,2016-04-28,12:27:00,10.19,10.20,10.19,10.20,20461
BCS,2016-04-28,12:28:00,10.20,10.20,10.20,10.20,500
BCS,2016-04-28,12:29:00,10.20,10.20,10.20,10.20,100
BCS,2016-04-28,12:30:00,10.20,10.20,10.20,10.20,100
BCS,2016-04-28,12:31:00,10.20,10.20,10.19,10.20,4000
BCS,2016-04-28,12:32:00,10.20,10.20,10.19,10.19,1400
BCS,2016-04-28,12:33:00,10.20,10.20,10.19,10.19,1000
BCS,2016-04-28,12:34:00,10.20,10.20,10.19,10.19,700
BCS,2016-04-28,12:36:00,10.20,10.20,10.20,10.20,327
BCS,2016-04-28,12:37:00,10.20,10.20,10.19,10.20,300
BCS,2016-04-28,12:38:00,10.20,10.20,10.20,10.20,400
BCS,2016-04-28,12:39:00,10.20,10.20,10.19,10.20,400
BCS,2016-04-28,12:40:00,10.20,10.20,10.20,10.20,12663
BCS,2016-04-28,12:41:00,10.20,10.20,10.20,10.20,1000
BCS,2016-04-28,12:42:00,10.19,10.20,10.19,10.20,700
BCS,2016-04-28,12:43:00,10.20,10.20,10.20,10.20,500
BCS,2016-04-28,12:44:00,10.20,10.20,10.19,10.20,2218
BCS,2016-04-28,12:45:00,10.20,10.20,10.20,10.20,200
BCS,2016-04-28,12:46:00,10.20,10.20,10.19,10.20,825
BCS,2016-04-28,12:47:00,10.20,10.20,10.20,10.20,300
BCS,2016-04-28,12:48:00,10.20,10.20,10.20,10.20,200
BCS,2016-04-28,12:49:00,10.20,10.20,10.20,10.20,250
BCS,2016-04-28,12:50:00,10.20,10.20,10.20,10.20,700
BCS,2016-04-28,12:51:00,10.20,10.20,10.20,10.20,300
BCS,2016-04-28,12:52:00,10.20,10.20,10.20,10.20,400
BCS,2016-04-28,12:53:00,10.20,10.21,10.20,10.21,17504
BCS,2016-04-28,12:54:00,10.21,10.22,10.21,10.22,8000
BCS,2016-04-28,12:55:00,10.21,10.22,10.21,10.22,5828
BCS,2016-04-28,12:56:00,10.22,10.22,10.21,10.22,7131
BCS,2016-04-28,12:57:00,10.22,10.22,10.21,10.21,1300
BCS,2016-04-28,12:58:00,10.21,10.21,10.21,10.21,100
BCS,2016-04-28,12:59:00,10.21,10.22,10.21,10.22,605
BCS,2016-04-28,13:00:00,10.22,10.22,10.22,10.22,1500
BCS,2016-04-28,13:01:00,10.22,10.22,10.21,10.21,2200
BCS,2016-04-28,13:02:00,10.21,10.21,10.20,10.21,14170
BCS,2016-04-28,13:03:00,10.20,10.21,10.20,10.20,3235
BCS,2016-04-28,13:04:00,10.21,10.21,10.19,10.20,2700
BCS,2016-04-28,13:05:00,10.20,10.20,10.20,10.20,100
BCS,2016-04-28,13:06:00,10.19,10.20,10.19,10.20,1993
BCS,2016-04-28,13:07:00,10.20,10.20,10.19,10.19,700
BCS,2016-04-28,13:08:00,10.19,10.19,10.19,10.19,175
BCS,2016-04-28,13:09:00,10.19,10.20,10.19,10.20,850
BCS,2016-04-28,13:11:00,10.20,10.20,10.20,10.20,200
BCS,2016-04-28,13:13:00,10.20,10.20,10.18,10.19,11832
BCS,2016-04-28,13:14:00,10.19,10.19,10.19,10.19,400
BCS,2016-04-28,13:15:00,10.19,10.19,10.18,10.19,2010
BCS,2016-04-28,13:16:00,10.19,10.19,10.19,10.19,100
BCS,2016-04-28,13:17:00,10.18,10.19,10.18,10.19,1700
BCS,2016-04-28,13:18:00,10.18,10.18,10.18,10.18,200
BCS,2016-04-28,13:19:00,10.19,10.19,10.18,10.19,500
BCS,2016-04-28,13:20:00,10.18,10.19,10.18,10.18,1200
BCS,2016-04-28,13:21:00,10.19,10.19,10.19,10.19,190
BCS,2016-04-28,13:22:00,10.19,10.19,10.18,10.18,1900
BCS,2016-04-28,13:23:00,10.18,10.19,10.18,10.19,400
BCS,2016-04-28,13:24:00,10.19,10.19,10.19,10.19,200
BCS,2016-04-28,13:25:00,10.18,10.19,10.18,10.19,600
BCS,2016-04-28,13:26:00,10.19,10.19,10.18,10.19,400
BCS,2016-04-28,13:27:00,10.19,10.19,10.19,10.19,100
BCS,2016-04-28,13:28:00,10.19,10.19,10.18,10.19,14230
BCS,2016-04-28,13:29:00,10.19,10.19,10.19,10.19,500
BCS,2016-04-28,13:30:00,10.18,10.19,10.18,10.18,1389
BCS,2016-04-28,13:31:00,10.19,10.19,10.19,10.19,200
BCS,2016-04-28,13:32:00,10.19,10.20,10.19,10.20,12233
BCS,2016-04-28,13:33:00,10.20,10.20,10.19,10.20,1236
BCS,2016-04-28,13:34:00,10.20,10.20,10.20,10.20,400
BCS,2016-04-28,13:35:00,10.20,10.20,10.19,10.20,1416
BCS,2016-04-28,13:36:00,10.20,10.20,10.20,10.20,100
BCS,2016-04-28,13:37:00,10.20,10.20,10.20,10.20,300
BCS,2016-04-28,13:38:00,10.20,10.20,10.19,10.19,700
BCS,2016-04-28,13:39:00,10.20,10.20,10.19,10.20,800
BCS,2016-04-28,13:40:00,10.20,10.20,10.20,10.20,200
BCS,2016-04-28,13:41:00,10.20,10.20,10.19,10.19,11700
BCS,2016-04-28,13:42:00,10.19,10.20,10.19,10.20,568
BCS,2016-04-28,13:43:00,10.20,10.20,10.19,10.20,2448
BCS,2016-04-28,13:44:00,10.20,10.20,10.19,10.19,24402
BCS,2016-04-28,13:45:00,10.20,10.20,10.19,10.19,2900
BCS,2016-04-28,13:46:00,10.20,10.20,10.18,10.19,12593
BCS,2016-04-28,13:47:00,10.19,10.19,10.18,10.19,3100
BCS,2016-04-28,13:48:00,10.19,10.19,10.18,10.18,4400
BCS,2016-04-28,13:49:00,10.19,10.19,10.18,10.19,3200
BCS,2016-04-28,13:50:00,10.19,10.19,10.18,10.18,700
BCS,2016-04-28,13:51:00,10.19,10.19,10.18,10.18,1500
BCS,2016-04-28,13:52:00,10.18,10.19,10.18,10.19,2050
BCS,2016-04-28,13:53:00,10.19,10.19,10.18,10.18,300
BCS,2016-04-28,13:54:00,10.18,10.19,10.18,10.19,600
BCS,2016-04-28,13:55:00,10.18,10.19,10.18,10.19,7650
BCS,2016-04-28,13:56:00,10.19,10.19,10.19,10.19,500
BCS,2016-04-28,13:57:00,10.18,10.19,10.18,10.19,408
BCS,2016-04-28,13:58:00,10.19,10.19,10.18,10.19,1000
BCS,2016-04-28,13:59:00,10.19,10.19,10.19,10.19,300
BCS,2016-04-28,14:00:00,10.19,10.19,10.18,10.19,6000
BCS,2016-04-28,14:01:00,10.19,10.19,10.18,10.19,2000
BCS,2016-04-28,14:02:00,10.18,10.19,10.18,10.19,13342
BCS,2016-04-28,14:03:00,10.19,10.20,10.19,10.20,8471
BCS,2016-04-28,14:04:00,10.20,10.20,10.20,10.20,5307
BCS,2016-04-28,14:05:00,10.20,10.20,10.20,10.20,458
BCS,2016-04-28,14:06:00,10.20,10.20,10.20,10.20,32551
BCS,2016-04-28,14:07:00,10.20,10.20,10.20,10.20,4464
BCS,2016-04-28,14:08:00,10.20,10.20,10.20,10.20,2700
BCS,2016-04-28,14:09:00,10.20,10.20,10.20,10.20,300
BCS,2016-04-28,14:10:00,10.20,10.20,10.20,10.20,4000
BCS,2016-04-28,14:11:00,10.20,10.20,10.20,10.20,1500
BCS,2016-04-28,14:12:00,10.20,10.20,10.20,10.20,12400
BCS,2016-04-28,14:13:00,10.20,10.20,10.18,10.19,38438
BCS,2016-04-28,14:14:00,10.19,10.19,10.18,10.19,6286
BCS,2016-04-28,14:15:00,10.19,10.19,10.19,10.19,2000
BCS,2016-04-28,14:16:00,10.19,10.19,10.19,10.19,200
BCS,2016-04-28,14:17:00,10.19,10.20,10.19,10.19,11594
BCS,2016-04-28,14:18:00,10.20,10.20,10.19,10.20,1350
BCS,2016-04-28,14:19:00,10.20,10.20,10.20,10.20,1155
BCS,2016-04-28,14:20:00,10.20,10.20,10.20,10.20,200
BCS,2016-04-28,14:21:00,10.19,10.20,10.19,10.19,13893
BCS,2016-04-28,14:22:00,10.19,10.20,10.18,10.18,5600
BCS,2016-04-28,14:23:00,10.18,10.20,10.18,10.20,2948
BCS,2016-04-28,14:24:00,10.20,10.20,10.20,10.20,252
BCS,2016-04-28,14:25:00,10.20,10.20,10.20,10.20,200
BCS,2016-04-28,14:26:00,10.20,10.20,10.19,10.19,472
BCS,2016-04-28,14:27:00,10.20,10.20,10.19,10.20,12309
BCS,2016-04-28,14:28:00,10.20,10.20,10.20,10.20,1136
BCS,2016-04-28,14:29:00,10.20,10.20,10.20,10.20,400
BCS,2016-04-28,14:30:00,10.20,10.20,10.20,10.20,17800
BCS,2016-04-28,14:31:00,10.19,10.20,10.19,10.20,3048
BCS,2016-04-28,14:32:00,10.20,10.20,10.20,10.20,2025
BCS,2016-04-28,14:33:00,10.20,10.20,10.20,10.20,29826
BCS,2016-04-28,14:34:00,10.20,10.20,10.20,10.20,200
BCS,2016-04-28,14:35:00,10.20,10.20,10.20,10.20,200
BCS,2016-04-28,14:36:00,10.20,10.20,10.20,10.20,100
BCS,2016-04-28,14:37:00,10.20,10.20,10.19,10.19,7298
BCS,2016-04-28,14:38:00,10.19,10.19,10.18,10.18,1000
BCS,2016-04-28,14:39:00,10.19,10.19,10.18,10.18,304
BCS,2016-04-28,14:40:00,10.19,10.19,10.19,10.19,1109
BCS,2016-04-28,14:42:00,10.19,10.19,10.18,10.19,4225
BCS,2016-04-28,14:43:00,10.19,10.20,10.19,10.20,15797
BCS,2016-04-28,14:44:00,10.20,10.20,10.20,10.20,14305
BCS,2016-04-28,14:45:00,10.20,10.20,10.20,10.20,1800
BCS,2016-04-28,14:46:00,10.19,10.20,10.18,10.19,11830
BCS,2016-04-28,14:47:00,10.19,10.19,10.18,10.18,893
BCS,2016-04-28,14:48:00,10.19,10.19,10.19,10.19,100
BCS,2016-04-28,14:49:00,10.18,10.19,10.18,10.19,200
BCS,2016-04-28,14:50:00,10.19,10.19,10.19,10.19,1020
BCS,2016-04-28,14:51:00,10.19,10.19,10.18,10.18,200
BCS,2016-04-28,14:52:00,10.19,10.19,10.19,10.19,100
BCS,2016-04-28,14:53:00,10.19,10.19,10.19,10.19,940
BCS,2016-04-28,14:54:00,10.19,10.19,10.19,10.19,300
BCS,2016-04-28,14:55:00,10.19,10.19,10.18,10.18,9700
BCS,2016-04-28,14:56:00,10.17,10.17,10.17,10.17,100
BCS,2016-04-28,14:57:00,10.18,10.18,10.16,10.16,3005
BCS,2016-04-28,14:59:00,10.17,10.17,10.17,10.17,3900
BCS,2016-04-28,15:00:00,10.17,10.17,10.17,10.17,600
BCS,2016-04-28,15:01:00,10.17,10.17,10.17,10.17,100
BCS,2016-04-28,15:02:00,10.17,10.17,10.17,10.17,1100
BCS,2016-04-28,15:03:00,10.16,10.17,10.16,10.17,2060
BCS,2016-04-28,15:04:00,10.17,10.17,10.16,10.16,3144
BCS,2016-04-28,15:05:00,10.16,10.16,10.15,10.16,9287
BCS,2016-04-28,15:06:00,10.16,10.17,10.16,10.16,16000
BCS,2016-04-28,15:07:00,10.17,10.17,10.15,10.15,10735
BCS,2016-04-28,15:08:00,10.15,10.15,10.15,10.15,3246
BCS,2016-04-28,15:09:00,10.15,10.15,10.15,10.15,8768
BCS,2016-04-28,15:10:00,10.15,10.15,10.15,10.15,4600
BCS,2016-04-28,15:11:00,10.14,10.15,10.13,10.15,48146
BCS,2016-04-28,15:12:00,10.14,10.15,10.13,10.15,35585
BCS,2016-04-28,15:13:00,10.14,10.15,10.12,10.13,28106
BCS,2016-04-28,15:14:00,10.12,10.13,10.11,10.11,15331
BCS,2016-04-28,15:15:00,10.12,10.12,10.11,10.11,2900
BCS,2016-04-28,15:16:00,10.10,10.11,10.10,10.11,5972
BCS,2016-04-28,15:17:00,10.10,10.11,10.10,10.11,4100
BCS,2016-04-28,15:18:00,10.11,10.11,10.10,10.11,1103
BCS,2016-04-28,15:19:00,10.11,10.11,10.10,10.10,882
BCS,2016-04-28,15:20:00,10.10,10.11,10.10,10.10,30080
BCS,2016-04-28,15:21:00,10.11,10.11,10.11,10.11,21446
BCS,2016-04-28,15:22:00,10.11,10.11,10.10,10.10,3399
BCS,2016-04-28,15:23:00,10.10,10.10,10.09,10.09,6543
BCS,2016-04-28,15:24:00,10.09,10.10,10.09,10.10,3900
BCS,2016-04-28,15:25:00,10.10,10.10,10.09,10.09,7500
BCS,2016-04-28,15:26:00,10.09,10.10,10.06,10.07,39232
BCS,2016-04-28,15:27:00,10.07,10.08,10.06,10.08,8577
BCS,2016-04-28,15:28:00,10.07,10.07,10.06,10.06,69145
BCS,2016-04-28,15:29:00,10.06,10.06,10.05,10.05,18828
BCS,2016-04-28,15:30:00,10.05,10.06,10.03,10.04,34041
BCS,2016-04-28,15:31:00,10.04,10.06,10.04,10.05,35158
BCS,2016-04-28,15:32:00,10.05,10.06,10.05,10.06,10859
BCS,2016-04-28,15:33:00,10.06,10.07,10.06,10.06,7334
BCS,2016-04-28,15:34:00,10.06,10.06,10.05,10.05,40278
BCS,2016-04-28,15:35:00,10.05,10.05,10.05,10.05,747
BCS,2016-04-28,15:36:00,10.06,10.07,10.05,10.06,14887
BCS,2016-04-28,15:37:00,10.07,10.08,10.06,10.08,10700
BCS,2016-04-28,15:38:00,10.07,10.07,10.06,10.07,43381
BCS,2016-04-28,15:39:00,10.07,10.09,10.07,10.09,13504
BCS,2016-04-28,15:40:00,10.08,10.09,10.08,10.09,43631
BCS,2016-04-28,15:41:00,10.09,10.10,10.08,10.10,5025
BCS,2016-04-28,15:42:00,10.10,10.10,10.09,10.09,39539
BCS,2016-04-28,15:43:00,10.09,10.09,10.07,10.09,24741
BCS,2016-04-28,15:44:00,10.08,10.09,10.08,10.09,7598
BCS,2016-04-28,15:45:00,10.08,10.10,10.08,10.09,89096
BCS,2016-04-28,15:46:00,10.09,10.10,10.09,10.10,14215
BCS,2016-04-28,15:47:00,10.10,10.10,10.10,10.10,1275
BCS,2016-04-28,15:48:00,10.10,10.11,10.09,10.10,47816
BCS,2016-04-28,15:49:00,10.11,10.11,10.09,10.09,26756
BCS,2016-04-28,15:50:00,10.09,10.10,10.09,10.09,2900
BCS,2016-04-28,15:51:00,10.10,10.10,10.09,10.09,4786
BCS,2016-04-28,15:52:00,10.09,10.10,10.08,10.09,24283
BCS,2016-04-28,15:53:00,10.09,10.09,10.08,10.09,2505
BCS,2016-04-28,15:54:00,10.09,10.09,10.08,10.09,7567
BCS,2016-04-28,15:55:00,10.09,10.09,10.08,10.09,20385
BCS,2016-04-28,15:56:00,10.09,10.09,10.07,10.08,56188
BCS,2016-04-28,15:57:00,10.09,10.09,10.08,10.09,8419
BCS,2016-04-28,15:58:00,10.09,10.09,10.08,10.09,13236
BCS,2016-04-28,15:59:00,10.08,10.09,10.08,10.09,11971
BCS,2016-04-28,16:00:00,10.09,10.10,10.09,10.10,118495
BCS,2016-04-29,09:30:00,10.18,10.18,10.17,10.17,892
BCS,2016-04-29,09:31:00,10.17,10.19,10.17,10.19,51561
BCS,2016-04-29,09:32:00,10.18,10.20,10.18,10.20,22096
BCS,2016-04-29,09:33:00,10.20,10.20,10.19,10.20,69023
BCS,2016-04-29,09:34:00,10.20,10.20,10.17,10.19,180077
BCS,2016-04-29,09:35:00,10.19,10.20,10.19,10.19,4110
BCS,2016-04-29,09:36:00,10.20,10.20,10.19,10.19,17689
BCS,2016-04-29,09:37:00,10.19,10.20,10.19,10.19,12637
BCS,2016-04-29,09:38:00,10.18,10.19,10.18,10.19,1883
BCS,2016-04-29,09:39:00,10.18,10.18,10.16,10.17,30954
BCS,2016-04-29,09:40:00,10.16,10.18,10.16,10.18,12307
BCS,2016-04-29,09:41:00,10.17,10.18,10.17,10.17,1106
BCS,2016-04-29,09:42:00,10.17,10.17,10.16,10.17,24600
BCS,2016-04-29,09:43:00,10.17,10.18,10.17,10.18,9590
BCS,2016-04-29,09:44:00,10.17,10.17,10.16,10.17,18688
BCS,2016-04-29,09:45:00,10.18,10.18,10.17,10.17,14093
BCS,2016-04-29,09:46:00,10.18,10.18,10.16,10.17,17536
BCS,2016-04-29,09:47:00,10.16,10.16,10.14,10.14,29927
BCS,2016-04-29,09:48:00,10.14,10.15,10.13,10.13,10674
BCS,2016-04-29,09:49:00,10.13,10.13,10.11,10.12,14594
BCS,2016-04-29,09:50:00,10.12,10.12,10.12,10.12,800
BCS,2016-04-29,09:51:00,10.11,10.12,10.10,10.12,63986
BCS,2016-04-29,09:52:00,10.11,10.12,10.11,10.12,16204
BCS,2016-04-29,09:53:00,10.12,10.12,10.12,10.12,22658
BCS,2016-04-29,09:54:00,10.13,10.13,10.12,10.12,22052
BCS,2016-04-29,09:55:00,10.12,10.12,10.11,10.11,58493
BCS,2016-04-29,09:56:00,10.11,10.12,10.11,10.11,45573
BCS,2016-04-29,09:57:00,10.11,10.11,10.09,10.11,77503
BCS,2016-04-29,09:58:00,10.11,10.12,10.11,10.11,24294
BCS,2016-04-29,09:59:00,10.11,10.11,10.10,10.11,25083
BCS,2016-04-29,10:00:00,10.11,10.12,10.11,10.12,32766
BCS,2016-04-29,10:01:00,10.12,10.12,10.10,10.12,124122
BCS,2016-04-29,10:02:00,10.12,10.12,10.11,10.12,30340
BCS,2016-04-29,10:03:00,10.11,10.13,10.11,10.13,86796
BCS,2016-04-29,10:04:00,10.13,10.14,10.12,10.13,9244
BCS,2016-04-29,10:05:00,10.12,10.12,10.11,10.11,20193
BCS,2016-04-29,10:06:00,10.12,10.12,10.11,10.12,13678
BCS,2016-04-29,10:07:00,10.13,10.13,10.13,10.13,19346
BCS,2016-04-29,10:08:00,10.13,10.13,10.11,10.12,12667
BCS,2016-04-29,10:09:00,10.12,10.13,10.12,10.13,20143
BCS,2016-04-29,10:10:00,10.12,10.13,10.12,10.12,13892
BCS,2016-04-29,10:11:00,10.12,10.13,10.12,10.12,5057
BCS,2016-04-29,10:12:00,10.13,10.13,10.13,10.13,4721
BCS,2016-04-29,10:13:00,10.13,10.13,10.13,10.13,100
BCS,2016-04-29,10:14:00,10.14,10.14,10.12,10.13,28034
BCS,2016-04-29,10:15:00,10.13,10.13,10.12,10.12,7662
BCS,2016-04-29,10:16:00,10.12,10.12,10.11,10.12,2254
BCS,2016-04-29,10:17:00,10.11,10.12,10.11,10.12,500
BCS,2016-04-29,10:18:00,10.12,10.12,10.11,10.12,13779
BCS,2016-04-29,10:19:00,10.13,10.13,10.12,10.12,2605
BCS,2016-04-29,10:20:00,10.12,10.12,10.11,10.12,5000
BCS,2016-04-29,10:21:00,10.11,10.12,10.11,10.12,12036
BCS,2016-04-29,10:22:00,10.13,10.13,10.12,10.12,3623
BCS,2016-04-29,10:23:00,10.12,10.12,10.11,10.12,500
BCS,2016-04-29,10:24:00,10.12,10.12,10.12,10.12,2324
BCS,2016-04-29,10:25:00,10.12,10.13,10.12,10.12,11924
BCS,2016-04-29,10:26:00,10.11,10.11,10.11,10.11,7505
BCS,2016-04-29,10:27:00,10.10,10.11,10.10,10.10,3571
BCS,2016-04-29,10:28:00,10.10,10.10,10.09,10.10,15600
BCS,2016-04-29,10:29:00,10.10,10.11,10.09,10.11,13136
BCS,2016-04-29,10:30:00,10.10,10.12,10.10,10.11,8887
BCS,2016-04-29,10:31:00,10.12,10.12,10.12,10.12,600
BCS,2016-04-29,10:32:00,10.12,10.13,10.12,10.13,5781
BCS,2016-04-29,10:33:00,10.13,10.14,10.12,10.13,19994
BCS,2016-04-29,10:34:00,10.13,10.14,10.13,10.13,1700
BCS,2016-04-29,10:35:00,10.14,10.15,10.14,10.15,8794
BCS,2016-04-29,10:36:00,10.15,10.17,10.15,10.17,2404
BCS,2016-04-29,10:37:00,10.17,10.17,10.16,10.16,11690
BCS,2016-04-29,10:38:00,10.16,10.16,10.16,10.16,10386
BCS,2016-04-29,10:39:00,10.16,10.16,10.15,10.15,28850
BCS,2016-04-29,10:40:00,10.15,10.15,10.13,10.14,24405
BCS,2016-04-29,10:41:00,10.14,10.14,10.13,10.13,28000
BCS,2016-04-29,10:42:00,10.13,10.13,10.13,10.13,38739
BCS,2016-04-29,10:43:00,10.12,10.13,10.12,10.12,1444
BCS,2016-04-29,10:44:00,10.12,10.12,10.12,10.12,26122
BCS,2016-04-29,10:45:00,10.12,10.13,10.12,10.13,33532
BCS,2016-04-29,10:46:00,10.12,10.13,10.12,10.12,13365
BCS,2016-04-29,10:47:00,10.12,10.12,10.12,10.12,400
BCS,2016-04-29,10:48:00,10.12,10.12,10.12,10.12,1000
BCS,2016-04-29,10:49:00,10.12,10.12,10.12,10.12,5545
BCS,2016-04-29,10:50:00,10.12,10.12,10.11,10.11,1800
BCS,2016-04-29,10:51:00,10.10,10.10,10.09,10.09,3693
BCS,2016-04-29,10:52:00,10.09,10.09,10.08,10.09,13189
BCS,2016-04-29,10:53:00,10.09,10.09,10.09,10.09,900
BCS,2016-04-29,10:54:00,10.09,10.09,10.08,10.08,19299
BCS,2016-04-29,10:55:00,10.08,10.08,10.07,10.07,5900
BCS,2016-04-29,10:56:00,10.08,10.09,10.07,10.08,24997
BCS,2016-04-29,10:57:00,10.09,10.09,10.08,10.08,9000
BCS,2016-04-29,10:58:00,10.08,10.09,10.08,10.09,4268
BCS,2016-04-29,10:59:00,10.09,10.10,10.08,10.09,40228
BCS,2016-04-29,11:00:00,10.10,10.10,10.09,10.09,51295
BCS,2016-04-29,11:01:00,10.10,10.10,10.08,10.09,32731
BCS,2016-04-29,11:02:00,10.10,10.10,10.09,10.09,700
BCS,2016-04-29,11:03:00,10.09,10.09,10.07,10.08,4030
BCS,2016-04-29,11:04:00,10.08,10.09,10.08,10.09,23964
BCS,2016-04-29,11:05:00,10.09,10.10,10.08,10.08,21516
BCS,2016-04-29,11:06:00,10.08,10.09,10.07,10.09,4127
BCS,2016-04-29,11:07:00,10.09,10.10,10.08,10.09,10098
BCS,2016-04-29,11:08:00,10.09,10.11,10.09,10.11,15220
BCS,2016-04-29,11:09:00,10.10,10.10,10.09,10.10,16368
BCS,2016-04-29,11:10:00,10.11,10.11,10.09,10.09,5900
BCS,2016-04-29,11:11:00,10.09,10.10,10.09,10.10,2300
BCS,2016-04-29,11:12:00,10.10,10.11,10.10,10.11,40386
BCS,2016-04-29,11:13:00,10.11,10.12,10.11,10.12,9595
BCS,2016-04-29,11:14:00,10.12,10.12,10.12,10.12,4402
BCS,2016-04-29,11:15:00,10.12,10.13,10.11,10.12,27589
BCS,2016-04-29,11:16:00,10.11,10.12,10.10,10.11,12800
BCS,2016-04-29,11:17:00,10.10,10.11,10.10,10.10,2264
BCS,2016-04-29,11:18:00,10.10,10.10,10.09,10.10,3360
BCS,2016-04-29,11:19:00,10.09,10.09,10.08,10.09,5356
BCS,2016-04-29,11:20:00,10.09,10.10,10.09,10.09,30440
BCS,2016-04-29,11:21:00,10.08,10.09,10.06,10.06,16774
BCS,2016-04-29,11:22:00,10.07,10.08,10.07,10.08,19699
BCS,2016-04-29,11:23:00,10.07,10.07,10.06,10.07,14869
BCS,2016-04-29,11:24:00,10.08,10.08,10.07,10.08,13247
BCS,2016-04-29,11:25:00,10.08,10.09,10.07,10.08,5392
BCS,2016-04-29,11:26:00,10.08,10.08,10.06,10.07,4493
BCS,2016-04-29,11:27:00,10.08,10.08,10.07,10.07,2573
BCS,2016-04-29,11:28:00,10.06,10.06,10.04,10.06,44285
BCS,2016-04-29,11:29:00,10.05,10.05,10.04,10.04,6482
BCS,2016-04-29,11:30:00,10.04,10.05,10.03,10.05,19292
BCS,2016-04-29,11:31:00,10.04,10.04,10.03,10.04,11260
BCS,2016-04-29,11:32:00,10.04,10.04,10.03,10.03,7600
BCS,2016-04-29,11:33:00,10.03,10.04,10.02,10.03,28979
BCS,2016-04-29,11:34:00,10.03,10.03,10.01,10.01,20750
BCS,2016-04-29,11:35:00,10.01,10.04,10.00,10.04,244537
BCS,2016-04-29,11:36:00,10.04,10.04,10.03,10.03,75298
BCS,2016-04-29,11:37:00,10.03,10.03,10.01,10.02,21896
BCS,2016-04-29,11:38:00,10.02,10.02,10.02,10.02,1300
BCS,2016-04-29,11:39:00,10.01,10.02,9.99,9.99,91652
BCS,2016-04-29,11:40:00,9.99,10.01,9.99,10.00,29310
BCS,2016-04-29,11:41:00,10.01,10.01,10.00,10.01,1300
BCS,2016-04-29,11:42:00,10.01,10.01,10.00,10.00,700
BCS,2016-04-29,11:43:00,10.01,10.01,9.99,9.99,10802
BCS,2016-04-29,11:44:00,9.99,9.99,9.99,9.99,1100
BCS,2016-04-29,11:45:00,9.99,9.99,9.99,9.99,1500
BCS,2016-04-29,11:46:00,9.99,10.00,9.99,10.00,6068
BCS,2016-04-29,11:47:00,9.98,9.98,9.98,9.98,1997
BCS,2016-04-29,11:48:00,9.98,9.98,9.98,9.98,390
BCS,2016-04-29,11:49:00,9.98,10.00,9.98,9.99,15127
BCS,2016-04-29,11:50:00,10.00,10.01,10.00,10.01,2100
BCS,2016-04-29,11:51:00,10.00,10.01,10.00,10.01,2600
BCS,2016-04-29,11:52:00,10.01,10.02,10.01,10.02,1697
BCS,2016-04-29,11:53:00,10.01,10.03,10.01,10.03,7072
BCS,2016-04-29,11:54:00,10.02,10.03,10.02,10.03,500
BCS,2016-04-29,11:55:00,10.03,10.04,10.03,10.03,10553
BCS,2016-04-29,11:56:00,10.03,10.03,10.03,10.03,799
BCS,2016-04-29,11:57:00,10.03,10.04,10.03,10.03,600
BCS,2016-04-29,11:58:00,10.03,10.03,10.03,10.03,700
BCS,2016-04-29,11:59:00,10.03,10.04,10.03,10.04,500
BCS,2016-04-29,12:00:00,10.03,10.04,10.03,10.03,1567
BCS,2016-04-29,12:01:00,10.04,10.04,10.03,10.03,300
BCS,2016-04-29,12:02:00,10.03,10.04,10.03,10.03,7276
BCS,2016-04-29,12:03:00,10.02,10.03,10.01,10.01,2500
BCS,2016-04-29,12:04:00,10.01,10.02,10.01,10.01,3200
BCS,2016-04-29,12:05:00,10.01,10.01,10.01,10.01,1000
BCS,2016-04-29,12:06:00,10.02,10.02,10.02,10.02,8800
BCS,2016-04-29,12:07:00,10.01,10.03,10.01,10.03,6889
BCS,2016-04-29,12:08:00,10.03,10.03,10.03,10.03,1600
BCS,2016-04-29,12:09:00,10.03,10.03,10.02,10.02,8929
BCS,2016-04-29,12:10:00,10.01,10.03,10.01,10.03,2700
BCS,2016-04-29,12:11:00,10.03,10.03,10.03,10.03,500
BCS,2016-04-29,12:12:00,10.02,10.02,10.02,10.02,18728
BCS,2016-04-29,12:13:00,10.02,10.02,10.02,10.02,200
BCS,2016-04-29,12:14:00,10.02,10.03,10.02,10.03,3800
BCS,2016-04-29,12:15:00,10.02,10.03,10.01,10.01,5713
BCS,2016-04-29,12:16:00,10.02,10.02,10.01,10.01,4600
BCS,2016-04-29,12:17:00,10.02,10.03,10.02,10.02,4539
BCS,2016-04-29,12:18:00,10.02,10.03,10.02,10.02,1000
BCS,2016-04-29,12:19:00,10.03,10.03,10.02,10.03,482
BCS,2016-04-29,12:20:00,10.03,10.04,10.03,10.04,2746
BCS,2016-04-29,12:21:00,10.04,10.04,10.04,10.04,1520
BCS,2016-04-29,12:22:00,10.04,10.05,10.04,10.05,4190
BCS,2016-04-29,12:23:00,10.05,10.05,10.05,10.05,906
BCS,2016-04-29,12:24:00,10.05,10.05,10.04,10.04,3944
BCS,2016-04-29,12:25:00,10.04,10.04,10.03,10.04,2000
BCS,2016-04-29,12:26:00,10.04,10.04,10.04,10.04,300
BCS,2016-04-29,12:27:00,10.04,10.04,10.04,10.04,600
BCS,2016-04-29,12:28:00,10.04,10.04,10.04,10.04,1100
BCS,2016-04-29,12:29:00,10.04,10.04,10.04,10.04,1400
BCS,2016-04-29,12:30:00,10.04,10.04,10.04,10.04,1711
BCS,2016-04-29,12:31:00,10.04,10.04,10.04,10.04,1879
BCS,2016-04-29,12:32:00,10.04,10.04,10.04,10.04,3397
BCS,2016-04-29,12:33:00,10.04,10.05,10.04,10.05,7960
BCS,2016-04-29,12:34:00,10.05,10.05,10.05,10.05,4361
BCS,2016-04-29,12:35:00,10.06,10.06,10.06,10.06,2789
BCS,2016-04-29,12:36:00,10.05,10.06,10.05,10.05,1000
BCS,2016-04-29,12:37:00,10.05,10.06,10.05,10.06,200
BCS,2016-04-29,12:38:00,10.05,10.06,10.05,10.06,2200
BCS,2016-04-29,12:39:00,10.06,10.07,10.05,10.06,3649
BCS,2016-04-29,12:40:00,10.06,10.07,10.06,10.07,700
BCS,2016-04-29,12:41:00,10.07,10.07,10.06,10.06,5289
BCS,2016-04-29,12:42:00,10.05,10.06,10.05,10.06,5085
BCS,2016-04-29,12:43:00,10.06,10.06,10.05,10.05,1412
BCS,2016-04-29,12:44:00,10.06,10.06,10.05,10.05,500
BCS,2016-04-29,12:45:00,10.05,10.05,10.05,10.05,5755
BCS,2016-04-29,12:46:00,10.06,10.06,10.06,10.06,900
BCS,2016-04-29,12:47:00,10.06,10.06,10.06,10.06,1300
BCS,2016-04-29,12:48:00,10.06,10.07,10.06,10.07,3000
BCS,2016-04-29,12:49:00,10.07,10.07,10.06,10.06,663
BCS,2016-04-29,12:50:00,10.07,10.07,10.07,10.07,1370
BCS,2016-04-29,12:51:00,10.07,10.07,10.07,10.07,3300
BCS,2016-04-29,12:52:00,10.07,10.07,10.07,10.07,4834
BCS,2016-04-29,12:53:00,10.06,10.07,10.06,10.07,600
BCS,2016-04-29,12:54:00,10.06,10.06,10.06,10.06,4016
BCS,2016-04-29,12:55:00,10.06,10.06,10.05,10.05,400
BCS,2016-04-29,12:56:00,10.06,10.06,10.05,10.05,21155
BCS,2016-04-29,12:57:00,10.06,10.06,10.06,10.06,600
BCS,2016-04-29,12:58:00,10.05,10.05,10.05,10.05,1600
BCS,2016-04-29,12:59:00,10.04,10.05,10.04,10.05,500
BCS,2016-04-29,13:00:00,10.05,10.05,10.05,10.05,4782
BCS,2016-04-29,13:01:00,10.06,10.06,10.06,10.06,1900
BCS,2016-04-29,13:02:00,10.06,10.06,10.06,10.06,900
BCS,2016-04-29,13:03:00,10.06,10.06,10.06,10.06,706
BCS,2016-04-29,13:04:00,10.06,10.06,10.06,10.06,1200
BCS,2016-04-29,13:05:00,10.06,10.06,10.06,10.06,500
BCS,2016-04-29,13:06:00,10.06,10.06,10.06,10.06,1374
BCS,2016-04-29,13:07:00,10.06,10.06,10.05,10.05,600
BCS,2016-04-29,13:08:00,10.06,10.06,10.06,10.06,816
BCS,2016-04-29,13:09:00,10.06,10.06,10.06,10.06,2897
BCS,2016-04-29,13:10:00,10.06,10.07,10.06,10.07,8754
BCS,2016-04-29,13:11:00,10.07,10.07,10.07,10.07,2500
BCS,2016-04-29,13:13:00,10.07,10.07,10.07,10.07,400
BCS,2016-04-29,13:14:00,10.07,10.07,10.07,10.07,500
BCS,2016-04-29,13:15:00,10.08,10.09,10.08,10.09,10907
BCS,2016-04-29,13:16:00,10.08,10.08,10.08,10.08,100
BCS,2016-04-29,13:17:00,10.08,10.08,10.07,10.07,2488
BCS,2016-04-29,13:18:00,10.08,10.08,10.08,10.08,1739
BCS,2016-04-29,13:19:00,10.07,10.07,10.07,10.07,200
BCS,2016-04-29,13:20:00,10.08,10.09,10.08,10.09,7753
BCS,2016-04-29,13:21:00,10.09,10.09,10.08,10.08,2821
BCS,2016-04-29,13:22:00,10.08,10.08,10.08,10.08,3963
BCS,2016-04-29,13:23:00,10.07,10.07,10.06,10.07,13300
BCS,2016-04-29,13:24:00,10.07,10.07,10.07,10.07,4095
BCS,2016-04-29,13:25:00,10.07,10.07,10.07,10.07,839
BCS,2016-04-29,13:26:00,10.07,10.07,10.07,10.07,1400
BCS,2016-04-29,13:27:00,10.07,10.07,10.07,10.07,462
BCS,2016-04-29,13:28:00,10.08,10.08,10.07,10.07,1000
BCS,2016-04-29,13:29:00,10.07,10.07,10.07,10.07,1415
BCS,2016-04-29,13:30:00,10.08,10.08,10.07,10.07,500
BCS,2016-04-29,13:31:00,10.07,10.07,10.07,10.07,100
BCS,2016-04-29,13:32:00,10.07,10.07,10.06,10.06,12701
BCS,2016-04-29,13:33:00,10.06,10.06,10.06,10.06,1900
BCS,2016-04-29,13:34:00,10.06,10.07,10.06,10.06,2632
BCS,2016-04-29,13:36:00,10.06,10.06,10.06,10.06,862
BCS,2016-04-29,13:37:00,10.07,10.07,10.06,10.07,2448
BCS,2016-04-29,13:38:00,10.06,10.06,10.06,10.06,4837
BCS,2016-04-29,13:39:00,10.05,10.05,10.05,10.05,100
BCS,2016-04-29,13:40:00,10.05,10.06,10.05,10.05,2014
BCS,2016-04-29,13:41:00,10.05,10.05,10.05,10.05,400
BCS,2016-04-29,13:42:00,10.05,10.06,10.05,10.06,200
BCS,2016-04-29,13:43:00,10.05,10.05,10.04,10.04,4200
BCS,2016-04-29,13:44:00,10.04,10.04,10.03,10.04,3000
BCS,2016-04-29,13:45:00,10.04,10.04,10.04,10.04,400
BCS,2016-04-29,13:46:00,10.03,10.03,10.03,10.03,100
BCS,2016-04-29,13:47:00,10.03,10.03,10.02,10.03,13257
BCS,2016-04-29,13:48:00,10.03,10.03,10.03,10.03,600
BCS,2016-04-29,13:49:00,10.03,10.04,10.03,10.04,300
BCS,2016-04-29,13:50:00,10.04,10.04,10.03,10.03,200
BCS,2016-04-29,13:51:00,10.03,10.03,10.03,10.03,1790
BCS,2016-04-29,13:52:00,10.03,10.03,10.03,10.03,2016
BCS,2016-04-29,13:53:00,10.04,10.04,10.03,10.04,11382
BCS,2016-04-29,13:54:00,10.04,10.04,10.04,10.04,6387
BCS,2016-04-29,13:55:00,10.04,10.05,10.03,10.04,6942
BCS,2016-04-29,13:56:00,10.04,10.04,10.03,10.03,3100
BCS,2016-04-29,13:57:00,10.03,10.03,10.03,10.03,200
BCS,2016-04-29,13:58:00,10.03,10.03,10.03,10.03,100
BCS,2016-04-29,13:59:00,10.02,10.03,10.02,10.02,3144
BCS,2016-04-29,14:00:00,10.02,10.03,10.02,10.02,47215
BCS,2016-04-29,14:01:00,10.02,10.04,10.02,10.04,15404
BCS,2016-04-29,14:02:00,10.04,10.04,10.03,10.03,4050
BCS,2016-04-29,14:03:00,10.03,10.04,10.03,10.03,2399
BCS,2016-04-29,14:04:00,10.03,10.04,10.02,10.03,22679
BCS,2016-04-29,14:05:00,10.03,10.03,10.02,10.03,5445
BCS,2016-04-29,14:06:00,10.04,10.04,10.04,10.04,390
BCS,2016-04-29,14:07:00,10.03,10.03,10.02,10.02,8486
BCS,2016-04-29,14:08:00,10.02,10.03,10.02,10.03,1157
BCS,2016-04-29,14:09:00,10.03,10.03,10.01,10.02,4970
BCS,2016-04-29,14:10:00,10.02,10.02,10.01,10.01,4022
BCS,2016-04-29,14:11:00,10.01,10.01,10.01,10.01,1926
BCS,2016-04-29,14:12:00,10.01,10.01,9.99,10.01,22628
BCS,2016-04-29,14:13:00,10.00,10.01,10.00,10.01,14733
BCS,2016-04-29,14:14:00,10.00,10.01,10.00,10.01,825
BCS,2016-04-29,14:15:00,10.00,10.00,10.00,10.00,1900
BCS,2016-04-29,14:16:00,10.00,10.00,9.99,9.99,13629
BCS,2016-04-29,14:17:00,10.00,10.00,9.99,9.99,1100
BCS,2016-04-29,14:18:00,9.99,10.00,9.99,10.00,6596
BCS,2016-04-29,14:19:00,10.00,10.02,10.00,10.02,3758
BCS,2016-04-29,14:20:00,10.02,10.03,10.02,10.03,7230
BCS,2016-04-29,14:21:00,10.02,10.02,10.02,10.02,7348
BCS,2016-04-29,14:22:00,10.02,10.03,10.02,10.02,5462
BCS,2016-04-29,14:23:00,10.02,10.03,10.02,10.03,11069
BCS,2016-04-29,14:24:00,10.04,10.04,10.03,10.03,1101
BCS,2016-04-29,14:25:00,10.03,10.04,10.03,10.03,3500
BCS,2016-04-29,14:26:00,10.03,10.03,10.03,10.03,3247
BCS,2016-04-29,14:27:00,10.03,10.03,10.02,10.03,2360
BCS,2016-04-29,14:28:00,10.03,10.04,10.03,10.04,8731
BCS,2016-04-29,14:29:00,10.04,10.04,10.04,10.04,200
BCS,2016-04-29,14:30:00,10.04,10.04,10.03,10.03,4038
BCS,2016-04-29,14:32:00,10.02,10.02,10.02,10.02,4138
BCS,2016-04-29,14:33:00,10.01,10.02,10.01,10.02,7395
BCS,2016-04-29,14:34:00,10.02,10.02,10.02,10.02,100
BCS,2016-04-29,14:35:00,10.02,10.02,10.02,10.02,200
BCS,2016-04-29,14:36:00,10.02,10.02,10.02,10.02,100
BCS,2016-04-29,14:37:00,10.02,10.02,10.02,10.02,200
BCS,2016-04-29,14:38:00,10.02,10.02,10.02,10.02,100
BCS,2016-04-29,14:39:00,10.01,10.01,10.00,10.01,11054
BCS,2016-04-29,14:40:00,10.01,10.01,10.01,10.01,1541
BCS,2016-04-29,14:41:00,10.01,10.01,10.00,10.01,3390
BCS,2016-04-29,14:42:00,10.01,10.01,10.01,10.01,500
BCS,2016-04-29,14:43:00,10.01,10.01,10.00,10.00,8600
BCS,2016-04-29,14:44:00,10.01,10.01,10.00,10.00,300
BCS,2016-04-29,14:45:00,10.00,10.00,9.99,10.00,12385
BCS,2016-04-29,14:47:00,10.01,10.01,10.00,10.01,400
BCS,2016-04-29,14:48:00,10.01,10.03,10.01,10.02,32663
BCS,2016-04-29,14:49:00,10.03,10.03,10.02,10.02,1000
BCS,2016-04-29,14:50:00,10.02,10.02,10.02,10.02,1828
BCS,2016-04-29,14:51:00,10.03,10.03,10.01,10.01,9496
BCS,2016-04-29,14:52:00,10.02,10.02,10.01,10.01,3300
BCS,2016-04-29,14:53:00,10.01,10.01,10.01,10.01,3400
BCS,2016-04-29,14:54:00,10.01,10.01,10.01,10.01,700
BCS,2016-04-29,14:55:00,10.01,10.02,10.01,10.02,2000
BCS,2016-04-29,14:56:00,10.02,10.02,10.02,10.02,2300
BCS,2016-04-29,14:57:00,10.02,10.02,10.00,10.01,4860
BCS,2016-04-29,14:58:00,10.01,10.01,10.01,10.01,400
BCS,2016-04-29,14:59:00,10.00,10.01,10.00,10.01,7057
BCS,2016-04-29,15:00:00,10.01,10.01,10.01,10.01,100
BCS,2016-04-29,15:01:00,10.00,10.02,10.00,10.02,10511
BCS,2016-04-29,15:02:00,10.02,10.02,10.02,10.02,2084
BCS,2016-04-29,15:03:00,10.02,10.02,10.01,10.01,21659
BCS,2016-04-29,15:04:00,10.01,10.01,10.00,10.00,3100
BCS,2016-04-29,15:05:00,10.01,10.01,10.01,10.01,600
BCS,2016-04-29,15:06:00,10.01,10.01,10.01,10.01,176
BCS,2016-04-29,15:07:00,10.01,10.03,10.01,10.02,10469
BCS,2016-04-29,15:08:00,10.03,10.03,10.03,10.03,500
BCS,2016-04-29,15:09:00,10.03,10.04,10.03,10.03,13324
BCS,2016-04-29,15:10:00,10.03,10.03,10.02,10.03,2893
BCS,2016-04-29,15:11:00,10.02,10.02,10.02,10.02,2729
BCS,2016-04-29,15:12:00,10.02,10.04,10.02,10.04,6182
BCS,2016-04-29,15:13:00,10.04,10.04,10.03,10.04,2500
BCS,2016-04-29,15:14:00,10.04,10.04,10.04,10.04,1085
BCS,2016-04-29,15:15:00,10.04,10.05,10.04,10.05,3248
BCS,2016-04-29,15:17:00,10.04,10.05,10.04,10.05,1200
BCS,2016-04-29,15:18:00,10.04,10.04,10.04,10.04,2300
BCS,2016-04-29,15:19:00,10.05,10.05,10.04,10.05,11853
BCS,2016-04-29,15:20:00,10.04,10.05,10.04,10.04,1400
BCS,2016-04-29,15:21:00,10.05,10.05,10.05,10.05,2828
BCS,2016-04-29,15:22:00,10.05,10.05,10.04,10.04,3900
BCS,2016-04-29,15:23:00,10.05,10.05,10.04,10.05,600
BCS,2016-04-29,15:24:00,10.06,10.06,10.05,10.05,9808
BCS,2016-04-29,15:25:00,10.05,10.05,10.04,10.04,680
BCS,2016-04-29,15:26:00,10.04,10.04,10.04,10.04,4385
BCS,2016-04-29,15:27:00,10.04,10.05,10.04,10.05,2285
BCS,2016-04-29,15:28:00,10.04,10.04,10.03,10.04,2300
BCS,2016-04-29,15:29:00,10.04,10.04,10.03,10.03,3933
BCS,2016-04-29,15:30:00,10.04,10.04,10.04,10.04,100
BCS,2016-04-29,15:31:00,10.04,10.04,10.04,10.04,1835
BCS,2016-04-29,15:32:00,10.05,10.05,10.05,10.05,3094
BCS,2016-04-29,15:33:00,10.05,10.07,10.05,10.07,20802
BCS,2016-04-29,15:34:00,10.07,10.08,10.06,10.06,11001
BCS,2016-04-29,15:35:00,10.07,10.07,10.07,10.07,1200
BCS,2016-04-29,15:36:00,10.07,10.07,10.07,10.07,11939
BCS,2016-04-29,15:37:00,10.07,10.07,10.07,10.07,9293
BCS,2016-04-29,15:38:00,10.06,10.07,10.06,10.06,2400
BCS,2016-04-29,15:39:00,10.06,10.07,10.06,10.07,2100
BCS,2016-04-29,15:40:00,10.07,10.07,10.06,10.06,2920
BCS,2016-04-29,15:41:00,10.07,10.07,10.06,10.07,3877
BCS,2016-04-29,15:42:00,10.07,10.07,10.06,10.06,12231
BCS,2016-04-29,15:43:00,10.06,10.07,10.06,10.06,37911
BCS,2016-04-29,15:44:00,10.06,10.07,10.06,10.06,10226
BCS,2016-04-29,15:45:00,10.06,10.09,10.06,10.09,33550
BCS,2016-04-29,15:46:00,10.09,10.10,10.09,10.10,60549
BCS,2016-04-29,15:47:00,10.10,10.10,10.09,10.09,2647
BCS,2016-04-29,15:48:00,10.10,10.10,10.08,10.08,22079
BCS,2016-04-29,15:49:00,10.08,10.09,10.07,10.07,68502
BCS,2016-04-29,15:50:00,10.07,10.08,10.06,10.07,34513
BCS,2016-04-29,15:51:00,10.07,10.08,10.07,10.07,1165
BCS,2016-04-29,15:52:00,10.07,10.08,10.07,10.07,6125
BCS,2016-04-29,15:53:00,10.07,10.08,10.07,10.07,22941
BCS,2016-04-29,15:54:00,10.06,10.07,10.06,10.06,4922
BCS,2016-04-29,15:55:00,10.06,10.07,10.06,10.07,9269
BCS,2016-04-29,15:56:00,10.07,10.07,10.06,10.06,81685
BCS,2016-04-29,15:57:00,10.06,10.07,10.06,10.06,6837
BCS,2016-04-29,15:58:00,10.06,10.06,10.05,10.05,25047
BCS,2016-04-29,15:59:00,10.05,10.06,10.05,10.05,9604
BCS,2016-04-29,16:00:00,10.05,10.06,10.05,10.05,36108
