CRM,2016-04-28,09:31:00,75.38,75.40,75.34,75.40,28066
CRM,2016-04-28,09:32:00,75.45,75.47,75.32,75.42,2420
CRM,2016-04-28,09:33:00,75.45,75.80,75.35,75.80,10183
CRM,2016-04-28,09:34:00,75.81,75.83,75.67,75.67,3173
CRM,2016-04-28,09:35:00,75.71,75.71,75.56,75.56,1105
CRM,2016-04-28,09:36:00,75.60,75.60,75.52,75.53,1269
CRM,2016-04-28,09:37:00,75.48,75.57,75.46,75.57,2800
CRM,2016-04-28,09:38:00,75.58,75.75,75.58,75.75,7146
CRM,2016-04-28,09:39:00,75.75,75.97,75.75,75.86,7450
CRM,2016-04-28,09:40:00,75.87,76.06,75.85,76.01,5760
CRM,2016-04-28,09:41:00,75.98,76.01,75.86,75.96,7725
CRM,2016-04-28,09:42:00,76.02,76.06,75.98,76.01,1486
CRM,2016-04-28,09:43:00,76.00,76.03,75.96,76.03,1000
CRM,2016-04-28,09:44:00,76.03,76.18,76.03,76.18,2040
CRM,2016-04-28,09:45:00,76.20,76.24,76.07,76.07,6441
CRM,2016-04-28,09:46:00,76.11,76.15,76.09,76.12,1566
CRM,2016-04-28,09:47:00,76.15,76.17,76.08,76.14,2381
CRM,2016-04-28,09:48:00,76.16,76.16,76.09,76.14,1535
CRM,2016-04-28,09:49:00,76.17,76.20,76.13,76.15,6100
CRM,2016-04-28,09:50:00,76.17,76.19,76.08,76.14,10581
CRM,2016-04-28,09:51:00,76.14,76.16,76.10,76.10,4866
CRM,2016-04-28,09:52:00,76.10,76.23,76.09,76.20,7793
CRM,2016-04-28,09:53:00,76.22,76.30,76.17,76.26,24713
CRM,2016-04-28,09:54:00,76.26,76.33,76.06,76.07,39392
CRM,2016-04-28,09:55:00,76.05,76.06,75.95,75.95,4443
CRM,2016-04-28,09:56:00,75.95,76.07,75.94,76.03,9153
CRM,2016-04-28,09:57:00,76.01,76.06,75.97,76.06,8520
CRM,2016-04-28,09:58:00,76.02,76.07,75.99,76.04,7700
CRM,2016-04-28,09:59:00,76.03,76.09,76.03,76.08,8391
CRM,2016-04-28,10:00:00,76.08,76.13,76.05,76.08,3950
CRM,2016-04-28,10:01:00,76.06,76.15,76.06,76.15,1850
CRM,2016-04-28,10:02:00,76.15,76.15,76.05,76.08,1800
CRM,2016-04-28,10:03:00,76.10,76.10,76.05,76.05,695
CRM,2016-04-28,10:04:00,76.06,76.09,75.97,75.98,5120
CRM,2016-04-28,10:05:00,75.98,76.05,75.95,76.03,10200
CRM,2016-04-28,10:06:00,76.01,76.01,75.97,76.00,19055
CRM,2016-04-28,10:07:00,76.00,76.04,75.99,76.00,4200
CRM,2016-04-28,10:08:00,76.05,76.09,75.99,76.03,27400
CRM,2016-04-28,10:09:00,76.01,76.03,75.99,76.01,8600
CRM,2016-04-28,10:10:00,76.00,76.04,75.98,76.03,4073
CRM,2016-04-28,10:11:00,76.05,76.08,76.04,76.06,1700
CRM,2016-04-28,10:12:00,76.07,76.11,76.00,76.00,5883
CRM,2016-04-28,10:13:00,75.98,76.09,75.98,76.09,19188
CRM,2016-04-28,10:14:00,76.10,76.13,76.07,76.12,6827
CRM,2016-04-28,10:15:00,76.13,76.16,76.10,76.13,7100
CRM,2016-04-28,10:16:00,76.14,76.14,76.04,76.13,11893
CRM,2016-04-28,10:17:00,76.13,76.25,76.12,76.15,50148
CRM,2016-04-28,10:18:00,76.15,76.19,76.12,76.18,120111
CRM,2016-04-28,10:19:00,76.19,76.28,76.19,76.21,8120
CRM,2016-04-28,10:20:00,76.24,76.26,76.17,76.17,4992
CRM,2016-04-28,10:21:00,76.17,76.17,76.05,76.14,8506
CRM,2016-04-28,10:22:00,76.17,76.19,76.13,76.14,4300
CRM,2016-04-28,10:23:00,76.14,76.15,76.06,76.07,3001
CRM,2016-04-28,10:24:00,76.05,76.07,76.00,76.04,4250
CRM,2016-04-28,10:25:00,76.02,76.09,76.00,76.09,4215
CRM,2016-04-28,10:26:00,76.10,76.18,76.10,76.17,4524
CRM,2016-04-28,10:27:00,76.16,76.17,76.13,76.15,2520
CRM,2016-04-28,10:28:00,76.16,76.16,76.04,76.05,3174
CRM,2016-04-28,10:29:00,76.06,76.09,76.02,76.02,4057
CRM,2016-04-28,10:30:00,76.00,76.06,76.00,76.03,3226
CRM,2016-04-28,10:31:00,76.08,76.11,76.01,76.01,7140
CRM,2016-04-28,10:32:00,76.01,76.12,75.99,76.11,12570
CRM,2016-04-28,10:33:00,76.12,76.16,76.12,76.12,6948
CRM,2016-04-28,10:34:00,76.12,76.12,76.06,76.06,6605
CRM,2016-04-28,10:35:00,76.06,76.10,76.06,76.10,3750
CRM,2016-04-28,10:36:00,76.10,76.10,76.07,76.10,3900
CRM,2016-04-28,10:37:00,76.11,76.12,76.09,76.11,3241
CRM,2016-04-28,10:38:00,76.12,76.15,76.10,76.10,2600
CRM,2016-04-28,10:39:00,76.09,76.09,76.02,76.03,3200
CRM,2016-04-28,10:40:00,76.03,76.06,76.03,76.06,2900
CRM,2016-04-28,10:41:00,76.06,76.12,76.06,76.08,6350
CRM,2016-04-28,10:42:00,76.08,76.18,76.08,76.18,4718
CRM,2016-04-28,10:43:00,76.20,76.23,76.19,76.21,6250
CRM,2016-04-28,10:44:00,76.21,76.25,76.20,76.23,4800
CRM,2016-04-28,10:45:00,76.26,76.32,76.26,76.32,5400
CRM,2016-04-28,10:46:00,76.31,76.33,76.29,76.31,2700
CRM,2016-04-28,10:47:00,76.32,76.45,76.32,76.44,10693
CRM,2016-04-28,10:48:00,76.44,76.50,76.42,76.45,14172
CRM,2016-04-28,10:49:00,76.44,76.46,76.41,76.44,2904
CRM,2016-04-28,10:50:00,76.47,76.47,76.40,76.40,1997
CRM,2016-04-28,10:51:00,76.41,76.41,76.37,76.40,3700
CRM,2016-04-28,10:52:00,76.40,76.41,76.34,76.35,4860
CRM,2016-04-28,10:53:00,76.34,76.35,76.31,76.34,3326
CRM,2016-04-28,10:54:00,76.33,76.40,76.33,76.36,5300
CRM,2016-04-28,10:55:00,76.37,76.40,76.34,76.34,3140
CRM,2016-04-28,10:56:00,76.34,76.38,76.33,76.38,2300
CRM,2016-04-28,10:57:00,76.36,76.41,76.36,76.40,3060
CRM,2016-04-28,10:58:00,76.40,76.43,76.39,76.42,3500
CRM,2016-04-28,10:59:00,76.42,76.46,76.42,76.46,1408
CRM,2016-04-28,11:00:00,76.47,76.49,76.46,76.49,4200
CRM,2016-04-28,11:01:00,76.49,76.49,76.44,76.44,3894
CRM,2016-04-28,11:02:00,76.45,76.45,76.42,76.45,2754
CRM,2016-04-28,11:03:00,76.45,76.45,76.44,76.44,554
CRM,2016-04-28,11:04:00,76.44,76.48,76.44,76.47,1300
CRM,2016-04-28,11:05:00,76.47,76.50,76.47,76.49,7100
CRM,2016-04-28,11:06:00,76.47,76.52,76.47,76.52,5236
CRM,2016-04-28,11:07:00,76.52,76.54,76.48,76.48,3354
CRM,2016-04-28,11:08:00,76.48,76.51,76.46,76.49,6734
CRM,2016-04-28,11:09:00,76.48,76.53,76.48,76.50,4004
CRM,2016-04-28,11:10:00,76.50,76.50,76.43,76.45,4500
CRM,2016-04-28,11:11:00,76.45,76.48,76.42,76.42,4100
CRM,2016-04-28,11:12:00,76.44,76.44,76.39,76.42,3465
CRM,2016-04-28,11:13:00,76.41,76.45,76.41,76.45,2612
CRM,2016-04-28,11:14:00,76.45,76.47,76.44,76.44,1899
CRM,2016-04-28,11:15:00,76.44,76.48,76.44,76.48,2200
CRM,2016-04-28,11:16:00,76.50,76.50,76.43,76.47,4590
CRM,2016-04-28,11:17:00,76.45,76.47,76.41,76.41,1800
CRM,2016-04-28,11:18:00,76.42,76.45,76.41,76.44,2088
CRM,2016-04-28,11:19:00,76.48,76.48,76.41,76.42,3757
CRM,2016-04-28,11:20:00,76.42,76.43,76.36,76.41,10671
CRM,2016-04-28,11:21:00,76.42,76.50,76.42,76.50,4454
CRM,2016-04-28,11:22:00,76.49,76.52,76.43,76.44,6911
CRM,2016-04-28,11:23:00,76.45,76.47,76.44,76.45,3984
CRM,2016-04-28,11:24:00,76.45,76.47,76.45,76.46,1300
CRM,2016-04-28,11:25:00,76.44,76.51,76.42,76.50,5700
CRM,2016-04-28,11:26:00,76.54,76.56,76.53,76.53,1200
CRM,2016-04-28,11:27:00,76.54,76.55,76.51,76.52,5933
CRM,2016-04-28,11:28:00,76.51,76.52,76.48,76.51,5900
CRM,2016-04-28,11:29:00,76.50,76.50,76.47,76.48,2600
CRM,2016-04-28,11:30:00,76.47,76.48,76.45,76.48,4100
CRM,2016-04-28,11:31:00,76.50,76.55,76.50,76.55,1325
CRM,2016-04-28,11:32:00,76.56,76.58,76.52,76.55,3400
CRM,2016-04-28,11:33:00,76.55,76.56,76.54,76.56,800
CRM,2016-04-28,11:34:00,76.55,76.56,76.54,76.54,2100
CRM,2016-04-28,11:35:00,76.54,76.58,76.53,76.58,2350
CRM,2016-04-28,11:36:00,76.58,76.60,76.58,76.58,1825
CRM,2016-04-28,11:37:00,76.57,76.59,76.54,76.58,2922
CRM,2016-04-28,11:38:00,76.58,76.58,76.56,76.56,1400
CRM,2016-04-28,11:39:00,76.57,76.64,76.57,76.64,3967
CRM,2016-04-28,11:40:00,76.63,76.63,76.61,76.63,900
CRM,2016-04-28,11:41:00,76.62,76.62,76.60,76.60,2300
CRM,2016-04-28,11:42:00,76.58,76.61,76.57,76.61,2200
CRM,2016-04-28,11:43:00,76.62,76.63,76.61,76.61,600
CRM,2016-04-28,11:44:00,76.61,76.61,76.56,76.56,2500
CRM,2016-04-28,11:45:00,76.56,76.58,76.56,76.58,2148
CRM,2016-04-28,11:46:00,76.58,76.63,76.58,76.62,1200
CRM,2016-04-28,11:47:00,76.61,76.63,76.61,76.63,1000
CRM,2016-04-28,11:48:00,76.63,76.64,76.61,76.63,3648
CRM,2016-04-28,11:49:00,76.62,76.62,76.61,76.62,1300
CRM,2016-04-28,11:50:00,76.61,76.61,76.59,76.60,700
CRM,2016-04-28,11:51:00,76.57,76.62,76.57,76.60,3262
CRM,2016-04-28,11:52:00,76.59,76.60,76.58,76.58,1900
CRM,2016-04-28,11:53:00,76.57,76.57,76.56,76.56,2000
CRM,2016-04-28,11:54:00,76.57,76.60,76.57,76.60,2800
CRM,2016-04-28,11:55:00,76.60,76.60,76.57,76.60,2502
CRM,2016-04-28,11:56:00,76.60,76.60,76.56,76.57,2928
CRM,2016-04-28,11:57:00,76.57,76.57,76.57,76.57,495
CRM,2016-04-28,11:58:00,76.57,76.57,76.57,76.57,100
CRM,2016-04-28,11:59:00,76.56,76.57,76.54,76.57,2600
CRM,2016-04-28,12:00:00,76.57,76.59,76.57,76.58,2703
CRM,2016-04-28,12:01:00,76.60,76.64,76.58,76.60,7223
CRM,2016-04-28,12:02:00,76.60,76.63,76.60,76.63,1423
CRM,2016-04-28,12:03:00,76.63,76.64,76.60,76.61,3051
CRM,2016-04-28,12:04:00,76.61,76.62,76.59,76.59,2695
CRM,2016-04-28,12:05:00,76.59,76.59,76.55,76.57,2308
CRM,2016-04-28,12:06:00,76.58,76.60,76.57,76.60,829
CRM,2016-04-28,12:07:00,76.61,76.61,76.59,76.60,1500
CRM,2016-04-28,12:08:00,76.60,76.60,76.56,76.57,2050
CRM,2016-04-28,12:09:00,76.56,76.56,76.55,76.56,500
CRM,2016-04-28,12:10:00,76.55,76.58,76.53,76.58,3571
CRM,2016-04-28,12:11:00,76.58,76.59,76.58,76.58,450
CRM,2016-04-28,12:12:00,76.56,76.57,76.52,76.53,4925
CRM,2016-04-28,12:13:00,76.53,76.54,76.49,76.51,6811
CRM,2016-04-28,12:14:00,76.49,76.49,76.44,76.44,2200
CRM,2016-04-28,12:15:00,76.44,76.44,76.37,76.38,3939
CRM,2016-04-28,12:16:00,76.37,76.38,76.33,76.34,5999
CRM,2016-04-28,12:17:00,76.35,76.35,76.30,76.32,3000
CRM,2016-04-28,12:18:00,76.33,76.33,76.31,76.31,500
CRM,2016-04-28,12:19:00,76.31,76.32,76.27,76.29,1800
CRM,2016-04-28,12:20:00,76.29,76.29,76.27,76.27,1687
CRM,2016-04-28,12:21:00,76.26,76.26,76.23,76.25,7601
CRM,2016-04-28,12:22:00,76.26,76.27,76.25,76.25,2947
CRM,2016-04-28,12:23:00,76.24,76.25,76.23,76.23,1600
CRM,2016-04-28,12:24:00,76.24,76.25,76.18,76.19,6356
CRM,2016-04-28,12:25:00,76.19,76.20,76.15,76.16,5873
CRM,2016-04-28,12:26:00,76.16,76.19,76.15,76.19,5119
CRM,2016-04-28,12:27:00,76.19,76.19,76.16,76.17,3405
CRM,2016-04-28,12:28:00,76.16,76.18,76.16,76.18,3825
CRM,2016-04-28,12:29:00,76.17,76.22,76.17,76.22,1323
CRM,2016-04-28,12:30:00,76.23,76.23,76.19,76.20,1300
CRM,2016-04-28,12:31:00,76.19,76.19,76.12,76.12,5841
CRM,2016-04-28,12:32:00,76.14,76.15,76.14,76.14,1400
CRM,2016-04-28,12:33:00,76.15,76.19,76.15,76.17,3436
CRM,2016-04-28,12:34:00,76.18,76.18,76.16,76.16,555
CRM,2016-04-28,12:35:00,76.17,76.17,76.17,76.17,100
CRM,2016-04-28,12:36:00,76.17,76.19,76.09,76.09,3200
CRM,2016-04-28,12:37:00,76.08,76.11,76.08,76.11,5018
CRM,2016-04-28,12:38:00,76.12,76.14,76.10,76.11,2872
CRM,2016-04-28,12:39:00,76.12,76.12,76.08,76.10,1347
CRM,2016-04-28,12:40:00,76.10,76.10,76.08,76.09,700
CRM,2016-04-28,12:41:00,76.08,76.09,76.06,76.08,2656
CRM,2016-04-28,12:42:00,76.09,76.10,76.08,76.09,2584
CRM,2016-04-28,12:43:00,76.09,76.13,76.09,76.13,916
CRM,2016-04-28,12:44:00,76.13,76.14,76.12,76.14,1400
CRM,2016-04-28,12:45:00,76.13,76.15,76.11,76.15,2700
CRM,2016-04-28,12:46:00,76.14,76.15,76.14,76.15,1100
CRM,2016-04-28,12:47:00,76.16,76.17,76.11,76.11,6200
CRM,2016-04-28,12:48:00,76.09,76.09,76.08,76.08,5845
CRM,2016-04-28,12:49:00,76.08,76.10,76.07,76.07,20004
CRM,2016-04-28,12:50:00,76.07,76.10,76.07,76.10,20949
CRM,2016-04-28,12:51:00,76.10,76.10,76.05,76.07,11800
CRM,2016-04-28,12:52:00,76.07,76.08,76.06,76.07,5170
CRM,2016-04-28,12:53:00,76.07,76.08,76.06,76.08,4300
CRM,2016-04-28,12:54:00,76.08,76.08,76.08,76.08,200
CRM,2016-04-28,12:55:00,76.08,76.10,76.08,76.08,7353
CRM,2016-04-28,12:56:00,76.09,76.14,76.09,76.13,3335
CRM,2016-04-28,12:57:00,76.13,76.14,76.11,76.11,2800
CRM,2016-04-28,12:58:00,76.11,76.11,76.11,76.11,1000
CRM,2016-04-28,12:59:00,76.11,76.11,76.07,76.09,3095
CRM,2016-04-28,13:00:00,76.10,76.12,76.08,76.08,3316
CRM,2016-04-28,13:01:00,76.10,76.10,76.07,76.07,1000
CRM,2016-04-28,13:02:00,76.07,76.08,76.04,76.04,2100
CRM,2016-04-28,13:03:00,76.03,76.03,75.99,76.00,14425
CRM,2016-04-28,13:04:00,76.00,76.02,75.97,76.00,14029
CRM,2016-04-28,13:05:00,76.00,76.02,75.97,75.99,44208
CRM,2016-04-28,13:06:00,75.98,76.00,75.89,75.92,26924
CRM,2016-04-28,13:07:00,75.92,75.92,75.87,75.88,10134
CRM,2016-04-28,13:08:00,75.88,75.94,75.87,75.93,7509
CRM,2016-04-28,13:09:00,75.94,75.98,75.92,75.94,10622
CRM,2016-04-28,13:10:00,75.94,75.94,75.89,75.91,3200
CRM,2016-04-28,13:11:00,75.91,75.92,75.86,75.86,5500
CRM,2016-04-28,13:12:00,75.84,75.85,75.80,75.85,5916
CRM,2016-04-28,13:13:00,75.84,75.84,75.82,75.83,9600
CRM,2016-04-28,13:14:00,75.83,75.86,75.82,75.86,5267
CRM,2016-04-28,13:15:00,75.85,75.91,75.85,75.91,5267
CRM,2016-04-28,13:16:00,75.90,75.90,75.87,75.88,2000
CRM,2016-04-28,13:17:00,75.87,75.87,75.83,75.84,3702
CRM,2016-04-28,13:18:00,75.85,75.87,75.84,75.86,1000
CRM,2016-04-28,13:19:00,75.86,75.91,75.86,75.89,6191
CRM,2016-04-28,13:20:00,75.89,75.89,75.88,75.89,2900
CRM,2016-04-28,13:21:00,75.89,75.89,75.86,75.87,7003
CRM,2016-04-28,13:22:00,75.87,75.89,75.86,75.86,4600
CRM,2016-04-28,13:23:00,75.86,75.86,75.83,75.86,5216
CRM,2016-04-28,13:24:00,75.86,75.88,75.86,75.86,11699
CRM,2016-04-28,13:25:00,75.86,75.87,75.86,75.86,2721
CRM,2016-04-28,13:26:00,75.86,75.89,75.86,75.88,4117
CRM,2016-04-28,13:27:00,75.88,75.89,75.88,75.89,3200
CRM,2016-04-28,13:28:00,75.89,75.91,75.89,75.90,6718
CRM,2016-04-28,13:29:00,75.90,75.90,75.87,75.87,3500
CRM,2016-04-28,13:30:00,75.88,75.91,75.88,75.91,3819
CRM,2016-04-28,13:31:00,75.92,75.92,75.89,75.89,3265
CRM,2016-04-28,13:32:00,75.91,75.92,75.91,75.92,4634
CRM,2016-04-28,13:33:00,75.92,75.98,75.92,75.98,7170
CRM,2016-04-28,13:34:00,75.99,76.01,75.98,76.00,3200
CRM,2016-04-28,13:35:00,75.99,75.99,75.96,75.97,3414
CRM,2016-04-28,13:36:00,75.96,75.97,75.95,75.97,2394
CRM,2016-04-28,13:37:00,75.97,75.97,75.93,75.94,2550
CRM,2016-04-28,13:38:00,75.94,75.94,75.92,75.93,2700
CRM,2016-04-28,13:39:00,75.94,75.98,75.93,75.98,2975
CRM,2016-04-28,13:40:00,75.97,75.97,75.96,75.97,2400
CRM,2016-04-28,13:41:00,75.98,75.98,75.93,75.93,3100
CRM,2016-04-28,13:42:00,75.92,75.94,75.92,75.94,3400
CRM,2016-04-28,13:43:00,75.94,75.97,75.94,75.96,3433
CRM,2016-04-28,13:44:00,75.98,76.01,75.98,76.00,4758
CRM,2016-04-28,13:45:00,76.00,76.00,75.99,76.00,1000
CRM,2016-04-28,13:46:00,75.99,76.00,75.93,75.93,9899
CRM,2016-04-28,13:47:00,75.93,75.94,75.92,75.94,5050
CRM,2016-04-28,13:48:00,75.95,75.97,75.95,75.97,3000
CRM,2016-04-28,13:49:00,75.97,75.99,75.97,75.99,2108
CRM,2016-04-28,13:50:00,75.99,75.99,75.97,75.97,2901
CRM,2016-04-28,13:51:00,75.98,76.01,75.96,76.01,3199
CRM,2016-04-28,13:52:00,76.01,76.07,76.01,76.03,10095
CRM,2016-04-28,13:53:00,76.03,76.06,76.02,76.02,2100
CRM,2016-04-28,13:54:00,76.04,76.06,76.03,76.05,2143
CRM,2016-04-28,13:55:00,76.04,76.04,76.04,76.04,200
CRM,2016-04-28,13:56:00,76.05,76.06,76.03,76.03,1900
CRM,2016-04-28,13:57:00,76.02,76.02,75.98,75.99,3063
CRM,2016-04-28,13:58:00,75.99,75.99,75.94,75.94,4100
CRM,2016-04-28,13:59:00,75.94,75.94,75.91,75.92,5200
CRM,2016-04-28,14:00:00,75.92,75.96,75.92,75.94,8314
CRM,2016-04-28,14:01:00,75.94,75.97,75.92,75.95,9174
CRM,2016-04-28,14:02:00,75.95,75.96,75.92,75.95,12707
CRM,2016-04-28,14:03:00,75.95,76.03,75.95,76.03,4227
CRM,2016-04-28,14:04:00,76.04,76.05,75.99,76.00,3863
CRM,2016-04-28,14:05:00,75.99,75.99,75.94,75.99,9524
CRM,2016-04-28,14:06:00,75.98,76.02,75.97,75.98,3612
CRM,2016-04-28,14:07:00,75.98,76.00,75.98,75.99,1812
CRM,2016-04-28,14:08:00,75.99,75.99,75.98,75.98,1162
CRM,2016-04-28,14:09:00,75.97,76.00,75.94,75.95,5129
CRM,2016-04-28,14:10:00,75.97,76.02,75.97,76.01,2927
CRM,2016-04-28,14:11:00,76.01,76.02,76.01,76.02,1400
CRM,2016-04-28,14:12:00,76.00,76.00,75.95,75.99,3223
CRM,2016-04-28,14:13:00,76.00,76.02,76.00,76.00,2565
CRM,2016-04-28,14:14:00,76.00,76.03,75.99,76.00,6487
CRM,2016-04-28,14:15:00,76.00,76.02,75.97,76.02,3860
CRM,2016-04-28,14:16:00,76.02,76.02,76.00,76.00,1500
CRM,2016-04-28,14:18:00,75.99,75.99,75.95,75.99,5862
CRM,2016-04-28,14:19:00,75.99,75.99,75.97,75.99,1413
CRM,2016-04-28,14:20:00,75.99,76.00,75.95,75.96,3600
CRM,2016-04-28,14:21:00,75.97,75.97,75.94,75.96,6695
CRM,2016-04-28,14:22:00,75.96,76.01,75.95,75.98,6754
CRM,2016-04-28,14:23:00,75.98,75.98,75.94,75.94,2764
CRM,2016-04-28,14:24:00,75.94,75.96,75.93,75.95,4483
CRM,2016-04-28,14:25:00,75.95,75.99,75.95,75.99,2411
CRM,2016-04-28,14:26:00,76.01,76.01,75.94,75.97,4405
CRM,2016-04-28,14:27:00,75.98,75.99,75.95,75.95,3860
CRM,2016-04-28,14:28:00,75.95,75.97,75.95,75.96,1435
CRM,2016-04-28,14:29:00,75.96,75.99,75.96,75.97,2606
CRM,2016-04-28,14:30:00,75.97,76.00,75.97,75.98,4749
CRM,2016-04-28,14:31:00,75.98,76.00,75.97,75.98,4899
CRM,2016-04-28,14:32:00,75.98,75.99,75.95,75.96,10533
CRM,2016-04-28,14:33:00,75.95,75.95,75.92,75.92,3006
CRM,2016-04-28,14:34:00,75.92,75.93,75.92,75.92,3100
CRM,2016-04-28,14:35:00,75.93,75.94,75.93,75.94,1211
CRM,2016-04-28,14:36:00,75.94,76.01,75.94,76.01,9396
CRM,2016-04-28,14:37:00,76.00,76.01,76.00,76.00,5492
CRM,2016-04-28,14:38:00,75.97,75.97,75.93,75.95,7885
CRM,2016-04-28,14:39:00,75.96,75.96,75.95,75.96,500
CRM,2016-04-28,14:40:00,75.96,75.97,75.92,75.94,11818
CRM,2016-04-28,14:41:00,75.93,75.96,75.93,75.96,1900
CRM,2016-04-28,14:42:00,75.97,76.02,75.95,75.95,10260
CRM,2016-04-28,14:43:00,75.96,76.03,75.95,76.02,3462
CRM,2016-04-28,14:44:00,76.02,76.05,75.99,76.00,6211
CRM,2016-04-28,14:45:00,75.99,75.99,75.94,75.94,7078
CRM,2016-04-28,14:46:00,75.94,75.94,75.91,75.92,18868
CRM,2016-04-28,14:47:00,75.93,75.96,75.92,75.94,9800
CRM,2016-04-28,14:48:00,75.94,75.94,75.88,75.88,5191
CRM,2016-04-28,14:49:00,75.88,75.92,75.87,75.91,5700
CRM,2016-04-28,14:50:00,75.91,75.92,75.89,75.91,3285
CRM,2016-04-28,14:51:00,75.90,75.90,75.86,75.88,3600
CRM,2016-04-28,14:52:00,75.88,75.88,75.85,75.87,3200
CRM,2016-04-28,14:53:00,75.86,75.88,75.84,75.87,10707
CRM,2016-04-28,14:54:00,75.86,75.90,75.85,75.90,5752
CRM,2016-04-28,14:55:00,75.89,75.89,75.85,75.85,4400
CRM,2016-04-28,14:56:00,75.85,75.85,75.81,75.81,5100
CRM,2016-04-28,14:57:00,75.80,75.81,75.78,75.81,9006
CRM,2016-04-28,14:58:00,75.81,75.86,75.81,75.84,8496
CRM,2016-04-28,14:59:00,75.83,75.89,75.83,75.87,9470
CRM,2016-04-28,15:00:00,75.86,75.86,75.81,75.82,5364
CRM,2016-04-28,15:01:00,75.81,75.81,75.75,75.76,5121
CRM,2016-04-28,15:02:00,75.77,75.77,75.75,75.75,4153
CRM,2016-04-28,15:03:00,75.75,75.75,75.73,75.75,3657
CRM,2016-04-28,15:04:00,75.76,75.80,75.75,75.75,5915
CRM,2016-04-28,15:05:00,75.75,75.75,75.68,75.75,12997
CRM,2016-04-28,15:06:00,75.75,75.75,75.74,75.75,10770
CRM,2016-04-28,15:07:00,75.75,75.77,75.67,75.68,10505
CRM,2016-04-28,15:08:00,75.69,75.73,75.69,75.71,4222
CRM,2016-04-28,15:09:00,75.70,75.70,75.64,75.64,6330
CRM,2016-04-28,15:10:00,75.64,75.65,75.63,75.64,13407
CRM,2016-04-28,15:11:00,75.64,75.64,75.58,75.59,11536
CRM,2016-04-28,15:12:00,75.59,75.59,75.53,75.54,10476
CRM,2016-04-28,15:13:00,75.54,75.55,75.48,75.49,10554
CRM,2016-04-28,15:14:00,75.49,75.52,75.46,75.48,15807
CRM,2016-04-28,15:15:00,75.48,75.48,75.39,75.41,20389
CRM,2016-04-28,15:16:00,75.40,75.44,75.37,75.43,23159
CRM,2016-04-28,15:17:00,75.42,75.42,75.27,75.39,58749
CRM,2016-04-28,15:18:00,75.38,75.44,75.38,75.43,9550
CRM,2016-04-28,15:19:00,75.44,75.47,75.33,75.33,12695
CRM,2016-04-28,15:20:00,75.32,75.38,75.32,75.37,5989
CRM,2016-04-28,15:21:00,75.35,75.42,75.35,75.39,8420
CRM,2016-04-28,15:22:00,75.39,75.41,75.38,75.38,24178
CRM,2016-04-28,15:23:00,75.39,75.39,75.29,75.29,14763
CRM,2016-04-28,15:24:00,75.29,75.32,75.22,75.22,13583
CRM,2016-04-28,15:25:00,75.22,75.25,75.15,75.17,15853
CRM,2016-04-28,15:26:00,75.18,75.18,75.00,75.06,19121
CRM,2016-04-28,15:27:00,75.07,75.14,75.07,75.13,11647
CRM,2016-04-28,15:28:00,75.12,75.13,75.08,75.10,10156
CRM,2016-04-28,15:29:00,75.10,75.11,75.06,75.06,12158
CRM,2016-04-28,15:30:00,75.06,75.08,75.02,75.04,26839
CRM,2016-04-28,15:31:00,75.03,75.15,75.03,75.08,26084
CRM,2016-04-28,15:32:00,75.07,75.10,75.03,75.07,16639
CRM,2016-04-28,15:33:00,75.08,75.09,75.02,75.04,15141
CRM,2016-04-28,15:34:00,75.03,75.03,74.96,74.96,24101
CRM,2016-04-28,15:35:00,74.97,75.01,74.97,74.98,9312
CRM,2016-04-28,15:36:00,75.00,75.08,75.00,75.07,17343
CRM,2016-04-28,15:37:00,75.08,75.14,75.08,75.12,9700
CRM,2016-04-28,15:38:00,75.11,75.11,74.99,75.04,17953
CRM,2016-04-28,15:39:00,75.03,75.06,74.99,75.06,18013
CRM,2016-04-28,15:40:00,75.06,75.10,75.03,75.04,11789
CRM,2016-04-28,15:41:00,75.04,75.09,75.04,75.09,14209
CRM,2016-04-28,15:42:00,75.10,75.14,75.05,75.09,23087
CRM,2016-04-28,15:43:00,75.08,75.12,75.04,75.11,19291
CRM,2016-04-28,15:44:00,75.10,75.21,75.09,75.19,19707
CRM,2016-04-28,15:45:00,75.19,75.20,75.14,75.14,42471
CRM,2016-04-28,15:46:00,75.14,75.26,75.14,75.26,28019
CRM,2016-04-28,15:47:00,75.26,75.27,75.23,75.24,16593
CRM,2016-04-28,15:48:00,75.25,75.39,75.25,75.31,23493
CRM,2016-04-28,15:49:00,75.31,75.33,75.25,75.31,21805
CRM,2016-04-28,15:50:00,75.31,75.31,75.25,75.25,32495
CRM,2016-04-28,15:51:00,75.25,75.28,75.24,75.26,49934
CRM,2016-04-28,15:52:00,75.26,75.30,75.24,75.29,31401
CRM,2016-04-28,15:53:00,75.29,75.30,75.23,75.24,22005
CRM,2016-04-28,15:54:00,75.24,75.26,75.21,75.21,22963
CRM,2016-04-28,15:55:00,75.21,75.22,75.18,75.22,35674
CRM,2016-04-28,15:56:00,75.22,75.27,75.20,75.22,39876
CRM,2016-04-28,15:57:00,75.22,75.26,75.21,75.23,35081
CRM,2016-04-28,15:58:00,75.24,75.27,75.22,75.26,61295
CRM,2016-04-28,15:59:00,75.26,75.29,75.25,75.27,44664
CRM,2016-04-28,16:00:00,75.27,75.40,75.27,75.37,94571
CRM,2016-04-29,09:31:00,75.01,75.27,75.01,75.25,33227
CRM,2016-04-29,09:32:00,75.07,75.22,75.06,75.22,1800
CRM,2016-04-29,09:33:00,75.33,75.38,75.33,75.38,1400
CRM,2016-04-29,09:34:00,75.39,75.67,75.39,75.63,4400
CRM,2016-04-29,09:35:00,75.59,75.75,75.59,75.62,5840
CRM,2016-04-29,09:36:00,75.71,75.71,75.52,75.55,12316
CRM,2016-04-29,09:37:00,75.61,75.66,75.54,75.55,3302
CRM,2016-04-29,09:38:00,75.47,75.56,75.38,75.56,2460
CRM,2016-04-29,09:39:00,75.60,75.61,75.54,75.54,1300
CRM,2016-04-29,09:40:00,75.59,75.72,75.58,75.72,1680
CRM,2016-04-29,09:41:00,75.77,75.86,75.70,75.70,3575
CRM,2016-04-29,09:42:00,75.67,75.67,75.62,75.62,700
CRM,2016-04-29,09:43:00,75.57,75.57,75.30,75.30,1555
CRM,2016-04-29,09:44:00,75.33,75.40,75.31,75.33,2800
CRM,2016-04-29,09:45:00,75.34,75.37,75.34,75.35,900
CRM,2016-04-29,09:46:00,75.36,75.38,75.27,75.27,3354
CRM,2016-04-29,09:47:00,75.34,75.34,75.24,75.24,3858
CRM,2016-04-29,09:48:00,75.17,75.20,75.15,75.17,2525
CRM,2016-04-29,09:49:00,75.19,75.22,75.07,75.12,7698
CRM,2016-04-29,09:50:00,75.12,75.21,75.05,75.17,35372
CRM,2016-04-29,09:51:00,75.16,75.31,75.12,75.13,15372
CRM,2016-04-29,09:52:00,75.10,75.24,75.10,75.21,4745
CRM,2016-04-29,09:53:00,75.20,75.22,75.15,75.22,2711
CRM,2016-04-29,09:54:00,75.30,75.30,75.23,75.29,2191
CRM,2016-04-29,09:55:00,75.30,75.32,75.20,75.28,9762
CRM,2016-04-29,09:56:00,75.31,75.35,75.25,75.28,3197
CRM,2016-04-29,09:57:00,75.26,75.38,75.25,75.34,3990
CRM,2016-04-29,09:58:00,75.36,75.46,75.33,75.42,9182
CRM,2016-04-29,09:59:00,75.39,75.40,75.34,75.37,4998
CRM,2016-04-29,10:00:00,75.34,75.34,75.24,75.29,3540
CRM,2016-04-29,10:01:00,75.28,75.28,75.13,75.18,3160
CRM,2016-04-29,10:02:00,75.17,75.17,75.11,75.11,1936
CRM,2016-04-29,10:03:00,75.07,75.17,75.06,75.17,2786
CRM,2016-04-29,10:04:00,75.25,75.27,75.21,75.27,800
CRM,2016-04-29,10:05:00,75.26,75.26,75.26,75.26,100
CRM,2016-04-29,10:06:00,75.23,75.25,75.12,75.15,3100
CRM,2016-04-29,10:07:00,75.14,75.15,75.02,75.02,2050
CRM,2016-04-29,10:08:00,75.01,75.06,74.93,75.02,4553
CRM,2016-04-29,10:09:00,75.02,75.11,75.01,75.01,2688
CRM,2016-04-29,10:10:00,75.00,75.03,74.99,75.02,800
CRM,2016-04-29,10:11:00,74.99,75.08,74.96,75.08,2794
CRM,2016-04-29,10:12:00,75.11,75.19,75.11,75.15,4127
CRM,2016-04-29,10:13:00,75.17,75.17,74.96,75.00,5290
CRM,2016-04-29,10:14:00,75.02,75.09,74.99,75.06,3454
CRM,2016-04-29,10:15:00,75.05,75.05,74.92,74.97,2927
CRM,2016-04-29,10:16:00,74.97,74.97,74.87,74.87,2619
CRM,2016-04-29,10:17:00,74.90,74.96,74.86,74.96,4786
CRM,2016-04-29,10:18:00,74.91,74.98,74.91,74.94,907
CRM,2016-04-29,10:19:00,74.98,74.99,74.94,74.96,9100
CRM,2016-04-29,10:20:00,74.95,74.98,74.92,74.98,5341
CRM,2016-04-29,10:21:00,75.00,75.03,74.97,74.97,440
CRM,2016-04-29,10:22:00,75.00,75.03,74.92,74.92,4980
CRM,2016-04-29,10:23:00,74.95,74.96,74.87,74.89,3384
CRM,2016-04-29,10:24:00,74.87,75.00,74.87,74.98,3070
CRM,2016-04-29,10:25:00,74.96,74.98,74.95,74.95,800
CRM,2016-04-29,10:26:00,74.95,74.95,74.89,74.91,3036
CRM,2016-04-29,10:27:00,74.91,74.94,74.85,74.85,5400
CRM,2016-04-29,10:28:00,74.80,74.85,74.77,74.85,2900
CRM,2016-04-29,10:29:00,74.86,74.91,74.81,74.91,3398
CRM,2016-04-29,10:30:00,74.89,74.91,74.81,74.83,4138
CRM,2016-04-29,10:31:00,74.80,74.87,74.80,74.87,5710
CRM,2016-04-29,10:32:00,74.86,74.88,74.79,74.79,2500
CRM,2016-04-29,10:33:00,74.77,74.80,74.74,74.78,6550
CRM,2016-04-29,10:34:00,74.81,74.84,74.78,74.78,2000
CRM,2016-04-29,10:35:00,74.79,74.81,74.79,74.79,400
CRM,2016-04-29,10:36:00,74.83,75.00,74.83,75.00,8936
CRM,2016-04-29,10:37:00,74.97,75.01,74.95,75.01,13512
CRM,2016-04-29,10:38:00,74.99,75.11,74.98,75.11,5500
CRM,2016-04-29,10:39:00,75.11,75.17,75.11,75.15,2345
CRM,2016-04-29,10:40:00,75.14,75.14,75.08,75.08,855
CRM,2016-04-29,10:41:00,75.10,75.10,75.07,75.08,1105
CRM,2016-04-29,10:42:00,75.08,75.08,75.02,75.02,1000
CRM,2016-04-29,10:43:00,75.03,75.10,75.01,75.08,2750
CRM,2016-04-29,10:44:00,75.08,75.08,75.00,75.00,4405
CRM,2016-04-29,10:45:00,75.02,75.06,75.00,75.06,7526
CRM,2016-04-29,10:46:00,75.03,75.06,74.99,75.01,3595
CRM,2016-04-29,10:47:00,75.04,75.04,74.99,75.02,2406
CRM,2016-04-29,10:48:00,75.03,75.03,74.98,74.98,2700
CRM,2016-04-29,10:49:00,74.99,75.04,74.99,75.00,3198
CRM,2016-04-29,10:50:00,75.02,75.07,75.01,75.03,4695
CRM,2016-04-29,10:51:00,75.03,75.03,74.88,74.88,6637
CRM,2016-04-29,10:52:00,74.87,74.94,74.87,74.88,3638
CRM,2016-04-29,10:53:00,74.90,74.91,74.82,74.85,2934
CRM,2016-04-29,10:54:00,74.86,74.91,74.78,74.81,2981
CRM,2016-04-29,10:55:00,74.82,74.84,74.78,74.81,1842
CRM,2016-04-29,10:56:00,74.82,74.88,74.82,74.88,3177
CRM,2016-04-29,10:57:00,74.90,74.90,74.85,74.87,2000
CRM,2016-04-29,10:58:00,74.90,74.90,74.85,74.86,1805
CRM,2016-04-29,10:59:00,74.87,74.90,74.87,74.87,1650
CRM,2016-04-29,11:00:00,74.89,74.93,74.88,74.89,2112
CRM,2016-04-29,11:01:00,74.89,74.91,74.84,74.86,5618
CRM,2016-04-29,11:02:00,74.88,74.89,74.80,74.80,6600
CRM,2016-04-29,11:03:00,74.81,74.81,74.64,74.71,26409
CRM,2016-04-29,11:04:00,74.71,74.79,74.70,74.71,5141
CRM,2016-04-29,11:05:00,74.74,74.77,74.69,74.69,2600
CRM,2016-04-29,11:06:00,74.71,74.76,74.69,74.74,1426
CRM,2016-04-29,11:07:00,74.74,74.77,74.74,74.77,850
CRM,2016-04-29,11:08:00,74.75,74.78,74.72,74.76,4100
CRM,2016-04-29,11:09:00,74.75,74.77,74.72,74.72,5855
CRM,2016-04-29,11:10:00,74.73,74.80,74.73,74.80,3699
CRM,2016-04-29,11:11:00,74.80,74.80,74.72,74.75,4448
CRM,2016-04-29,11:12:00,74.75,74.77,74.75,74.77,1805
CRM,2016-04-29,11:13:00,74.79,74.81,74.75,74.81,3604
CRM,2016-04-29,11:14:00,74.80,74.83,74.80,74.81,4400
CRM,2016-04-29,11:15:00,74.81,74.87,74.81,74.85,3705
CRM,2016-04-29,11:16:00,74.85,74.85,74.71,74.71,7075
CRM,2016-04-29,11:17:00,74.68,74.72,74.68,74.72,1326
CRM,2016-04-29,11:18:00,74.69,74.74,74.68,74.72,7354
CRM,2016-04-29,11:19:00,74.72,74.75,74.70,74.72,10100
CRM,2016-04-29,11:20:00,74.73,74.73,74.64,74.68,3015
CRM,2016-04-29,11:21:00,74.67,74.67,74.62,74.66,6405
CRM,2016-04-29,11:22:00,74.64,74.64,74.62,74.64,1950
CRM,2016-04-29,11:23:00,74.64,74.64,74.54,74.55,8129
CRM,2016-04-29,11:24:00,74.56,74.61,74.55,74.61,4366
CRM,2016-04-29,11:25:00,74.63,74.63,74.55,74.57,4992
CRM,2016-04-29,11:26:00,74.56,74.60,74.56,74.60,1809
CRM,2016-04-29,11:27:00,74.60,74.61,74.51,74.52,7993
CRM,2016-04-29,11:28:00,74.54,74.61,74.53,74.61,4522
CRM,2016-04-29,11:29:00,74.62,74.63,74.55,74.55,2780
CRM,2016-04-29,11:30:00,74.55,74.55,74.51,74.51,3895
CRM,2016-04-29,11:31:00,74.54,74.54,74.52,74.52,300
CRM,2016-04-29,11:32:00,74.52,74.54,74.50,74.50,3184
CRM,2016-04-29,11:33:00,74.48,74.55,74.48,74.53,9836
CRM,2016-04-29,11:34:00,74.53,74.56,74.53,74.56,4748
CRM,2016-04-29,11:35:00,74.55,74.62,74.54,74.57,6832
CRM,2016-04-29,11:36:00,74.56,74.59,74.55,74.59,6546
CRM,2016-04-29,11:37:00,74.59,74.62,74.58,74.61,10700
CRM,2016-04-29,11:38:00,74.64,74.65,74.60,74.63,2845
CRM,2016-04-29,11:39:00,74.63,74.65,74.61,74.65,3265
CRM,2016-04-29,11:40:00,74.66,74.72,74.66,74.69,3208
CRM,2016-04-29,11:41:00,74.68,74.70,74.65,74.65,2200
CRM,2016-04-29,11:42:00,74.64,74.69,74.54,74.66,15934
CRM,2016-04-29,11:43:00,74.65,74.67,74.57,74.61,5991
CRM,2016-04-29,11:44:00,74.60,74.67,74.56,74.67,2100
CRM,2016-04-29,11:45:00,74.69,74.69,74.64,74.64,3311
CRM,2016-04-29,11:46:00,74.66,74.74,74.66,74.66,4352
CRM,2016-04-29,11:47:00,74.63,74.63,74.59,74.59,2446
CRM,2016-04-29,11:48:00,74.58,74.63,74.57,74.63,4328
CRM,2016-04-29,11:49:00,74.66,74.72,74.66,74.71,2864
CRM,2016-04-29,11:50:00,74.74,74.79,74.71,74.77,2524
CRM,2016-04-29,11:51:00,74.75,74.86,74.75,74.82,3182
CRM,2016-04-29,11:52:00,74.82,74.87,74.81,74.86,2241
CRM,2016-04-29,11:53:00,74.87,74.99,74.85,74.99,4800
CRM,2016-04-29,11:54:00,75.00,75.11,74.99,75.09,5445
CRM,2016-04-29,11:55:00,75.09,75.10,75.03,75.06,4520
CRM,2016-04-29,11:56:00,75.05,75.10,75.05,75.09,3121
CRM,2016-04-29,11:57:00,75.09,75.12,75.05,75.07,5006
CRM,2016-04-29,11:58:00,75.07,75.10,75.07,75.08,1790
CRM,2016-04-29,11:59:00,75.08,75.12,75.06,75.11,1800
CRM,2016-04-29,12:00:00,75.08,75.10,75.05,75.10,6287
CRM,2016-04-29,12:01:00,75.08,75.16,75.06,75.13,2503
CRM,2016-04-29,12:02:00,75.15,75.19,75.11,75.16,6706
CRM,2016-04-29,12:03:00,75.16,75.16,75.09,75.13,5820
CRM,2016-04-29,12:04:00,75.12,75.16,75.11,75.13,2800
CRM,2016-04-29,12:05:00,75.12,75.16,75.11,75.13,3219
CRM,2016-04-29,12:06:00,75.13,75.13,75.10,75.13,4322
CRM,2016-04-29,12:07:00,75.13,75.14,75.12,75.13,700
CRM,2016-04-29,12:08:00,75.15,75.22,75.14,75.18,5103
CRM,2016-04-29,12:09:00,75.18,75.18,75.11,75.12,4738
CRM,2016-04-29,12:10:00,75.12,75.13,75.10,75.11,2329
CRM,2016-04-29,12:11:00,75.12,75.12,75.08,75.08,4118
CRM,2016-04-29,12:12:00,75.09,75.14,75.08,75.14,4034
CRM,2016-04-29,12:13:00,75.15,75.15,75.13,75.13,1950
CRM,2016-04-29,12:14:00,75.13,75.18,75.10,75.18,2500
CRM,2016-04-29,12:15:00,75.18,75.19,75.13,75.14,12376
CRM,2016-04-29,12:16:00,75.15,75.25,75.11,75.25,5532
CRM,2016-04-29,12:17:00,75.28,75.32,75.25,75.31,3204
CRM,2016-04-29,12:18:00,75.31,75.35,75.28,75.28,2482
CRM,2016-04-29,12:19:00,75.35,75.35,75.35,75.35,157
CRM,2016-04-29,12:20:00,75.35,75.45,75.35,75.44,4858
CRM,2016-04-29,12:21:00,75.47,75.49,75.43,75.47,3183
CRM,2016-04-29,12:22:00,75.50,75.55,75.49,75.54,2964
CRM,2016-04-29,12:23:00,75.53,75.59,75.52,75.55,13179
CRM,2016-04-29,12:24:00,75.55,75.55,75.47,75.47,4227
CRM,2016-04-29,12:25:00,75.49,75.49,75.46,75.46,2100
CRM,2016-04-29,12:26:00,75.43,75.46,75.41,75.46,3801
CRM,2016-04-29,12:27:00,75.48,75.50,75.41,75.44,2684
CRM,2016-04-29,12:28:00,75.44,75.55,75.43,75.53,4307
CRM,2016-04-29,12:29:00,75.52,75.54,75.46,75.49,6200
CRM,2016-04-29,12:30:00,75.45,75.45,75.41,75.42,4800
CRM,2016-04-29,12:31:00,75.41,75.41,75.37,75.37,3761
CRM,2016-04-29,12:32:00,75.36,75.41,75.36,75.36,2916
CRM,2016-04-29,12:33:00,75.36,75.42,75.36,75.38,2290
CRM,2016-04-29,12:34:00,75.42,75.49,75.42,75.49,1678
CRM,2016-04-29,12:35:00,75.47,75.49,75.37,75.41,8625
CRM,2016-04-29,12:36:00,75.40,75.42,75.33,75.34,5229
CRM,2016-04-29,12:37:00,75.33,75.41,75.32,75.41,3155
CRM,2016-04-29,12:38:00,75.42,75.49,75.42,75.49,3101
CRM,2016-04-29,12:39:00,75.51,75.55,75.51,75.52,2945
CRM,2016-04-29,12:40:00,75.54,75.54,75.52,75.52,1600
CRM,2016-04-29,12:41:00,75.53,75.53,75.49,75.49,2495
CRM,2016-04-29,12:42:00,75.49,75.51,75.48,75.49,1800
CRM,2016-04-29,12:43:00,75.49,75.49,75.42,75.42,3000
CRM,2016-04-29,12:44:00,75.42,75.44,75.42,75.42,3400
CRM,2016-04-29,12:45:00,75.41,75.47,75.41,75.44,2269
CRM,2016-04-29,12:46:00,75.44,75.49,75.44,75.47,1530
CRM,2016-04-29,12:47:00,75.47,75.54,75.46,75.54,7179
CRM,2016-04-29,12:48:00,75.52,75.54,75.49,75.52,3625
CRM,2016-04-29,12:49:00,75.56,75.60,75.56,75.60,1610
CRM,2016-04-29,12:50:00,75.60,75.60,75.54,75.58,2573
CRM,2016-04-29,12:51:00,75.57,75.60,75.57,75.58,1351
CRM,2016-04-29,12:52:00,75.58,75.59,75.55,75.55,3135
CRM,2016-04-29,12:53:00,75.54,75.59,75.48,75.57,6420
CRM,2016-04-29,12:54:00,75.57,75.58,75.54,75.55,1963
CRM,2016-04-29,12:55:00,75.56,75.57,75.55,75.55,771
CRM,2016-04-29,12:56:00,75.56,75.58,75.51,75.51,5413
CRM,2016-04-29,12:57:00,75.52,75.56,75.52,75.55,2000
CRM,2016-04-29,12:58:00,75.55,75.55,75.47,75.49,10791
CRM,2016-04-29,12:59:00,75.48,75.50,75.47,75.49,4760
CRM,2016-04-29,13:00:00,75.50,75.53,75.50,75.52,3211
CRM,2016-04-29,13:01:00,75.54,75.54,75.52,75.52,3700
CRM,2016-04-29,13:02:00,75.52,75.58,75.52,75.56,6378
CRM,2016-04-29,13:03:00,75.58,75.58,75.55,75.56,3200
CRM,2016-04-29,13:04:00,75.56,75.62,75.56,75.62,4567
CRM,2016-04-29,13:05:00,75.62,75.64,75.62,75.62,4717
CRM,2016-04-29,13:06:00,75.61,75.64,75.60,75.64,4197
CRM,2016-04-29,13:07:00,75.63,75.70,75.63,75.69,4211
CRM,2016-04-29,13:08:00,75.69,75.71,75.66,75.67,4300
CRM,2016-04-29,13:09:00,75.69,75.69,75.59,75.59,6133
CRM,2016-04-29,13:10:00,75.60,75.71,75.60,75.66,7566
CRM,2016-04-29,13:11:00,75.66,75.67,75.63,75.63,1768
CRM,2016-04-29,13:12:00,75.64,75.67,75.64,75.66,3020
CRM,2016-04-29,13:13:00,75.66,75.70,75.66,75.70,1249
CRM,2016-04-29,13:14:00,75.70,75.75,75.70,75.73,2756
CRM,2016-04-29,13:15:00,75.75,75.78,75.71,75.72,7510
CRM,2016-04-29,13:16:00,75.72,75.73,75.69,75.69,4050
CRM,2016-04-29,13:17:00,75.69,75.69,75.63,75.64,6971
CRM,2016-04-29,13:18:00,75.65,75.65,75.62,75.64,1437
CRM,2016-04-29,13:19:00,75.65,75.66,75.64,75.64,4981
CRM,2016-04-29,13:20:00,75.66,75.69,75.65,75.66,26082
CRM,2016-04-29,13:21:00,75.66,75.66,75.63,75.64,45073
CRM,2016-04-29,13:22:00,75.66,75.66,75.63,75.66,7645
CRM,2016-04-29,13:23:00,75.65,75.65,75.57,75.59,6484
CRM,2016-04-29,13:24:00,75.59,75.66,75.58,75.64,10557
CRM,2016-04-29,13:25:00,75.64,75.67,75.63,75.63,9821
CRM,2016-04-29,13:26:00,75.65,75.67,75.64,75.67,5277
CRM,2016-04-29,13:27:00,75.66,75.68,75.66,75.68,1346
CRM,2016-04-29,13:28:00,75.66,75.66,75.65,75.65,2500
CRM,2016-04-29,13:29:00,75.64,75.64,75.60,75.64,4368
CRM,2016-04-29,13:30:00,75.62,75.67,75.61,75.64,2431
CRM,2016-04-29,13:31:00,75.64,75.67,75.64,75.66,1800
CRM,2016-04-29,13:32:00,75.65,75.65,75.58,75.60,4118
CRM,2016-04-29,13:33:00,75.58,75.59,75.57,75.59,1021
CRM,2016-04-29,13:34:00,75.58,75.59,75.56,75.59,3559
CRM,2016-04-29,13:35:00,75.60,75.61,75.58,75.58,3736
CRM,2016-04-29,13:36:00,75.58,75.58,75.54,75.56,10930
CRM,2016-04-29,13:37:00,75.58,75.64,75.57,75.64,3700
CRM,2016-04-29,13:38:00,75.64,75.65,75.53,75.53,11389
CRM,2016-04-29,13:39:00,75.53,75.55,75.51,75.51,2333
CRM,2016-04-29,13:40:00,75.49,75.55,75.46,75.55,3270
CRM,2016-04-29,13:41:00,75.54,75.54,75.46,75.49,2505
CRM,2016-04-29,13:42:00,75.49,75.52,75.47,75.49,5431
CRM,2016-04-29,13:43:00,75.47,75.47,75.43,75.44,1413
CRM,2016-04-29,13:44:00,75.44,75.45,75.42,75.43,1350
CRM,2016-04-29,13:45:00,75.42,75.42,75.38,75.41,7051
CRM,2016-04-29,13:46:00,75.40,75.41,75.38,75.41,1354
CRM,2016-04-29,13:47:00,75.36,75.43,75.36,75.41,1436
CRM,2016-04-29,13:48:00,75.40,75.40,75.39,75.39,2224
CRM,2016-04-29,13:49:00,75.38,75.47,75.36,75.47,5845
CRM,2016-04-29,13:50:00,75.44,75.44,75.41,75.44,5228
CRM,2016-04-29,13:51:00,75.44,75.47,75.42,75.44,6249
CRM,2016-04-29,13:52:00,75.45,75.46,75.42,75.44,3801
CRM,2016-04-29,13:53:00,75.45,75.50,75.45,75.48,2600
CRM,2016-04-29,13:54:00,75.49,75.53,75.49,75.53,2100
CRM,2016-04-29,13:55:00,75.54,75.57,75.52,75.54,10180
CRM,2016-04-29,13:56:00,75.52,75.54,75.50,75.53,10825
CRM,2016-04-29,13:57:00,75.52,75.55,75.50,75.52,3295
CRM,2016-04-29,13:58:00,75.53,75.55,75.51,75.51,19100
CRM,2016-04-29,13:59:00,75.49,75.55,75.48,75.48,9266
CRM,2016-04-29,14:00:00,75.48,75.48,75.40,75.41,5700
CRM,2016-04-29,14:01:00,75.42,75.49,75.42,75.49,2400
CRM,2016-04-29,14:02:00,75.53,75.56,75.52,75.55,2456
CRM,2016-04-29,14:03:00,75.55,75.59,75.55,75.58,1885
CRM,2016-04-29,14:04:00,75.59,75.59,75.57,75.59,12403
CRM,2016-04-29,14:05:00,75.60,75.64,75.60,75.64,1213
CRM,2016-04-29,14:06:00,75.64,75.64,75.63,75.63,1122
CRM,2016-04-29,14:07:00,75.62,75.63,75.58,75.58,7572
CRM,2016-04-29,14:08:00,75.57,75.58,75.50,75.52,8744
CRM,2016-04-29,14:09:00,75.52,75.54,75.50,75.53,5962
CRM,2016-04-29,14:10:00,75.53,75.53,75.47,75.49,39999
CRM,2016-04-29,14:11:00,75.49,75.50,75.47,75.47,12914
CRM,2016-04-29,14:12:00,75.47,75.48,75.46,75.46,9294
CRM,2016-04-29,14:13:00,75.47,75.50,75.42,75.48,14679
CRM,2016-04-29,14:14:00,75.47,75.49,75.46,75.48,6565
CRM,2016-04-29,14:15:00,75.47,75.50,75.47,75.50,1303
CRM,2016-04-29,14:16:00,75.50,75.50,75.46,75.47,5288
CRM,2016-04-29,14:17:00,75.47,75.47,75.46,75.46,2388
CRM,2016-04-29,14:18:00,75.45,75.45,75.37,75.39,11011
CRM,2016-04-29,14:19:00,75.41,75.45,75.41,75.45,3000
CRM,2016-04-29,14:20:00,75.44,75.48,75.44,75.46,23634
CRM,2016-04-29,14:21:00,75.48,75.48,75.45,75.45,3343
CRM,2016-04-29,14:22:00,75.45,75.46,75.43,75.43,5600
CRM,2016-04-29,14:23:00,75.43,75.45,75.42,75.43,6042
CRM,2016-04-29,14:24:00,75.44,75.46,75.43,75.43,4411
CRM,2016-04-29,14:25:00,75.42,75.45,75.41,75.41,2953
CRM,2016-04-29,14:26:00,75.41,75.42,75.38,75.42,4178
CRM,2016-04-29,14:27:00,75.42,75.44,75.37,75.37,5269
CRM,2016-04-29,14:28:00,75.38,75.43,75.37,75.42,6110
CRM,2016-04-29,14:29:00,75.42,75.46,75.41,75.42,7551
CRM,2016-04-29,14:30:00,75.42,75.43,75.40,75.42,4711
CRM,2016-04-29,14:31:00,75.41,75.44,75.38,75.42,4409
CRM,2016-04-29,14:32:00,75.40,75.42,75.36,75.37,12475
CRM,2016-04-29,14:33:00,75.36,75.43,75.34,75.40,5523
CRM,2016-04-29,14:34:00,75.40,75.41,75.39,75.40,2357
CRM,2016-04-29,14:35:00,75.39,75.45,75.39,75.44,3043
CRM,2016-04-29,14:36:00,75.43,75.43,75.35,75.35,5972
CRM,2016-04-29,14:37:00,75.35,75.37,75.35,75.36,1450
CRM,2016-04-29,14:38:00,75.35,75.36,75.34,75.36,2940
CRM,2016-04-29,14:39:00,75.36,75.36,75.30,75.31,4051
CRM,2016-04-29,14:40:00,75.32,75.36,75.31,75.32,4043
CRM,2016-04-29,14:41:00,75.31,75.37,75.31,75.37,1684
CRM,2016-04-29,14:42:00,75.36,75.40,75.34,75.37,3672
CRM,2016-04-29,14:43:00,75.36,75.38,75.34,75.35,5600
CRM,2016-04-29,14:44:00,75.34,75.36,75.34,75.36,9666
CRM,2016-04-29,14:45:00,75.35,75.38,75.34,75.38,3068
CRM,2016-04-29,14:46:00,75.38,75.43,75.36,75.43,4250
CRM,2016-04-29,14:47:00,75.43,75.43,75.42,75.42,1400
CRM,2016-04-29,14:48:00,75.43,75.50,75.43,75.50,2911
CRM,2016-04-29,14:49:00,75.54,75.59,75.53,75.57,12306
CRM,2016-04-29,14:50:00,75.58,75.61,75.58,75.60,4751
CRM,2016-04-29,14:51:00,75.58,75.58,75.49,75.49,6632
CRM,2016-04-29,14:52:00,75.49,75.53,75.48,75.48,1615
CRM,2016-04-29,14:53:00,75.48,75.50,75.44,75.45,3797
CRM,2016-04-29,14:54:00,75.44,75.48,75.44,75.47,1800
CRM,2016-04-29,14:55:00,75.50,75.55,75.50,75.55,4562
CRM,2016-04-29,14:56:00,75.55,75.58,75.50,75.50,8276
CRM,2016-04-29,14:57:00,75.48,75.48,75.40,75.40,3765
CRM,2016-04-29,14:58:00,75.42,75.45,75.42,75.43,2860
CRM,2016-04-29,14:59:00,75.42,75.45,75.39,75.39,7578
CRM,2016-04-29,15:00:00,75.39,75.40,75.33,75.39,3701
CRM,2016-04-29,15:01:00,75.37,75.41,75.34,75.41,4779
CRM,2016-04-29,15:02:00,75.42,75.44,75.41,75.42,2505
CRM,2016-04-29,15:03:00,75.43,75.44,75.36,75.36,9795
CRM,2016-04-29,15:04:00,75.37,75.38,75.35,75.35,2483
CRM,2016-04-29,15:05:00,75.36,75.37,75.35,75.35,3400
CRM,2016-04-29,15:06:00,75.35,75.38,75.33,75.38,3369
CRM,2016-04-29,15:07:00,75.40,75.44,75.39,75.42,5267
CRM,2016-04-29,15:08:00,75.45,75.48,75.45,75.47,4039
CRM,2016-04-29,15:09:00,75.47,75.52,75.45,75.45,12379
CRM,2016-04-29,15:10:00,75.43,75.50,75.43,75.47,5520
CRM,2016-04-29,15:11:00,75.48,75.48,75.44,75.45,6524
CRM,2016-04-29,15:12:00,75.44,75.52,75.44,75.52,4862
CRM,2016-04-29,15:13:00,75.54,75.55,75.52,75.54,6669
CRM,2016-04-29,15:14:00,75.55,75.60,75.55,75.56,4660
CRM,2016-04-29,15:15:00,75.56,75.59,75.56,75.58,5101
CRM,2016-04-29,15:16:00,75.58,75.63,75.58,75.61,5127
CRM,2016-04-29,15:17:00,75.63,75.64,75.60,75.60,8709
CRM,2016-04-29,15:18:00,75.61,75.61,75.57,75.58,5421
CRM,2016-04-29,15:19:00,75.60,75.66,75.60,75.62,5806
CRM,2016-04-29,15:20:00,75.59,75.60,75.59,75.60,2903
CRM,2016-04-29,15:21:00,75.60,75.63,75.57,75.57,9127
CRM,2016-04-29,15:22:00,75.56,75.59,75.56,75.59,3401
CRM,2016-04-29,15:23:00,75.59,75.67,75.59,75.66,8350
CRM,2016-04-29,15:24:00,75.68,75.71,75.62,75.62,20242
CRM,2016-04-29,15:25:00,75.63,75.65,75.60,75.61,5298
CRM,2016-04-29,15:26:00,75.62,75.63,75.60,75.62,3784
CRM,2016-04-29,15:27:00,75.63,75.64,75.60,75.60,5855
CRM,2016-04-29,15:28:00,75.60,75.62,75.57,75.61,5539
CRM,2016-04-29,15:29:00,75.60,75.60,75.50,75.50,5500
CRM,2016-04-29,15:30:00,75.51,75.53,75.49,75.51,8734
CRM,2016-04-29,15:31:00,75.52,75.60,75.52,75.59,7341
CRM,2016-04-29,15:32:00,75.60,75.61,75.59,75.61,8397
CRM,2016-04-29,15:33:00,75.62,75.76,75.62,75.76,14207
CRM,2016-04-29,15:34:00,75.75,75.79,75.70,75.70,15604
CRM,2016-04-29,15:35:00,75.72,75.77,75.72,75.77,6727
CRM,2016-04-29,15:36:00,75.77,75.78,75.72,75.73,13232
CRM,2016-04-29,15:37:00,75.73,75.75,75.72,75.74,19704
CRM,2016-04-29,15:38:00,75.74,75.77,75.71,75.73,13500
CRM,2016-04-29,15:39:00,75.73,75.80,75.72,75.76,11073
CRM,2016-04-29,15:40:00,75.77,75.78,75.71,75.71,5662
CRM,2016-04-29,15:41:00,75.71,75.80,75.71,75.79,10410
CRM,2016-04-29,15:42:00,75.79,75.81,75.78,75.81,8050
CRM,2016-04-29,15:43:00,75.81,75.88,75.81,75.86,8304
CRM,2016-04-29,15:44:00,75.86,75.86,75.81,75.84,16634
CRM,2016-04-29,15:45:00,75.85,75.92,75.84,75.91,30116
CRM,2016-04-29,15:46:00,75.91,76.04,75.84,76.03,33017
CRM,2016-04-29,15:47:00,76.03,76.06,75.99,76.03,13982
CRM,2016-04-29,15:48:00,76.02,76.02,75.94,75.94,13844
CRM,2016-04-29,15:49:00,75.97,75.97,75.90,75.91,12740
CRM,2016-04-29,15:50:00,75.90,75.92,75.86,75.91,14257
CRM,2016-04-29,15:51:00,75.91,75.91,75.84,75.88,17536
CRM,2016-04-29,15:52:00,75.89,75.92,75.86,75.90,20160
CRM,2016-04-29,15:53:00,75.90,75.92,75.85,75.85,16776
CRM,2016-04-29,15:54:00,75.85,75.85,75.80,75.83,17575
CRM,2016-04-29,15:55:00,75.84,75.93,75.83,75.93,19973
CRM,2016-04-29,15:56:00,75.92,75.95,75.83,75.85,32576
CRM,2016-04-29,15:57:00,75.87,75.89,75.81,75.85,21963
CRM,2016-04-29,15:58:00,75.85,75.87,75.79,75.82,23947
CRM,2016-04-29,15:59:00,75.82,75.82,75.75,75.82,38613
CRM,2016-04-29,16:00:00,75.82,75.87,75.76,75.81,79712
