CSCO,2016-04-28,09:30:00,28.45,28.58,28.45,28.58,440892
CSCO,2016-04-28,09:31:00,28.52,28.59,28.44,28.48,101537
CSCO,2016-04-28,09:32:00,28.47,28.48,28.44,28.46,83163
CSCO,2016-04-28,09:33:00,28.46,28.46,28.43,28.44,43542
CSCO,2016-04-28,09:34:00,28.44,28.45,28.42,28.42,57105
CSCO,2016-04-28,09:35:00,28.42,28.44,28.41,28.41,68590
CSCO,2016-04-28,09:36:00,28.40,28.42,28.39,28.42,71380
CSCO,2016-04-28,09:37:00,28.41,28.43,28.41,28.42,46949
CSCO,2016-04-28,09:38:00,28.41,28.46,28.41,28.46,38845
CSCO,2016-04-28,09:39:00,28.46,28.49,28.45,28.46,59188
CSCO,2016-04-28,09:40:00,28.45,28.48,28.44,28.44,65639
CSCO,2016-04-28,09:41:00,28.43,28.44,28.41,28.44,53088
CSCO,2016-04-28,09:42:00,28.44,28.48,28.44,28.46,65671
CSCO,2016-04-28,09:43:00,28.46,28.47,28.45,28.46,20501
CSCO,2016-04-28,09:44:00,28.46,28.49,28.46,28.49,27575
CSCO,2016-04-28,09:45:00,28.49,28.50,28.47,28.48,38220
CSCO,2016-04-28,09:46:00,28.48,28.50,28.45,28.45,53478
CSCO,2016-04-28,09:47:00,28.45,28.45,28.41,28.43,67185
CSCO,2016-04-28,09:48:00,28.43,28.43,28.40,28.40,18357
CSCO,2016-04-28,09:49:00,28.40,28.43,28.40,28.41,33746
CSCO,2016-04-28,09:50:00,28.41,28.41,28.38,28.39,65303
CSCO,2016-04-28,09:51:00,28.39,28.40,28.38,28.39,100219
CSCO,2016-04-28,09:52:00,28.39,28.39,28.32,28.33,280031
CSCO,2016-04-28,09:53:00,28.34,28.34,28.25,28.27,182208
CSCO,2016-04-28,09:54:00,28.27,28.30,28.26,28.29,66927
CSCO,2016-04-28,09:55:00,28.30,28.32,28.27,28.27,71903
CSCO,2016-04-28,09:56:00,28.28,28.28,28.24,28.25,133448
CSCO,2016-04-28,09:57:00,28.25,28.25,28.20,28.23,166797
CSCO,2016-04-28,09:58:00,28.22,28.25,28.21,28.25,66432
CSCO,2016-04-28,09:59:00,28.24,28.26,28.24,28.25,46384
CSCO,2016-04-28,10:00:00,28.25,28.31,28.25,28.30,126882
CSCO,2016-04-28,10:01:00,28.30,28.32,28.29,28.31,213680
CSCO,2016-04-28,10:02:00,28.31,28.32,28.30,28.31,70951
CSCO,2016-04-28,10:03:00,28.31,28.32,28.29,28.31,122225
CSCO,2016-04-28,10:04:00,28.31,28.33,28.30,28.30,39450
CSCO,2016-04-28,10:05:00,28.30,28.34,28.29,28.32,96026
CSCO,2016-04-28,10:06:00,28.33,28.36,28.32,28.35,81513
CSCO,2016-04-28,10:07:00,28.34,28.36,28.34,28.36,14412
CSCO,2016-04-28,10:08:00,28.35,28.36,28.34,28.35,65071
CSCO,2016-04-28,10:09:00,28.34,28.35,28.33,28.33,8693
CSCO,2016-04-28,10:10:00,28.34,28.34,28.31,28.32,20406
CSCO,2016-04-28,10:11:00,28.32,28.32,28.30,28.31,63378
CSCO,2016-04-28,10:12:00,28.31,28.31,28.28,28.29,82813
CSCO,2016-04-28,10:13:00,28.29,28.33,28.28,28.33,40225
CSCO,2016-04-28,10:14:00,28.33,28.35,28.32,28.35,46188
CSCO,2016-04-28,10:15:00,28.35,28.36,28.34,28.34,37935
CSCO,2016-04-28,10:16:00,28.34,28.35,28.34,28.35,29967
CSCO,2016-04-28,10:17:00,28.34,28.35,28.32,28.33,59184
CSCO,2016-04-28,10:18:00,28.32,28.33,28.32,28.32,5527
CSCO,2016-04-28,10:19:00,28.33,28.35,28.32,28.34,24795
CSCO,2016-04-28,10:20:00,28.35,28.35,28.33,28.33,69641
CSCO,2016-04-28,10:21:00,28.33,28.34,28.32,28.32,44918
CSCO,2016-04-28,10:22:00,28.33,28.33,28.31,28.32,122931
CSCO,2016-04-28,10:23:00,28.32,28.32,28.30,28.30,33772
CSCO,2016-04-28,10:24:00,28.30,28.31,28.29,28.30,117530
CSCO,2016-04-28,10:25:00,28.30,28.34,28.28,28.33,65437
CSCO,2016-04-28,10:26:00,28.34,28.36,28.33,28.34,29887
CSCO,2016-04-28,10:27:00,28.35,28.36,28.34,28.35,45528
CSCO,2016-04-28,10:28:00,28.36,28.37,28.35,28.37,30059
CSCO,2016-04-28,10:29:00,28.37,28.38,28.35,28.35,26503
CSCO,2016-04-28,10:30:00,28.35,28.38,28.35,28.37,19776
CSCO,2016-04-28,10:31:00,28.38,28.40,28.37,28.37,73596
CSCO,2016-04-28,10:32:00,28.37,28.40,28.36,28.39,26587
CSCO,2016-04-28,10:33:00,28.40,28.41,28.40,28.40,10635
CSCO,2016-04-28,10:34:00,28.40,28.41,28.39,28.40,28265
CSCO,2016-04-28,10:35:00,28.40,28.41,28.39,28.40,42863
CSCO,2016-04-28,10:36:00,28.40,28.42,28.39,28.42,45910
CSCO,2016-04-28,10:37:00,28.41,28.44,28.41,28.43,29183
CSCO,2016-04-28,10:38:00,28.42,28.43,28.42,28.43,20259
CSCO,2016-04-28,10:39:00,28.42,28.43,28.40,28.40,22248
CSCO,2016-04-28,10:40:00,28.41,28.41,28.40,28.40,19082
CSCO,2016-04-28,10:41:00,28.40,28.41,28.39,28.39,43495
CSCO,2016-04-28,10:42:00,28.39,28.40,28.39,28.39,13028
CSCO,2016-04-28,10:43:00,28.39,28.40,28.38,28.38,37825
CSCO,2016-04-28,10:44:00,28.39,28.39,28.38,28.39,13980
CSCO,2016-04-28,10:45:00,28.39,28.39,28.38,28.39,32753
CSCO,2016-04-28,10:46:00,28.39,28.40,28.38,28.39,24721
CSCO,2016-04-28,10:47:00,28.39,28.42,28.39,28.42,45676
CSCO,2016-04-28,10:48:00,28.41,28.44,28.41,28.43,67183
CSCO,2016-04-28,10:49:00,28.43,28.45,28.40,28.45,152348
CSCO,2016-04-28,10:50:00,28.45,28.45,28.43,28.43,54894
CSCO,2016-04-28,10:51:00,28.43,28.43,28.42,28.42,35384
CSCO,2016-04-28,10:52:00,28.42,28.43,28.40,28.41,63823
CSCO,2016-04-28,10:53:00,28.41,28.44,28.41,28.43,34507
CSCO,2016-04-28,10:54:00,28.44,28.47,28.43,28.47,39347
CSCO,2016-04-28,10:55:00,28.46,28.47,28.45,28.46,42735
CSCO,2016-04-28,10:56:00,28.46,28.48,28.46,28.48,36274
CSCO,2016-04-28,10:57:00,28.48,28.49,28.45,28.45,32246
CSCO,2016-04-28,10:58:00,28.45,28.46,28.44,28.45,42734
CSCO,2016-04-28,10:59:00,28.45,28.47,28.45,28.47,19097
CSCO,2016-04-28,11:00:00,28.46,28.47,28.45,28.46,26770
CSCO,2016-04-28,11:01:00,28.46,28.47,28.46,28.46,23108
CSCO,2016-04-28,11:02:00,28.46,28.47,28.46,28.47,10050
CSCO,2016-04-28,11:03:00,28.46,28.46,28.44,28.44,23161
CSCO,2016-04-28,11:04:00,28.45,28.45,28.44,28.45,12320
CSCO,2016-04-28,11:05:00,28.44,28.46,28.44,28.45,29957
CSCO,2016-04-28,11:06:00,28.45,28.46,28.45,28.45,8963
CSCO,2016-04-28,11:07:00,28.45,28.46,28.45,28.45,12322
CSCO,2016-04-28,11:08:00,28.46,28.46,28.44,28.44,72072
CSCO,2016-04-28,11:09:00,28.44,28.45,28.44,28.44,13492
CSCO,2016-04-28,11:10:00,28.45,28.45,28.42,28.43,38409
CSCO,2016-04-28,11:11:00,28.42,28.43,28.41,28.41,28965
CSCO,2016-04-28,11:12:00,28.41,28.42,28.41,28.41,16149
CSCO,2016-04-28,11:13:00,28.41,28.42,28.41,28.41,15349
CSCO,2016-04-28,11:14:00,28.41,28.42,28.41,28.41,10488
CSCO,2016-04-28,11:15:00,28.41,28.42,28.41,28.41,6194
CSCO,2016-04-28,11:16:00,28.41,28.43,28.41,28.41,48325
CSCO,2016-04-28,11:17:00,28.41,28.41,28.40,28.41,31577
CSCO,2016-04-28,11:18:00,28.41,28.43,28.40,28.43,39458
CSCO,2016-04-28,11:19:00,28.43,28.43,28.41,28.41,19380
CSCO,2016-04-28,11:20:00,28.42,28.42,28.40,28.41,20157
CSCO,2016-04-28,11:21:00,28.41,28.43,28.41,28.43,49468
CSCO,2016-04-28,11:22:00,28.43,28.44,28.42,28.43,15628
CSCO,2016-04-28,11:23:00,28.44,28.44,28.42,28.43,11300
CSCO,2016-04-28,11:24:00,28.43,28.44,28.43,28.43,40296
CSCO,2016-04-28,11:25:00,28.43,28.44,28.43,28.43,9307
CSCO,2016-04-28,11:26:00,28.44,28.44,28.43,28.44,13210
CSCO,2016-04-28,11:27:00,28.43,28.46,28.43,28.46,24231
CSCO,2016-04-28,11:28:00,28.45,28.46,28.45,28.45,5255
CSCO,2016-04-28,11:29:00,28.45,28.46,28.44,28.45,49370
CSCO,2016-04-28,11:30:00,28.45,28.45,28.44,28.44,24002
CSCO,2016-04-28,11:31:00,28.45,28.45,28.43,28.43,15941
CSCO,2016-04-28,11:32:00,28.43,28.44,28.43,28.43,12045
CSCO,2016-04-28,11:33:00,28.43,28.44,28.41,28.42,61111
CSCO,2016-04-28,11:34:00,28.42,28.43,28.41,28.42,31878
CSCO,2016-04-28,11:35:00,28.42,28.43,28.42,28.43,20946
CSCO,2016-04-28,11:36:00,28.44,28.44,28.41,28.42,40518
CSCO,2016-04-28,11:37:00,28.42,28.43,28.41,28.41,8707
CSCO,2016-04-28,11:38:00,28.41,28.42,28.41,28.41,8887
CSCO,2016-04-28,11:39:00,28.41,28.42,28.40,28.41,28719
CSCO,2016-04-28,11:40:00,28.40,28.41,28.40,28.40,13586
CSCO,2016-04-28,11:41:00,28.41,28.41,28.40,28.41,5004
CSCO,2016-04-28,11:42:00,28.40,28.41,28.40,28.40,10625
CSCO,2016-04-28,11:43:00,28.40,28.41,28.39,28.39,23458
CSCO,2016-04-28,11:44:00,28.39,28.40,28.39,28.40,9150
CSCO,2016-04-28,11:45:00,28.39,28.40,28.39,28.39,10833
CSCO,2016-04-28,11:46:00,28.39,28.42,28.39,28.41,75472
CSCO,2016-04-28,11:47:00,28.40,28.42,28.40,28.42,24990
CSCO,2016-04-28,11:48:00,28.41,28.42,28.40,28.41,20944
CSCO,2016-04-28,11:49:00,28.41,28.41,28.39,28.39,19987
CSCO,2016-04-28,11:50:00,28.39,28.41,28.39,28.39,30210
CSCO,2016-04-28,11:51:00,28.39,28.41,28.39,28.41,13279
CSCO,2016-04-28,11:52:00,28.40,28.41,28.38,28.39,66577
CSCO,2016-04-28,11:53:00,28.39,28.41,28.38,28.40,42286
CSCO,2016-04-28,11:54:00,28.40,28.42,28.39,28.41,24862
CSCO,2016-04-28,11:55:00,28.41,28.41,28.39,28.40,17074
CSCO,2016-04-28,11:56:00,28.39,28.40,28.39,28.39,12296
CSCO,2016-04-28,11:57:00,28.40,28.40,28.39,28.39,8955
CSCO,2016-04-28,11:58:00,28.39,28.40,28.38,28.38,13666
CSCO,2016-04-28,11:59:00,28.39,28.41,28.38,28.41,44976
CSCO,2016-04-28,12:00:00,28.41,28.41,28.40,28.41,24684
CSCO,2016-04-28,12:01:00,28.41,28.41,28.40,28.41,22693
CSCO,2016-04-28,12:02:00,28.40,28.41,28.40,28.41,15424
CSCO,2016-04-28,12:03:00,28.40,28.41,28.40,28.40,6478
CSCO,2016-04-28,12:04:00,28.40,28.41,28.39,28.39,52676
CSCO,2016-04-28,12:05:00,28.40,28.40,28.36,28.37,76208
CSCO,2016-04-28,12:06:00,28.38,28.38,28.37,28.37,16366
CSCO,2016-04-28,12:07:00,28.38,28.38,28.37,28.37,18211
CSCO,2016-04-28,12:08:00,28.38,28.38,28.37,28.37,8711
CSCO,2016-04-28,12:09:00,28.38,28.38,28.36,28.37,15166
CSCO,2016-04-28,12:10:00,28.36,28.38,28.36,28.37,24833
CSCO,2016-04-28,12:11:00,28.38,28.38,28.37,28.38,2989
CSCO,2016-04-28,12:12:00,28.37,28.38,28.37,28.38,5684
CSCO,2016-04-28,12:13:00,28.38,28.38,28.37,28.38,20519
CSCO,2016-04-28,12:14:00,28.38,28.38,28.36,28.37,15049
CSCO,2016-04-28,12:15:00,28.36,28.37,28.34,28.34,72305
CSCO,2016-04-28,12:16:00,28.34,28.35,28.34,28.34,20598
CSCO,2016-04-28,12:17:00,28.35,28.36,28.34,28.35,23387
CSCO,2016-04-28,12:18:00,28.35,28.36,28.35,28.36,10485
CSCO,2016-04-28,12:19:00,28.36,28.36,28.34,28.34,19970
CSCO,2016-04-28,12:20:00,28.34,28.35,28.33,28.34,11378
CSCO,2016-04-28,12:21:00,28.34,28.34,28.33,28.34,28651
CSCO,2016-04-28,12:22:00,28.34,28.34,28.33,28.34,16421
CSCO,2016-04-28,12:23:00,28.33,28.34,28.32,28.34,29126
CSCO,2016-04-28,12:24:00,28.34,28.34,28.33,28.34,7058
CSCO,2016-04-28,12:25:00,28.33,28.34,28.32,28.34,44196
CSCO,2016-04-28,12:26:00,28.33,28.33,28.32,28.32,35515
CSCO,2016-04-28,12:27:00,28.32,28.33,28.31,28.33,41991
CSCO,2016-04-28,12:28:00,28.33,28.33,28.31,28.31,24476
CSCO,2016-04-28,12:29:00,28.31,28.32,28.31,28.31,45013
CSCO,2016-04-28,12:30:00,28.32,28.32,28.31,28.32,15068
CSCO,2016-04-28,12:31:00,28.32,28.32,28.30,28.30,55173
CSCO,2016-04-28,12:32:00,28.30,28.31,28.30,28.30,8174
CSCO,2016-04-28,12:33:00,28.31,28.31,28.29,28.30,115636
CSCO,2016-04-28,12:34:00,28.30,28.30,28.28,28.28,307860
CSCO,2016-04-28,12:35:00,28.29,28.29,28.28,28.29,489258
CSCO,2016-04-28,12:36:00,28.29,28.29,28.28,28.29,16122
CSCO,2016-04-28,12:37:00,28.29,28.29,28.27,28.28,75118
CSCO,2016-04-28,12:38:00,28.29,28.29,28.28,28.28,53797
CSCO,2016-04-28,12:39:00,28.28,28.29,28.27,28.27,49782
CSCO,2016-04-28,12:40:00,28.27,28.29,28.27,28.29,34983
CSCO,2016-04-28,12:41:00,28.29,28.29,28.28,28.29,17118
CSCO,2016-04-28,12:42:00,28.29,28.29,28.26,28.27,89791
CSCO,2016-04-28,12:43:00,28.27,28.27,28.26,28.26,74277
CSCO,2016-04-28,12:44:00,28.27,28.27,28.25,28.25,42201
CSCO,2016-04-28,12:45:00,28.25,28.25,28.22,28.23,177996
CSCO,2016-04-28,12:46:00,28.23,28.26,28.22,28.26,64695
CSCO,2016-04-28,12:47:00,28.26,28.27,28.26,28.26,15869
CSCO,2016-04-28,12:48:00,28.26,28.27,28.24,28.24,67050
CSCO,2016-04-28,12:49:00,28.25,28.25,28.24,28.25,20881
CSCO,2016-04-28,12:50:00,28.25,28.25,28.24,28.25,8724
CSCO,2016-04-28,12:51:00,28.25,28.25,28.23,28.23,22345
CSCO,2016-04-28,12:52:00,28.23,28.24,28.23,28.23,14069
CSCO,2016-04-28,12:53:00,28.24,28.25,28.24,28.25,39510
CSCO,2016-04-28,12:54:00,28.24,28.25,28.24,28.25,4879
CSCO,2016-04-28,12:55:00,28.25,28.25,28.24,28.25,36139
CSCO,2016-04-28,12:56:00,28.25,28.25,28.24,28.25,46997
CSCO,2016-04-28,12:57:00,28.24,28.25,28.24,28.25,31850
CSCO,2016-04-28,12:58:00,28.24,28.25,28.24,28.25,13120
CSCO,2016-04-28,12:59:00,28.25,28.25,28.23,28.23,50033
CSCO,2016-04-28,13:00:00,28.23,28.24,28.22,28.24,43515
CSCO,2016-04-28,13:01:00,28.24,28.25,28.23,28.25,39461
CSCO,2016-04-28,13:02:00,28.24,28.25,28.24,28.25,8513
CSCO,2016-04-28,13:03:00,28.25,28.27,28.24,28.26,55594
CSCO,2016-04-28,13:04:00,28.25,28.27,28.23,28.24,37672
CSCO,2016-04-28,13:05:00,28.24,28.25,28.22,28.23,50383
CSCO,2016-04-28,13:06:00,28.23,28.23,28.22,28.22,23960
CSCO,2016-04-28,13:07:00,28.22,28.23,28.22,28.23,14591
CSCO,2016-04-28,13:08:00,28.23,28.23,28.22,28.23,13012
CSCO,2016-04-28,13:09:00,28.23,28.23,28.22,28.23,17325
CSCO,2016-04-28,13:10:00,28.22,28.23,28.21,28.22,66989
CSCO,2016-04-28,13:11:00,28.22,28.23,28.21,28.21,45163
CSCO,2016-04-28,13:12:00,28.21,28.22,28.20,28.21,62805
CSCO,2016-04-28,13:13:00,28.21,28.22,28.20,28.21,58668
CSCO,2016-04-28,13:14:00,28.21,28.22,28.21,28.22,38996
CSCO,2016-04-28,13:15:00,28.22,28.22,28.21,28.21,17245
CSCO,2016-04-28,13:16:00,28.21,28.22,28.21,28.21,21335
CSCO,2016-04-28,13:17:00,28.21,28.22,28.20,28.20,27198
CSCO,2016-04-28,13:18:00,28.20,28.21,28.20,28.21,13187
CSCO,2016-04-28,13:19:00,28.21,28.21,28.20,28.21,15517
CSCO,2016-04-28,13:20:00,28.20,28.21,28.20,28.21,7160
CSCO,2016-04-28,13:21:00,28.20,28.21,28.19,28.20,125883
CSCO,2016-04-28,13:22:00,28.20,28.21,28.19,28.20,119738
CSCO,2016-04-28,13:23:00,28.20,28.20,28.18,28.18,72598
CSCO,2016-04-28,13:24:00,28.19,28.19,28.18,28.18,8971
CSCO,2016-04-28,13:25:00,28.18,28.19,28.18,28.18,21370
CSCO,2016-04-28,13:26:00,28.18,28.19,28.18,28.18,13340
CSCO,2016-04-28,13:27:00,28.18,28.20,28.18,28.19,32527
CSCO,2016-04-28,13:28:00,28.20,28.21,28.19,28.20,151839
CSCO,2016-04-28,13:29:00,28.21,28.23,28.20,28.23,94002
CSCO,2016-04-28,13:30:00,28.23,28.23,28.22,28.23,11706
CSCO,2016-04-28,13:31:00,28.23,28.23,28.20,28.20,53634
CSCO,2016-04-28,13:32:00,28.20,28.21,28.20,28.21,6425
CSCO,2016-04-28,13:33:00,28.20,28.23,28.20,28.23,25762
CSCO,2016-04-28,13:34:00,28.22,28.23,28.22,28.23,31063
CSCO,2016-04-28,13:35:00,28.23,28.24,28.22,28.23,30037
CSCO,2016-04-28,13:36:00,28.23,28.24,28.22,28.24,97723
CSCO,2016-04-28,13:37:00,28.24,28.24,28.23,28.23,19015
CSCO,2016-04-28,13:38:00,28.23,28.24,28.23,28.23,74429
CSCO,2016-04-28,13:39:00,28.23,28.25,28.23,28.25,16179
CSCO,2016-04-28,13:40:00,28.25,28.25,28.24,28.25,12140
CSCO,2016-04-28,13:41:00,28.25,28.25,28.23,28.24,48064
CSCO,2016-04-28,13:42:00,28.23,28.23,28.23,28.23,9664
CSCO,2016-04-28,13:43:00,28.23,28.24,28.22,28.23,35931
CSCO,2016-04-28,13:44:00,28.23,28.23,28.22,28.23,13866
CSCO,2016-04-28,13:45:00,28.23,28.23,28.22,28.22,7086
CSCO,2016-04-28,13:46:00,28.23,28.23,28.20,28.20,76028
CSCO,2016-04-28,13:47:00,28.20,28.20,28.19,28.20,8397
CSCO,2016-04-28,13:48:00,28.19,28.20,28.19,28.20,76490
CSCO,2016-04-28,13:49:00,28.20,28.20,28.19,28.20,22799
CSCO,2016-04-28,13:50:00,28.20,28.20,28.19,28.20,85286
CSCO,2016-04-28,13:51:00,28.20,28.20,28.19,28.20,20167
CSCO,2016-04-28,13:52:00,28.19,28.20,28.19,28.20,49851
CSCO,2016-04-28,13:53:00,28.19,28.20,28.19,28.20,9182
CSCO,2016-04-28,13:54:00,28.20,28.20,28.19,28.20,20884
CSCO,2016-04-28,13:55:00,28.20,28.20,28.19,28.19,28827
CSCO,2016-04-28,13:56:00,28.20,28.20,28.19,28.19,33777
CSCO,2016-04-28,13:57:00,28.20,28.20,28.18,28.19,70237
CSCO,2016-04-28,13:58:00,28.20,28.20,28.18,28.19,12153
CSCO,2016-04-28,13:59:00,28.19,28.19,28.18,28.18,42485
CSCO,2016-04-28,14:00:00,28.19,28.19,28.17,28.17,51776
CSCO,2016-04-28,14:01:00,28.17,28.18,28.17,28.17,17722
CSCO,2016-04-28,14:02:00,28.17,28.19,28.16,28.18,91986
CSCO,2016-04-28,14:03:00,28.18,28.20,28.18,28.19,32019
CSCO,2016-04-28,14:04:00,28.20,28.20,28.19,28.20,19982
CSCO,2016-04-28,14:05:00,28.20,28.20,28.16,28.16,68774
CSCO,2016-04-28,14:06:00,28.18,28.18,28.17,28.17,41218
CSCO,2016-04-28,14:07:00,28.17,28.19,28.17,28.19,33373
CSCO,2016-04-28,14:08:00,28.19,28.19,28.18,28.18,11098
CSCO,2016-04-28,14:09:00,28.18,28.19,28.18,28.18,51911
CSCO,2016-04-28,14:10:00,28.18,28.19,28.18,28.18,15013
CSCO,2016-04-28,14:11:00,28.18,28.19,28.18,28.18,21350
CSCO,2016-04-28,14:12:00,28.18,28.18,28.17,28.18,45675
CSCO,2016-04-28,14:13:00,28.18,28.18,28.17,28.18,22861
CSCO,2016-04-28,14:14:00,28.18,28.18,28.17,28.18,26482
CSCO,2016-04-28,14:15:00,28.17,28.18,28.16,28.16,93694
CSCO,2016-04-28,14:16:00,28.16,28.17,28.15,28.15,101366
CSCO,2016-04-28,14:17:00,28.16,28.16,28.15,28.16,36135
CSCO,2016-04-28,14:18:00,28.16,28.16,28.15,28.16,21701
CSCO,2016-04-28,14:19:00,28.16,28.16,28.15,28.15,41324
CSCO,2016-04-28,14:20:00,28.16,28.16,28.14,28.14,33462
CSCO,2016-04-28,14:21:00,28.14,28.15,28.14,28.14,55371
CSCO,2016-04-28,14:22:00,28.14,28.16,28.14,28.14,52108
CSCO,2016-04-28,14:23:00,28.14,28.15,28.12,28.12,50199
CSCO,2016-04-28,14:24:00,28.13,28.13,28.12,28.12,47339
CSCO,2016-04-28,14:25:00,28.12,28.13,28.12,28.13,74001
CSCO,2016-04-28,14:26:00,28.13,28.13,28.11,28.12,104938
CSCO,2016-04-28,14:27:00,28.13,28.13,28.11,28.12,75714
CSCO,2016-04-28,14:28:00,28.12,28.13,28.11,28.11,95785
CSCO,2016-04-28,14:29:00,28.12,28.13,28.11,28.11,101347
CSCO,2016-04-28,14:30:00,28.11,28.12,28.11,28.11,11372
CSCO,2016-04-28,14:31:00,28.12,28.12,28.11,28.11,20822
CSCO,2016-04-28,14:32:00,28.11,28.12,28.11,28.11,114627
CSCO,2016-04-28,14:33:00,28.11,28.12,28.10,28.10,46146
CSCO,2016-04-28,14:34:00,28.10,28.11,28.09,28.10,99113
CSCO,2016-04-28,14:35:00,28.11,28.11,28.10,28.11,17736
CSCO,2016-04-28,14:36:00,28.11,28.12,28.10,28.11,53926
CSCO,2016-04-28,14:37:00,28.11,28.11,28.09,28.11,72091
CSCO,2016-04-28,14:38:00,28.10,28.11,28.09,28.09,105878
CSCO,2016-04-28,14:39:00,28.09,28.11,28.09,28.11,29375
CSCO,2016-04-28,14:40:00,28.11,28.12,28.09,28.11,160389
CSCO,2016-04-28,14:41:00,28.11,28.11,28.10,28.11,45642
CSCO,2016-04-28,14:42:00,28.10,28.11,28.09,28.10,201267
CSCO,2016-04-28,14:43:00,28.10,28.11,28.10,28.11,20457
CSCO,2016-04-28,14:44:00,28.11,28.12,28.10,28.12,68538
CSCO,2016-04-28,14:45:00,28.11,28.12,28.11,28.11,47075
CSCO,2016-04-28,14:46:00,28.12,28.12,28.08,28.09,80798
CSCO,2016-04-28,14:47:00,28.09,28.10,28.09,28.09,34607
CSCO,2016-04-28,14:48:00,28.09,28.09,28.08,28.08,11134
CSCO,2016-04-28,14:49:00,28.08,28.09,28.08,28.08,18824
CSCO,2016-04-28,14:50:00,28.09,28.10,28.08,28.10,73041
CSCO,2016-04-28,14:51:00,28.09,28.10,28.09,28.09,10899
CSCO,2016-04-28,14:52:00,28.09,28.09,28.08,28.08,55225
CSCO,2016-04-28,14:53:00,28.09,28.09,28.07,28.09,62521
CSCO,2016-04-28,14:54:00,28.08,28.09,28.08,28.08,9725
CSCO,2016-04-28,14:55:00,28.08,28.09,28.07,28.07,39719
CSCO,2016-04-28,14:56:00,28.08,28.08,28.06,28.06,15341
CSCO,2016-04-28,14:57:00,28.07,28.07,28.06,28.07,74571
CSCO,2016-04-28,14:58:00,28.07,28.11,28.07,28.11,104899
CSCO,2016-04-28,14:59:00,28.11,28.11,28.08,28.09,48805
CSCO,2016-04-28,15:00:00,28.08,28.09,28.08,28.09,9996
CSCO,2016-04-28,15:01:00,28.09,28.09,28.07,28.08,68420
CSCO,2016-04-28,15:02:00,28.07,28.08,28.07,28.07,19007
CSCO,2016-04-28,15:03:00,28.07,28.08,28.07,28.07,20791
CSCO,2016-04-28,15:04:00,28.07,28.09,28.07,28.09,66029
CSCO,2016-04-28,15:05:00,28.09,28.09,28.06,28.07,106791
CSCO,2016-04-28,15:06:00,28.08,28.08,28.07,28.08,29075
CSCO,2016-04-28,15:07:00,28.07,28.08,28.06,28.07,151474
CSCO,2016-04-28,15:08:00,28.07,28.07,28.06,28.07,49166
CSCO,2016-04-28,15:09:00,28.07,28.07,28.05,28.05,48396
CSCO,2016-04-28,15:10:00,28.05,28.06,28.03,28.03,82663
CSCO,2016-04-28,15:11:00,28.03,28.03,28.00,28.01,79804
CSCO,2016-04-28,15:12:00,28.01,28.02,28.00,28.01,101312
CSCO,2016-04-28,15:13:00,28.01,28.02,28.00,28.00,78312
CSCO,2016-04-28,15:14:00,28.00,28.01,27.97,27.97,286813
CSCO,2016-04-28,15:15:00,27.97,27.98,27.95,27.97,126562
CSCO,2016-04-28,15:16:00,27.96,27.96,27.93,27.93,64227
CSCO,2016-04-28,15:17:00,27.94,27.94,27.91,27.92,141797
CSCO,2016-04-28,15:18:00,27.93,27.95,27.93,27.95,52791
CSCO,2016-04-28,15:19:00,27.95,27.95,27.91,27.91,58245
CSCO,2016-04-28,15:20:00,27.91,27.93,27.91,27.93,29185
CSCO,2016-04-28,15:21:00,27.92,27.94,27.92,27.93,89507
CSCO,2016-04-28,15:22:00,27.93,27.96,27.93,27.95,173118
CSCO,2016-04-28,15:23:00,27.94,27.95,27.91,27.91,46509
CSCO,2016-04-28,15:24:00,27.92,27.94,27.91,27.91,79285
CSCO,2016-04-28,15:25:00,27.91,27.92,27.90,27.91,100567
CSCO,2016-04-28,15:26:00,27.90,27.91,27.79,27.84,365118
CSCO,2016-04-28,15:27:00,27.85,27.91,27.85,27.88,168690
CSCO,2016-04-28,15:28:00,27.89,27.90,27.88,27.90,51037
CSCO,2016-04-28,15:29:00,27.90,27.90,27.86,27.86,57813
CSCO,2016-04-28,15:30:00,27.87,27.87,27.84,27.84,84721
CSCO,2016-04-28,15:31:00,27.84,27.89,27.84,27.89,83446
CSCO,2016-04-28,15:32:00,27.89,27.89,27.88,27.89,112498
CSCO,2016-04-28,15:33:00,27.89,27.90,27.87,27.88,92950
CSCO,2016-04-28,15:34:00,27.88,27.89,27.86,27.87,79356
CSCO,2016-04-28,15:35:00,27.87,27.89,27.86,27.88,59464
CSCO,2016-04-28,15:36:00,27.87,27.90,27.87,27.89,79597
CSCO,2016-04-28,15:37:00,27.90,27.90,27.89,27.89,19048
CSCO,2016-04-28,15:38:00,27.89,27.89,27.85,27.88,238197
CSCO,2016-04-28,15:39:00,27.87,27.89,27.87,27.88,64422
CSCO,2016-04-28,15:40:00,27.89,27.90,27.88,27.88,53805
CSCO,2016-04-28,15:41:00,27.88,27.89,27.87,27.88,36098
CSCO,2016-04-28,15:42:00,27.89,27.91,27.88,27.90,193591
CSCO,2016-04-28,15:43:00,27.89,27.91,27.88,27.90,110647
CSCO,2016-04-28,15:44:00,27.89,27.90,27.88,27.90,70826
CSCO,2016-04-28,15:45:00,27.89,27.90,27.88,27.89,98451
CSCO,2016-04-28,15:46:00,27.89,27.91,27.88,27.91,108126
CSCO,2016-04-28,15:47:00,27.91,27.93,27.91,27.92,149579
CSCO,2016-04-28,15:48:00,27.92,27.93,27.91,27.93,57402
CSCO,2016-04-28,15:49:00,27.93,27.93,27.91,27.92,151472
CSCO,2016-04-28,15:50:00,27.91,27.92,27.89,27.91,199157
CSCO,2016-04-28,15:51:00,27.92,27.93,27.90,27.91,157232
CSCO,2016-04-28,15:52:00,27.91,27.92,27.90,27.92,66856
CSCO,2016-04-28,15:53:00,27.91,27.92,27.90,27.90,134691
CSCO,2016-04-28,15:54:00,27.91,27.91,27.89,27.89,115828
CSCO,2016-04-28,15:55:00,27.89,27.91,27.88,27.91,156728
CSCO,2016-04-28,15:56:00,27.90,27.93,27.90,27.91,275826
CSCO,2016-04-28,15:57:00,27.91,27.92,27.91,27.91,136068
CSCO,2016-04-28,15:58:00,27.91,27.92,27.90,27.91,302039
CSCO,2016-04-28,15:59:00,27.91,27.92,27.91,27.92,183744
CSCO,2016-04-28,16:00:00,27.92,27.96,27.91,27.95,2775192
CSCO,2016-04-29,09:30:00,27.72,27.78,27.72,27.77,883903
CSCO,2016-04-29,09:31:00,27.77,27.83,27.62,27.64,193029
CSCO,2016-04-29,09:32:00,27.63,27.65,27.58,27.62,218367
CSCO,2016-04-29,09:33:00,27.61,27.66,27.57,27.61,175175
CSCO,2016-04-29,09:34:00,27.64,27.70,27.61,27.61,284722
CSCO,2016-04-29,09:35:00,27.62,27.66,27.60,27.62,194170
CSCO,2016-04-29,09:36:00,27.62,27.62,27.55,27.55,117013
CSCO,2016-04-29,09:37:00,27.55,27.58,27.53,27.57,166004
CSCO,2016-04-29,09:38:00,27.56,27.57,27.51,27.54,187084
CSCO,2016-04-29,09:39:00,27.54,27.54,27.49,27.51,376709
CSCO,2016-04-29,09:40:00,27.51,27.55,27.48,27.54,199428
CSCO,2016-04-29,09:41:00,27.53,27.60,27.52,27.58,118365
CSCO,2016-04-29,09:42:00,27.59,27.64,27.59,27.62,101932
CSCO,2016-04-29,09:43:00,27.61,27.63,27.56,27.56,81016
CSCO,2016-04-29,09:44:00,27.57,27.57,27.51,27.54,71693
CSCO,2016-04-29,09:45:00,27.54,27.58,27.53,27.54,73882
CSCO,2016-04-29,09:46:00,27.54,27.57,27.53,27.54,53836
CSCO,2016-04-29,09:47:00,27.53,27.54,27.46,27.47,73960
CSCO,2016-04-29,09:48:00,27.47,27.52,27.47,27.49,50124
CSCO,2016-04-29,09:49:00,27.49,27.50,27.44,27.45,141378
CSCO,2016-04-29,09:50:00,27.46,27.46,27.44,27.45,105381
CSCO,2016-04-29,09:51:00,27.45,27.45,27.40,27.42,186867
CSCO,2016-04-29,09:52:00,27.42,27.42,27.37,27.38,119684
CSCO,2016-04-29,09:53:00,27.38,27.44,27.37,27.44,90198
CSCO,2016-04-29,09:54:00,27.43,27.43,27.39,27.40,47015
CSCO,2016-04-29,09:55:00,27.39,27.43,27.39,27.42,51863
CSCO,2016-04-29,09:56:00,27.42,27.45,27.41,27.42,338793
CSCO,2016-04-29,09:57:00,27.41,27.42,27.41,27.42,20392
CSCO,2016-04-29,09:58:00,27.42,27.43,27.37,27.37,193802
CSCO,2016-04-29,09:59:00,27.37,27.38,27.35,27.36,88820
CSCO,2016-04-29,10:00:00,27.36,27.36,27.35,27.36,83989
CSCO,2016-04-29,10:01:00,27.36,27.37,27.33,27.36,99064
CSCO,2016-04-29,10:02:00,27.36,27.37,27.33,27.36,177605
CSCO,2016-04-29,10:03:00,27.36,27.41,27.35,27.41,28463
CSCO,2016-04-29,10:04:00,27.41,27.42,27.40,27.42,26703
CSCO,2016-04-29,10:05:00,27.42,27.45,27.41,27.43,69000
CSCO,2016-04-29,10:06:00,27.44,27.44,27.39,27.39,241124
CSCO,2016-04-29,10:07:00,27.39,27.43,27.39,27.43,71554
CSCO,2016-04-29,10:08:00,27.44,27.44,27.39,27.40,99122
CSCO,2016-04-29,10:09:00,27.39,27.40,27.38,27.39,164582
CSCO,2016-04-29,10:10:00,27.38,27.39,27.37,27.38,25145
CSCO,2016-04-29,10:11:00,27.37,27.41,27.36,27.40,278012
CSCO,2016-04-29,10:12:00,27.41,27.46,27.40,27.46,292438
CSCO,2016-04-29,10:13:00,27.46,27.47,27.42,27.42,172281
CSCO,2016-04-29,10:14:00,27.43,27.44,27.41,27.43,113719
CSCO,2016-04-29,10:15:00,27.42,27.43,27.39,27.40,45526
CSCO,2016-04-29,10:16:00,27.40,27.41,27.38,27.40,86448
CSCO,2016-04-29,10:17:00,27.39,27.43,27.39,27.42,74171
CSCO,2016-04-29,10:18:00,27.41,27.45,27.40,27.44,95852
CSCO,2016-04-29,10:19:00,27.44,27.46,27.41,27.42,186743
CSCO,2016-04-29,10:20:00,27.42,27.43,27.38,27.38,81282
CSCO,2016-04-29,10:21:00,27.38,27.41,27.36,27.41,107509
CSCO,2016-04-29,10:22:00,27.41,27.42,27.39,27.39,24842
CSCO,2016-04-29,10:23:00,27.39,27.40,27.39,27.40,26914
CSCO,2016-04-29,10:24:00,27.39,27.41,27.38,27.39,87078
CSCO,2016-04-29,10:25:00,27.39,27.41,27.39,27.40,115937
CSCO,2016-04-29,10:26:00,27.40,27.40,27.37,27.38,89594
CSCO,2016-04-29,10:27:00,27.38,27.38,27.35,27.36,109311
CSCO,2016-04-29,10:28:00,27.36,27.36,27.31,27.34,321942
CSCO,2016-04-29,10:29:00,27.34,27.36,27.34,27.36,73824
CSCO,2016-04-29,10:30:00,27.36,27.36,27.34,27.36,96554
CSCO,2016-04-29,10:31:00,27.36,27.39,27.35,27.38,96850
CSCO,2016-04-29,10:32:00,27.39,27.40,27.37,27.37,165629
CSCO,2016-04-29,10:33:00,27.37,27.39,27.37,27.39,114400
CSCO,2016-04-29,10:34:00,27.39,27.40,27.39,27.39,117488
CSCO,2016-04-29,10:35:00,27.39,27.41,27.38,27.41,96384
CSCO,2016-04-29,10:36:00,27.40,27.43,27.40,27.42,158570
CSCO,2016-04-29,10:37:00,27.41,27.47,27.41,27.46,184568
CSCO,2016-04-29,10:38:00,27.46,27.49,27.46,27.48,82033
CSCO,2016-04-29,10:39:00,27.48,27.50,27.47,27.49,60436
CSCO,2016-04-29,10:40:00,27.49,27.50,27.48,27.48,49135
CSCO,2016-04-29,10:41:00,27.48,27.48,27.46,27.47,92201
CSCO,2016-04-29,10:42:00,27.46,27.47,27.44,27.46,82155
CSCO,2016-04-29,10:43:00,27.47,27.47,27.46,27.46,32577
CSCO,2016-04-29,10:44:00,27.47,27.48,27.43,27.43,80950
CSCO,2016-04-29,10:45:00,27.43,27.46,27.43,27.45,93660
CSCO,2016-04-29,10:46:00,27.45,27.46,27.42,27.42,65125
CSCO,2016-04-29,10:47:00,27.42,27.43,27.40,27.40,40408
CSCO,2016-04-29,10:48:00,27.40,27.41,27.37,27.37,96729
CSCO,2016-04-29,10:49:00,27.37,27.38,27.36,27.36,94482
CSCO,2016-04-29,10:50:00,27.36,27.37,27.36,27.36,39573
CSCO,2016-04-29,10:51:00,27.36,27.37,27.32,27.32,174907
CSCO,2016-04-29,10:52:00,27.32,27.34,27.31,27.32,103790
CSCO,2016-04-29,10:53:00,27.32,27.34,27.32,27.32,79660
CSCO,2016-04-29,10:54:00,27.32,27.35,27.30,27.32,105889
CSCO,2016-04-29,10:55:00,27.31,27.34,27.30,27.34,50536
CSCO,2016-04-29,10:56:00,27.33,27.36,27.33,27.35,45375
CSCO,2016-04-29,10:57:00,27.34,27.35,27.31,27.33,51748
CSCO,2016-04-29,10:58:00,27.32,27.34,27.32,27.34,44050
CSCO,2016-04-29,10:59:00,27.34,27.36,27.34,27.36,48271
CSCO,2016-04-29,11:00:00,27.35,27.36,27.33,27.33,45567
CSCO,2016-04-29,11:01:00,27.33,27.34,27.32,27.33,38890
CSCO,2016-04-29,11:02:00,27.32,27.33,27.31,27.31,44571
CSCO,2016-04-29,11:03:00,27.32,27.32,27.25,27.26,315735
CSCO,2016-04-29,11:04:00,27.25,27.28,27.25,27.27,110852
CSCO,2016-04-29,11:05:00,27.27,27.29,27.27,27.28,42448
CSCO,2016-04-29,11:06:00,27.29,27.29,27.27,27.29,81667
CSCO,2016-04-29,11:07:00,27.29,27.29,27.28,27.29,10272
CSCO,2016-04-29,11:08:00,27.28,27.32,27.28,27.31,84355
CSCO,2016-04-29,11:09:00,27.32,27.34,27.31,27.34,43889
CSCO,2016-04-29,11:10:00,27.34,27.36,27.33,27.34,34427
CSCO,2016-04-29,11:11:00,27.35,27.35,27.29,27.30,84681
CSCO,2016-04-29,11:12:00,27.30,27.30,27.27,27.28,110798
CSCO,2016-04-29,11:13:00,27.29,27.30,27.28,27.30,85562
CSCO,2016-04-29,11:14:00,27.30,27.33,27.29,27.32,73144
CSCO,2016-04-29,11:15:00,27.32,27.35,27.32,27.34,41621
CSCO,2016-04-29,11:16:00,27.34,27.34,27.29,27.30,49048
CSCO,2016-04-29,11:17:00,27.30,27.30,27.27,27.27,42700
CSCO,2016-04-29,11:18:00,27.28,27.29,27.24,27.25,190210
CSCO,2016-04-29,11:19:00,27.25,27.26,27.23,27.25,138713
CSCO,2016-04-29,11:20:00,27.24,27.25,27.21,27.23,131163
CSCO,2016-04-29,11:21:00,27.22,27.23,27.21,27.22,53940
CSCO,2016-04-29,11:22:00,27.23,27.27,27.23,27.26,50421
CSCO,2016-04-29,11:23:00,27.26,27.27,27.23,27.24,45889
CSCO,2016-04-29,11:24:00,27.23,27.26,27.23,27.25,20572
CSCO,2016-04-29,11:25:00,27.25,27.25,27.23,27.23,63508
CSCO,2016-04-29,11:26:00,27.24,27.25,27.22,27.24,58731
CSCO,2016-04-29,11:27:00,27.25,27.25,27.21,27.21,65815
CSCO,2016-04-29,11:28:00,27.22,27.25,27.21,27.25,71233
CSCO,2016-04-29,11:29:00,27.25,27.26,27.25,27.25,52347
CSCO,2016-04-29,11:30:00,27.26,27.26,27.21,27.22,148007
CSCO,2016-04-29,11:31:00,27.22,27.24,27.22,27.23,27640
CSCO,2016-04-29,11:32:00,27.23,27.24,27.22,27.22,46269
CSCO,2016-04-29,11:33:00,27.22,27.25,27.22,27.24,51251
CSCO,2016-04-29,11:34:00,27.23,27.24,27.23,27.23,54297
CSCO,2016-04-29,11:35:00,27.23,27.25,27.22,27.23,99921
CSCO,2016-04-29,11:36:00,27.23,27.23,27.20,27.21,129019
CSCO,2016-04-29,11:37:00,27.20,27.21,27.20,27.21,56821
CSCO,2016-04-29,11:38:00,27.21,27.22,27.20,27.21,49709
CSCO,2016-04-29,11:39:00,27.22,27.22,27.20,27.20,57907
CSCO,2016-04-29,11:40:00,27.20,27.24,27.20,27.22,69348
CSCO,2016-04-29,11:41:00,27.22,27.23,27.21,27.22,93957
CSCO,2016-04-29,11:42:00,27.22,27.25,27.21,27.23,41451
CSCO,2016-04-29,11:43:00,27.23,27.24,27.21,27.21,83202
CSCO,2016-04-29,11:44:00,27.21,27.22,27.21,27.21,14745
CSCO,2016-04-29,11:45:00,27.21,27.22,27.18,27.18,110326
CSCO,2016-04-29,11:46:00,27.18,27.19,27.18,27.18,92568
CSCO,2016-04-29,11:47:00,27.18,27.19,27.15,27.15,74039
CSCO,2016-04-29,11:48:00,27.15,27.16,27.14,27.16,94340
CSCO,2016-04-29,11:49:00,27.16,27.18,27.15,27.16,54685
CSCO,2016-04-29,11:50:00,27.16,27.18,27.15,27.18,178364
CSCO,2016-04-29,11:51:00,27.17,27.19,27.17,27.18,38528
CSCO,2016-04-29,11:52:00,27.19,27.20,27.18,27.20,49729
CSCO,2016-04-29,11:53:00,27.20,27.23,27.19,27.23,170687
CSCO,2016-04-29,11:54:00,27.23,27.26,27.22,27.25,144038
CSCO,2016-04-29,11:55:00,27.25,27.25,27.24,27.25,54371
CSCO,2016-04-29,11:56:00,27.25,27.25,27.23,27.24,61615
CSCO,2016-04-29,11:57:00,27.25,27.25,27.21,27.21,48158
CSCO,2016-04-29,11:58:00,27.21,27.23,27.21,27.22,48517
CSCO,2016-04-29,11:59:00,27.23,27.24,27.22,27.24,31372
CSCO,2016-04-29,12:00:00,27.23,27.25,27.23,27.23,94304
CSCO,2016-04-29,12:01:00,27.22,27.25,27.21,27.24,57140
CSCO,2016-04-29,12:02:00,27.24,27.24,27.23,27.23,9181
CSCO,2016-04-29,12:03:00,27.23,27.24,27.21,27.21,42867
CSCO,2016-04-29,12:04:00,27.21,27.24,27.21,27.24,64682
CSCO,2016-04-29,12:05:00,27.23,27.26,27.23,27.25,47278
CSCO,2016-04-29,12:06:00,27.26,27.27,27.24,27.27,96647
CSCO,2016-04-29,12:07:00,27.27,27.28,27.26,27.28,31239
CSCO,2016-04-29,12:08:00,27.28,27.30,27.27,27.29,59206
CSCO,2016-04-29,12:09:00,27.28,27.29,27.26,27.26,36454
CSCO,2016-04-29,12:10:00,27.27,27.27,27.25,27.27,53637
CSCO,2016-04-29,12:11:00,27.27,27.27,27.25,27.27,36041
CSCO,2016-04-29,12:12:00,27.26,27.26,27.24,27.25,35332
CSCO,2016-04-29,12:13:00,27.26,27.27,27.23,27.23,73047
CSCO,2016-04-29,12:14:00,27.24,27.24,27.21,27.23,70702
CSCO,2016-04-29,12:15:00,27.24,27.24,27.19,27.19,34336
CSCO,2016-04-29,12:16:00,27.19,27.24,27.19,27.23,31990
CSCO,2016-04-29,12:17:00,27.24,27.27,27.23,27.26,24944
CSCO,2016-04-29,12:18:00,27.25,27.28,27.25,27.26,47974
CSCO,2016-04-29,12:19:00,27.26,27.28,27.26,27.27,20545
CSCO,2016-04-29,12:20:00,27.27,27.29,27.27,27.28,49490
CSCO,2016-04-29,12:21:00,27.28,27.28,27.27,27.27,10096
CSCO,2016-04-29,12:22:00,27.27,27.32,27.27,27.30,54975
CSCO,2016-04-29,12:23:00,27.30,27.30,27.29,27.30,22102
CSCO,2016-04-29,12:24:00,27.29,27.30,27.29,27.29,23588
CSCO,2016-04-29,12:25:00,27.29,27.29,27.27,27.27,25731
CSCO,2016-04-29,12:26:00,27.27,27.28,27.26,27.28,54558
CSCO,2016-04-29,12:27:00,27.27,27.29,27.27,27.29,30362
CSCO,2016-04-29,12:28:00,27.29,27.30,27.28,27.30,28407
CSCO,2016-04-29,12:29:00,27.30,27.30,27.28,27.29,23821
CSCO,2016-04-29,12:30:00,27.30,27.30,27.26,27.26,50940
CSCO,2016-04-29,12:31:00,27.26,27.27,27.24,27.25,31924
CSCO,2016-04-29,12:32:00,27.25,27.27,27.24,27.27,35660
CSCO,2016-04-29,12:33:00,27.27,27.30,27.27,27.29,25851
CSCO,2016-04-29,12:34:00,27.30,27.31,27.29,27.31,26280
CSCO,2016-04-29,12:35:00,27.32,27.32,27.31,27.32,38247
CSCO,2016-04-29,12:36:00,27.32,27.32,27.31,27.31,38144
CSCO,2016-04-29,12:37:00,27.31,27.33,27.30,27.32,46957
CSCO,2016-04-29,12:38:00,27.32,27.34,27.32,27.34,25392
CSCO,2016-04-29,12:39:00,27.34,27.36,27.33,27.34,56048
CSCO,2016-04-29,12:40:00,27.33,27.34,27.32,27.32,29066
CSCO,2016-04-29,12:41:00,27.32,27.33,27.31,27.31,24801
CSCO,2016-04-29,12:42:00,27.31,27.31,27.29,27.29,17780
CSCO,2016-04-29,12:43:00,27.30,27.31,27.28,27.31,51625
CSCO,2016-04-29,12:44:00,27.31,27.32,27.30,27.31,16169
CSCO,2016-04-29,12:45:00,27.30,27.33,27.30,27.32,31609
CSCO,2016-04-29,12:46:00,27.32,27.33,27.31,27.32,14129
CSCO,2016-04-29,12:47:00,27.31,27.34,27.31,27.34,49368
CSCO,2016-04-29,12:48:00,27.34,27.35,27.33,27.35,18755
CSCO,2016-04-29,12:49:00,27.35,27.37,27.34,27.36,70284
CSCO,2016-04-29,12:50:00,27.35,27.36,27.34,27.35,31724
CSCO,2016-04-29,12:51:00,27.35,27.36,27.34,27.35,21123
CSCO,2016-04-29,12:52:00,27.34,27.36,27.33,27.33,31522
CSCO,2016-04-29,12:53:00,27.33,27.33,27.31,27.32,54219
CSCO,2016-04-29,12:54:00,27.31,27.32,27.30,27.31,89462
CSCO,2016-04-29,12:55:00,27.30,27.31,27.30,27.30,5896
CSCO,2016-04-29,12:56:00,27.31,27.31,27.29,27.29,25719
CSCO,2016-04-29,12:57:00,27.29,27.30,27.29,27.30,5431
CSCO,2016-04-29,12:58:00,27.29,27.31,27.28,27.30,63662
CSCO,2016-04-29,12:59:00,27.30,27.31,27.30,27.31,25274
CSCO,2016-04-29,13:00:00,27.30,27.31,27.30,27.31,13405
CSCO,2016-04-29,13:01:00,27.30,27.32,27.30,27.30,29534
CSCO,2016-04-29,13:02:00,27.30,27.32,27.30,27.31,17036
CSCO,2016-04-29,13:03:00,27.31,27.32,27.30,27.32,18941
CSCO,2016-04-29,13:04:00,27.32,27.35,27.32,27.34,32265
CSCO,2016-04-29,13:05:00,27.34,27.34,27.33,27.34,14838
CSCO,2016-04-29,13:06:00,27.33,27.33,27.31,27.32,30530
CSCO,2016-04-29,13:07:00,27.32,27.35,27.32,27.35,36772
CSCO,2016-04-29,13:08:00,27.34,27.36,27.34,27.36,20007
CSCO,2016-04-29,13:09:00,27.35,27.36,27.34,27.34,25138
CSCO,2016-04-29,13:10:00,27.35,27.37,27.34,27.36,31090
CSCO,2016-04-29,13:11:00,27.36,27.37,27.34,27.36,39161
CSCO,2016-04-29,13:12:00,27.36,27.37,27.35,27.35,19356
CSCO,2016-04-29,13:13:00,27.36,27.36,27.35,27.36,66515
CSCO,2016-04-29,13:14:00,27.36,27.37,27.36,27.36,51870
CSCO,2016-04-29,13:15:00,27.36,27.38,27.36,27.38,30976
CSCO,2016-04-29,13:16:00,27.38,27.38,27.37,27.38,72932
CSCO,2016-04-29,13:17:00,27.38,27.38,27.36,27.36,74691
CSCO,2016-04-29,13:18:00,27.36,27.37,27.36,27.37,8019
CSCO,2016-04-29,13:19:00,27.37,27.39,27.37,27.38,19715
CSCO,2016-04-29,13:20:00,27.39,27.42,27.39,27.42,25080
CSCO,2016-04-29,13:21:00,27.42,27.42,27.39,27.42,56577
CSCO,2016-04-29,13:22:00,27.42,27.42,27.41,27.41,10974
CSCO,2016-04-29,13:23:00,27.42,27.42,27.39,27.39,31782
CSCO,2016-04-29,13:24:00,27.39,27.42,27.39,27.42,23041
CSCO,2016-04-29,13:25:00,27.42,27.43,27.42,27.43,8571
CSCO,2016-04-29,13:26:00,27.43,27.43,27.42,27.43,14902
CSCO,2016-04-29,13:27:00,27.42,27.44,27.42,27.43,13849
CSCO,2016-04-29,13:28:00,27.44,27.44,27.41,27.41,34209
CSCO,2016-04-29,13:29:00,27.41,27.41,27.39,27.40,47214
CSCO,2016-04-29,13:30:00,27.40,27.41,27.39,27.39,31792
CSCO,2016-04-29,13:31:00,27.39,27.41,27.39,27.40,9858
CSCO,2016-04-29,13:32:00,27.40,27.40,27.38,27.39,37106
CSCO,2016-04-29,13:33:00,27.38,27.39,27.37,27.38,10917
CSCO,2016-04-29,13:34:00,27.39,27.39,27.37,27.38,15980
CSCO,2016-04-29,13:35:00,27.38,27.38,27.36,27.37,21319
CSCO,2016-04-29,13:36:00,27.36,27.37,27.36,27.37,6435
CSCO,2016-04-29,13:37:00,27.37,27.39,27.36,27.39,18094
CSCO,2016-04-29,13:38:00,27.39,27.39,27.35,27.36,71382
CSCO,2016-04-29,13:39:00,27.36,27.36,27.35,27.36,14346
CSCO,2016-04-29,13:40:00,27.35,27.37,27.35,27.37,26857
CSCO,2016-04-29,13:41:00,27.37,27.37,27.35,27.35,20931
CSCO,2016-04-29,13:42:00,27.35,27.36,27.34,27.36,39032
CSCO,2016-04-29,13:43:00,27.36,27.37,27.34,27.34,16647
CSCO,2016-04-29,13:44:00,27.34,27.35,27.32,27.33,35249
CSCO,2016-04-29,13:45:00,27.33,27.34,27.32,27.34,16105
CSCO,2016-04-29,13:46:00,27.34,27.34,27.32,27.32,36769
CSCO,2016-04-29,13:47:00,27.32,27.34,27.31,27.33,38599
CSCO,2016-04-29,13:48:00,27.32,27.34,27.32,27.34,24287
CSCO,2016-04-29,13:49:00,27.34,27.34,27.32,27.34,15126
CSCO,2016-04-29,13:50:00,27.34,27.36,27.34,27.34,19109
CSCO,2016-04-29,13:51:00,27.35,27.35,27.33,27.33,32616
CSCO,2016-04-29,13:52:00,27.33,27.34,27.31,27.32,30094
CSCO,2016-04-29,13:53:00,27.32,27.34,27.32,27.33,24223
CSCO,2016-04-29,13:54:00,27.33,27.36,27.33,27.35,19024
CSCO,2016-04-29,13:55:00,27.35,27.36,27.34,27.34,50985
CSCO,2016-04-29,13:56:00,27.34,27.34,27.31,27.31,46120
CSCO,2016-04-29,13:57:00,27.32,27.32,27.31,27.32,5725
CSCO,2016-04-29,13:58:00,27.32,27.33,27.31,27.32,19866
CSCO,2016-04-29,13:59:00,27.32,27.32,27.30,27.30,37909
CSCO,2016-04-29,14:00:00,27.31,27.31,27.30,27.30,25112
CSCO,2016-04-29,14:01:00,27.30,27.32,27.30,27.32,43072
CSCO,2016-04-29,14:02:00,27.32,27.33,27.32,27.32,39083
CSCO,2016-04-29,14:03:00,27.32,27.33,27.31,27.33,33801
CSCO,2016-04-29,14:04:00,27.33,27.33,27.31,27.33,41088
CSCO,2016-04-29,14:05:00,27.32,27.33,27.31,27.32,87911
CSCO,2016-04-29,14:06:00,27.33,27.33,27.32,27.32,16156
CSCO,2016-04-29,14:07:00,27.32,27.32,27.30,27.30,27175
CSCO,2016-04-29,14:08:00,27.31,27.31,27.29,27.29,60245
CSCO,2016-04-29,14:09:00,27.28,27.29,27.28,27.29,6457
CSCO,2016-04-29,14:10:00,27.29,27.29,27.27,27.27,46206
CSCO,2016-04-29,14:11:00,27.27,27.28,27.27,27.27,33882
CSCO,2016-04-29,14:12:00,27.27,27.28,27.27,27.27,25644
CSCO,2016-04-29,14:13:00,27.27,27.29,27.27,27.29,40882
CSCO,2016-04-29,14:14:00,27.29,27.29,27.27,27.27,29178
CSCO,2016-04-29,14:15:00,27.27,27.29,27.27,27.29,21257
CSCO,2016-04-29,14:16:00,27.29,27.29,27.26,27.27,30413
CSCO,2016-04-29,14:17:00,27.27,27.28,27.26,27.27,25130
CSCO,2016-04-29,14:18:00,27.27,27.28,27.25,27.28,39677
CSCO,2016-04-29,14:19:00,27.28,27.30,27.28,27.30,29547
CSCO,2016-04-29,14:20:00,27.30,27.30,27.29,27.29,26563
CSCO,2016-04-29,14:21:00,27.30,27.30,27.28,27.29,29351
CSCO,2016-04-29,14:22:00,27.28,27.29,27.27,27.27,47566
CSCO,2016-04-29,14:23:00,27.27,27.29,27.27,27.29,143017
CSCO,2016-04-29,14:24:00,27.29,27.30,27.26,27.27,205727
CSCO,2016-04-29,14:25:00,27.27,27.27,27.25,27.25,104757
CSCO,2016-04-29,14:26:00,27.26,27.26,27.24,27.25,20744
CSCO,2016-04-29,14:27:00,27.25,27.27,27.24,27.25,91884
CSCO,2016-04-29,14:28:00,27.24,27.29,27.24,27.28,101337
CSCO,2016-04-29,14:29:00,27.29,27.30,27.29,27.30,17662
CSCO,2016-04-29,14:30:00,27.30,27.32,27.30,27.30,57499
CSCO,2016-04-29,14:31:00,27.30,27.32,27.29,27.31,43452
CSCO,2016-04-29,14:32:00,27.31,27.31,27.30,27.30,33158
CSCO,2016-04-29,14:33:00,27.29,27.30,27.28,27.30,42871
CSCO,2016-04-29,14:34:00,27.30,27.32,27.30,27.31,21464
CSCO,2016-04-29,14:35:00,27.31,27.32,27.31,27.32,20331
CSCO,2016-04-29,14:36:00,27.32,27.32,27.30,27.30,13567
CSCO,2016-04-29,14:37:00,27.30,27.31,27.30,27.31,7810
CSCO,2016-04-29,14:38:00,27.31,27.31,27.29,27.29,31970
CSCO,2016-04-29,14:39:00,27.29,27.29,27.26,27.27,37912
CSCO,2016-04-29,14:40:00,27.28,27.30,27.28,27.28,50364
CSCO,2016-04-29,14:41:00,27.28,27.30,27.28,27.30,35170
CSCO,2016-04-29,14:42:00,27.30,27.30,27.28,27.29,44907
CSCO,2016-04-29,14:43:00,27.30,27.30,27.28,27.28,38052
CSCO,2016-04-29,14:44:00,27.28,27.29,27.27,27.29,42568
CSCO,2016-04-29,14:45:00,27.28,27.29,27.27,27.29,31805
CSCO,2016-04-29,14:46:00,27.29,27.31,27.28,27.30,35873
CSCO,2016-04-29,14:47:00,27.30,27.32,27.30,27.31,27738
CSCO,2016-04-29,14:48:00,27.31,27.34,27.30,27.34,27066
CSCO,2016-04-29,14:49:00,27.34,27.34,27.33,27.34,4881
CSCO,2016-04-29,14:50:00,27.34,27.35,27.33,27.33,61063
CSCO,2016-04-29,14:51:00,27.34,27.34,27.31,27.31,63947
CSCO,2016-04-29,14:52:00,27.30,27.32,27.30,27.31,53301
CSCO,2016-04-29,14:53:00,27.31,27.31,27.29,27.29,22115
CSCO,2016-04-29,14:54:00,27.29,27.31,27.29,27.31,22686
CSCO,2016-04-29,14:55:00,27.31,27.34,27.30,27.34,28953
CSCO,2016-04-29,14:56:00,27.34,27.35,27.32,27.32,48072
CSCO,2016-04-29,14:57:00,27.33,27.34,27.31,27.31,90159
CSCO,2016-04-29,14:58:00,27.32,27.33,27.31,27.33,23239
CSCO,2016-04-29,14:59:00,27.32,27.34,27.32,27.32,38750
CSCO,2016-04-29,15:00:00,27.32,27.33,27.30,27.33,52597
CSCO,2016-04-29,15:01:00,27.33,27.35,27.31,27.35,33635
CSCO,2016-04-29,15:02:00,27.35,27.37,27.34,27.36,31336
CSCO,2016-04-29,15:03:00,27.36,27.37,27.32,27.33,79816
CSCO,2016-04-29,15:04:00,27.33,27.34,27.33,27.34,13866
CSCO,2016-04-29,15:05:00,27.33,27.34,27.33,27.34,12563
CSCO,2016-04-29,15:06:00,27.33,27.34,27.32,27.34,45700
CSCO,2016-04-29,15:07:00,27.34,27.36,27.34,27.36,32472
CSCO,2016-04-29,15:08:00,27.36,27.38,27.36,27.37,34325
CSCO,2016-04-29,15:09:00,27.37,27.39,27.36,27.36,61516
CSCO,2016-04-29,15:10:00,27.36,27.37,27.36,27.36,77095
CSCO,2016-04-29,15:11:00,27.36,27.37,27.35,27.35,29571
CSCO,2016-04-29,15:12:00,27.36,27.38,27.34,27.38,69267
CSCO,2016-04-29,15:13:00,27.38,27.39,27.37,27.39,50799
CSCO,2016-04-29,15:14:00,27.39,27.39,27.38,27.38,34166
CSCO,2016-04-29,15:15:00,27.39,27.39,27.37,27.39,79533
CSCO,2016-04-29,15:16:00,27.39,27.40,27.38,27.39,42794
CSCO,2016-04-29,15:17:00,27.39,27.40,27.37,27.37,46887
CSCO,2016-04-29,15:18:00,27.38,27.38,27.36,27.36,36173
CSCO,2016-04-29,15:19:00,27.36,27.39,27.36,27.37,86163
CSCO,2016-04-29,15:20:00,27.37,27.38,27.36,27.36,22826
CSCO,2016-04-29,15:21:00,27.37,27.38,27.36,27.36,63112
CSCO,2016-04-29,15:22:00,27.36,27.37,27.35,27.36,43189
CSCO,2016-04-29,15:23:00,27.37,27.39,27.37,27.39,38920
CSCO,2016-04-29,15:24:00,27.39,27.40,27.37,27.38,52327
CSCO,2016-04-29,15:25:00,27.38,27.38,27.36,27.36,40642
CSCO,2016-04-29,15:26:00,27.36,27.37,27.36,27.37,93084
CSCO,2016-04-29,15:27:00,27.37,27.40,27.36,27.38,71857
CSCO,2016-04-29,15:28:00,27.37,27.39,27.36,27.39,69295
CSCO,2016-04-29,15:29:00,27.39,27.39,27.37,27.37,75986
CSCO,2016-04-29,15:30:00,27.38,27.38,27.36,27.36,40278
CSCO,2016-04-29,15:31:00,27.37,27.40,27.37,27.40,72309
CSCO,2016-04-29,15:32:00,27.40,27.41,27.39,27.39,41853
CSCO,2016-04-29,15:33:00,27.40,27.44,27.40,27.43,68234
CSCO,2016-04-29,15:34:00,27.44,27.46,27.43,27.44,120527
CSCO,2016-04-29,15:35:00,27.45,27.45,27.44,27.45,23706
CSCO,2016-04-29,15:36:00,27.45,27.46,27.44,27.45,50614
CSCO,2016-04-29,15:37:00,27.45,27.45,27.43,27.43,63957
CSCO,2016-04-29,15:38:00,27.43,27.45,27.43,27.44,96149
CSCO,2016-04-29,15:39:00,27.43,27.46,27.43,27.45,66396
CSCO,2016-04-29,15:40:00,27.46,27.46,27.43,27.43,53895
CSCO,2016-04-29,15:41:00,27.44,27.46,27.43,27.46,65564
CSCO,2016-04-29,15:42:00,27.45,27.46,27.44,27.45,74751
CSCO,2016-04-29,15:43:00,27.45,27.48,27.45,27.48,51070
CSCO,2016-04-29,15:44:00,27.48,27.48,27.45,27.46,105046
CSCO,2016-04-29,15:45:00,27.45,27.48,27.45,27.48,58722
CSCO,2016-04-29,15:46:00,27.48,27.52,27.47,27.52,129990
CSCO,2016-04-29,15:47:00,27.52,27.52,27.50,27.52,163032
CSCO,2016-04-29,15:48:00,27.52,27.53,27.51,27.52,123735
CSCO,2016-04-29,15:49:00,27.52,27.52,27.48,27.48,159670
CSCO,2016-04-29,15:50:00,27.48,27.51,27.47,27.50,173719
CSCO,2016-04-29,15:51:00,27.50,27.50,27.48,27.50,167970
CSCO,2016-04-29,15:52:00,27.50,27.51,27.49,27.50,113665
CSCO,2016-04-29,15:53:00,27.50,27.51,27.49,27.49,110129
CSCO,2016-04-29,15:54:00,27.49,27.50,27.47,27.47,143932
CSCO,2016-04-29,15:55:00,27.48,27.51,27.48,27.50,122453
CSCO,2016-04-29,15:56:00,27.50,27.51,27.49,27.50,118128
CSCO,2016-04-29,15:57:00,27.50,27.50,27.48,27.48,170800
CSCO,2016-04-29,15:58:00,27.48,27.49,27.47,27.48,235805
CSCO,2016-04-29,15:59:00,27.49,27.49,27.47,27.48,238744
CSCO,2016-04-29,16:00:00,27.48,27.49,27.47,27.49,4438507
