FB,2016-04-28,09:30:00,119.58,119.58,119.51,119.53,1472200
FB,2016-04-28,09:31:00,119.57,119.90,119.30,119.51,1714352
FB,2016-04-28,09:32:00,119.51,119.65,119.01,119.02,1184984
FB,2016-04-28,09:33:00,119.03,119.23,118.62,119.02,1195061
FB,2016-04-28,09:34:00,119.05,119.94,119.01,119.90,1192174
FB,2016-04-28,09:35:00,119.90,120.00,119.69,119.81,1177924
FB,2016-04-28,09:36:00,119.80,120.10,119.74,119.92,1535639
FB,2016-04-28,09:37:00,119.92,120.55,119.90,120.52,890100
FB,2016-04-28,09:38:00,120.52,120.66,120.32,120.64,824529
FB,2016-04-28,09:39:00,120.61,120.79,120.44,120.56,799260
FB,2016-04-28,09:40:00,120.56,120.63,120.18,120.22,574025
FB,2016-04-28,09:41:00,120.20,120.34,120.00,120.05,625399
FB,2016-04-28,09:42:00,120.05,120.15,119.98,120.01,527869
FB,2016-04-28,09:43:00,120.00,120.34,119.75,120.25,691068
FB,2016-04-28,09:44:00,120.25,120.45,120.10,120.23,387778
FB,2016-04-28,09:45:00,120.25,120.25,120.00,120.13,295252
FB,2016-04-28,09:46:00,120.11,120.20,119.70,119.96,592867
FB,2016-04-28,09:47:00,119.98,120.26,119.71,119.72,469566
FB,2016-04-28,09:48:00,119.72,119.94,119.36,119.93,491019
FB,2016-04-28,09:49:00,119.93,120.02,119.75,120.02,360250
FB,2016-04-28,09:50:00,120.02,120.10,119.79,120.10,455376
FB,2016-04-28,09:51:00,120.10,120.10,119.60,119.68,331547
FB,2016-04-28,09:52:00,119.69,119.69,119.35,119.42,383924
FB,2016-04-28,09:53:00,119.43,119.67,119.38,119.55,323563
FB,2016-04-28,09:54:00,119.54,119.56,119.23,119.27,260130
FB,2016-04-28,09:55:00,119.26,119.33,119.02,119.14,395906
FB,2016-04-28,09:56:00,119.14,119.63,119.06,119.47,503309
FB,2016-04-28,09:57:00,119.48,119.50,119.15,119.15,262970
FB,2016-04-28,09:58:00,119.15,119.19,118.89,119.10,461489
FB,2016-04-28,09:59:00,119.09,119.20,118.98,119.17,370358
FB,2016-04-28,10:00:00,119.17,119.50,119.11,119.33,421664
FB,2016-04-28,10:01:00,119.37,119.95,119.27,119.85,485790
FB,2016-04-28,10:02:00,119.85,120.07,119.80,119.97,550686
FB,2016-04-28,10:03:00,119.97,120.05,119.85,119.93,202500
FB,2016-04-28,10:04:00,119.94,119.99,119.70,119.72,260029
FB,2016-04-28,10:05:00,119.72,119.99,119.55,119.98,306097
FB,2016-04-28,10:06:00,119.98,120.27,119.97,120.21,604942
FB,2016-04-28,10:07:00,120.21,120.24,120.08,120.11,240333
FB,2016-04-28,10:08:00,120.11,120.13,119.83,119.90,229324
FB,2016-04-28,10:09:00,119.91,119.97,119.67,119.68,230644
FB,2016-04-28,10:10:00,119.69,119.70,119.47,119.50,262545
FB,2016-04-28,10:11:00,119.52,119.76,119.46,119.69,295106
FB,2016-04-28,10:12:00,119.70,119.74,119.31,119.31,263399
FB,2016-04-28,10:13:00,119.33,119.38,119.11,119.17,364987
FB,2016-04-28,10:14:00,119.20,119.40,119.20,119.39,203754
FB,2016-04-28,10:15:00,119.40,119.69,119.34,119.52,214082
FB,2016-04-28,10:16:00,119.52,119.58,119.40,119.55,127925
FB,2016-04-28,10:17:00,119.55,119.56,119.35,119.45,121778
FB,2016-04-28,10:18:00,119.45,119.55,119.34,119.41,145585
FB,2016-04-28,10:19:00,119.42,119.80,119.38,119.70,291824
FB,2016-04-28,10:20:00,119.69,119.76,119.66,119.71,159236
FB,2016-04-28,10:21:00,119.68,119.92,119.61,119.86,262303
FB,2016-04-28,10:22:00,119.85,119.98,119.80,119.97,158078
FB,2016-04-28,10:23:00,119.97,119.98,119.80,119.80,125704
FB,2016-04-28,10:24:00,119.81,119.81,119.62,119.67,117671
FB,2016-04-28,10:25:00,119.66,119.69,119.55,119.66,141842
FB,2016-04-28,10:26:00,119.67,120.00,119.67,119.84,500094
FB,2016-04-28,10:27:00,119.84,119.98,119.75,119.83,131632
FB,2016-04-28,10:28:00,119.85,119.86,119.52,119.54,159574
FB,2016-04-28,10:29:00,119.54,119.82,119.52,119.67,116085
FB,2016-04-28,10:30:00,119.67,119.85,119.63,119.76,101497
FB,2016-04-28,10:31:00,119.77,119.85,119.39,119.57,283592
FB,2016-04-28,10:32:00,119.56,119.81,119.56,119.64,201939
FB,2016-04-28,10:33:00,119.64,119.66,119.50,119.57,135825
FB,2016-04-28,10:34:00,119.56,119.58,119.25,119.42,265221
FB,2016-04-28,10:35:00,119.43,119.56,119.41,119.47,141411
FB,2016-04-28,10:36:00,119.47,119.57,119.35,119.55,158479
FB,2016-04-28,10:37:00,119.56,119.56,119.25,119.50,230147
FB,2016-04-28,10:38:00,119.51,119.75,119.51,119.60,213196
FB,2016-04-28,10:39:00,119.60,119.60,119.31,119.35,151949
FB,2016-04-28,10:40:00,119.36,119.41,119.17,119.32,329022
FB,2016-04-28,10:41:00,119.31,119.45,119.25,119.28,171787
FB,2016-04-28,10:42:00,119.27,119.37,119.17,119.27,173672
FB,2016-04-28,10:43:00,119.27,119.38,119.16,119.16,179819
FB,2016-04-28,10:44:00,119.16,119.33,119.13,119.30,180022
FB,2016-04-28,10:45:00,119.30,119.34,119.14,119.18,174063
FB,2016-04-28,10:46:00,119.18,119.21,119.07,119.08,170105
FB,2016-04-28,10:47:00,119.08,119.35,119.06,119.29,254172
FB,2016-04-28,10:48:00,119.30,119.40,119.18,119.33,229923
FB,2016-04-28,10:49:00,119.34,119.40,119.20,119.30,151771
FB,2016-04-28,10:50:00,119.30,119.38,119.17,119.32,145190
FB,2016-04-28,10:51:00,119.32,119.36,119.18,119.21,98482
FB,2016-04-28,10:52:00,119.21,119.21,118.94,119.03,472786
FB,2016-04-28,10:53:00,119.04,119.20,119.03,119.04,176747
FB,2016-04-28,10:54:00,119.05,119.18,118.97,119.07,224161
FB,2016-04-28,10:55:00,119.07,119.11,119.00,119.07,138243
FB,2016-04-28,10:56:00,119.06,119.19,119.00,119.19,138714
FB,2016-04-28,10:57:00,119.19,119.58,119.19,119.50,402160
FB,2016-04-28,10:58:00,119.51,119.55,119.37,119.37,217273
FB,2016-04-28,10:59:00,119.39,119.42,119.34,119.38,93113
FB,2016-04-28,11:00:00,119.37,119.45,119.19,119.34,150870
FB,2016-04-28,11:01:00,119.33,119.42,119.28,119.32,97625
FB,2016-04-28,11:02:00,119.33,119.40,119.28,119.38,104285
FB,2016-04-28,11:03:00,119.37,119.56,119.25,119.27,497104
FB,2016-04-28,11:04:00,119.27,119.37,119.26,119.35,65205
FB,2016-04-28,11:05:00,119.34,119.40,119.28,119.34,110747
FB,2016-04-28,11:06:00,119.35,119.39,119.31,119.39,72224
FB,2016-04-28,11:07:00,119.38,119.40,119.30,119.33,94313
FB,2016-04-28,11:08:00,119.33,119.35,119.25,119.34,175315
FB,2016-04-28,11:09:00,119.32,119.41,119.30,119.37,99128
FB,2016-04-28,11:10:00,119.39,119.39,119.11,119.12,186528
FB,2016-04-28,11:11:00,119.12,119.18,119.02,119.09,207855
FB,2016-04-28,11:12:00,119.09,119.16,119.00,119.09,199599
FB,2016-04-28,11:13:00,119.08,119.17,119.02,119.06,76503
FB,2016-04-28,11:14:00,119.07,119.07,118.82,118.82,241000
FB,2016-04-28,11:15:00,118.84,118.86,118.71,118.85,286618
FB,2016-04-28,11:16:00,118.85,119.00,118.83,118.99,138651
FB,2016-04-28,11:17:00,118.97,118.98,118.86,118.94,81050
FB,2016-04-28,11:18:00,118.94,119.08,118.92,119.05,159270
FB,2016-04-28,11:19:00,119.05,119.06,118.86,118.94,129803
FB,2016-04-28,11:20:00,118.94,118.96,118.75,118.78,127625
FB,2016-04-28,11:21:00,118.78,118.94,118.76,118.92,136473
FB,2016-04-28,11:22:00,118.93,118.95,118.80,118.81,92448
FB,2016-04-28,11:23:00,118.81,118.90,118.81,118.85,82570
FB,2016-04-28,11:24:00,118.86,118.87,118.72,118.75,172671
FB,2016-04-28,11:25:00,118.76,118.90,118.75,118.90,136211
FB,2016-04-28,11:26:00,118.89,118.96,118.83,118.94,126334
FB,2016-04-28,11:27:00,118.94,118.99,118.89,118.91,95620
FB,2016-04-28,11:28:00,118.91,118.95,118.88,118.91,107007
FB,2016-04-28,11:29:00,118.92,118.96,118.89,118.93,78400
FB,2016-04-28,11:30:00,118.94,119.12,118.91,119.11,298361
FB,2016-04-28,11:31:00,119.11,119.22,119.06,119.22,164700
FB,2016-04-28,11:32:00,119.22,119.24,119.12,119.20,123998
FB,2016-04-28,11:33:00,119.19,119.20,119.12,119.17,80851
FB,2016-04-28,11:34:00,119.16,119.19,119.06,119.11,80834
FB,2016-04-28,11:35:00,119.13,119.17,119.06,119.16,55049
FB,2016-04-28,11:36:00,119.15,119.25,119.15,119.18,88015
FB,2016-04-28,11:37:00,119.17,119.18,119.05,119.05,79457
FB,2016-04-28,11:38:00,119.07,119.10,119.02,119.10,78195
FB,2016-04-28,11:39:00,119.10,119.34,119.10,119.30,216617
FB,2016-04-28,11:40:00,119.30,119.40,119.27,119.31,132773
FB,2016-04-28,11:41:00,119.33,119.40,119.30,119.37,72221
FB,2016-04-28,11:42:00,119.36,119.38,119.28,119.34,66899
FB,2016-04-28,11:43:00,119.34,119.43,119.34,119.42,121949
FB,2016-04-28,11:44:00,119.40,119.41,119.33,119.37,89688
FB,2016-04-28,11:45:00,119.37,119.40,119.36,119.39,55361
FB,2016-04-28,11:46:00,119.40,119.47,119.35,119.37,178221
FB,2016-04-28,11:47:00,119.37,119.37,119.28,119.32,101943
FB,2016-04-28,11:48:00,119.31,119.35,119.23,119.32,79913
FB,2016-04-28,11:49:00,119.33,119.34,119.13,119.16,73576
FB,2016-04-28,11:50:00,119.18,119.20,119.06,119.07,64006
FB,2016-04-28,11:51:00,119.07,119.19,119.06,119.16,90905
FB,2016-04-28,11:52:00,119.16,119.17,119.03,119.07,112492
FB,2016-04-28,11:53:00,119.05,119.10,119.02,119.04,78819
FB,2016-04-28,11:54:00,119.03,119.07,119.02,119.03,80531
FB,2016-04-28,11:55:00,119.03,119.12,119.00,119.06,166686
FB,2016-04-28,11:56:00,119.05,119.07,119.02,119.05,62420
FB,2016-04-28,11:57:00,119.05,119.11,119.04,119.08,52634
FB,2016-04-28,11:58:00,119.08,119.10,119.03,119.06,69189
FB,2016-04-28,11:59:00,119.05,119.12,119.03,119.11,61545
FB,2016-04-28,12:00:00,119.10,119.12,118.90,118.94,280914
FB,2016-04-28,12:01:00,118.92,118.97,118.90,118.90,117445
FB,2016-04-28,12:02:00,118.90,118.98,118.90,118.98,124805
FB,2016-04-28,12:03:00,118.96,119.00,118.95,118.98,104963
FB,2016-04-28,12:04:00,118.97,118.97,118.90,118.91,111799
FB,2016-04-28,12:05:00,118.91,118.97,118.89,118.90,122227
FB,2016-04-28,12:06:00,118.90,118.96,118.90,118.93,93034
FB,2016-04-28,12:07:00,118.93,118.93,118.80,118.88,142523
FB,2016-04-28,12:08:00,118.87,118.88,118.79,118.80,141841
FB,2016-04-28,12:09:00,118.80,118.80,118.75,118.75,121565
FB,2016-04-28,12:10:00,118.75,118.89,118.75,118.80,124464
FB,2016-04-28,12:11:00,118.79,118.85,118.75,118.80,103884
FB,2016-04-28,12:12:00,118.79,118.87,118.78,118.86,96294
FB,2016-04-28,12:13:00,118.87,118.87,118.81,118.81,96496
FB,2016-04-28,12:14:00,118.82,118.82,118.70,118.72,215325
FB,2016-04-28,12:15:00,118.72,118.73,118.37,118.44,476162
FB,2016-04-28,12:16:00,118.48,118.60,118.47,118.59,184009
FB,2016-04-28,12:17:00,118.59,118.68,118.58,118.68,103568
FB,2016-04-28,12:18:00,118.67,118.68,118.50,118.51,119090
FB,2016-04-28,12:19:00,118.51,118.60,118.48,118.54,80353
FB,2016-04-28,12:20:00,118.55,118.56,118.50,118.51,90104
FB,2016-04-28,12:21:00,118.50,118.55,118.47,118.51,159988
FB,2016-04-28,12:22:00,118.51,118.54,118.44,118.52,116326
FB,2016-04-28,12:23:00,118.51,118.56,118.48,118.52,91046
FB,2016-04-28,12:24:00,118.51,118.55,118.46,118.53,116275
FB,2016-04-28,12:25:00,118.51,118.54,118.31,118.31,157741
FB,2016-04-28,12:26:00,118.31,118.34,118.19,118.30,236471
FB,2016-04-28,12:27:00,118.30,118.31,118.24,118.31,170451
FB,2016-04-28,12:28:00,118.30,118.31,118.25,118.25,82608
FB,2016-04-28,12:29:00,118.25,118.30,118.14,118.24,263091
FB,2016-04-28,12:30:00,118.24,118.30,118.10,118.10,130667
FB,2016-04-28,12:31:00,118.11,118.15,118.01,118.11,328417
FB,2016-04-28,12:32:00,118.09,118.25,118.09,118.19,123717
FB,2016-04-28,12:33:00,118.20,118.29,118.20,118.26,85561
FB,2016-04-28,12:34:00,118.27,118.39,118.27,118.34,143970
FB,2016-04-28,12:35:00,118.33,118.34,118.25,118.26,50345
FB,2016-04-28,12:36:00,118.26,118.26,118.04,118.06,106352
FB,2016-04-28,12:37:00,118.04,118.15,117.96,118.07,299917
FB,2016-04-28,12:38:00,118.08,118.13,118.03,118.12,58650
FB,2016-04-28,12:39:00,118.13,118.24,118.13,118.20,74909
FB,2016-04-28,12:40:00,118.20,118.26,118.13,118.22,58794
FB,2016-04-28,12:41:00,118.22,118.34,118.18,118.30,99034
FB,2016-04-28,12:42:00,118.28,118.32,118.07,118.10,100998
FB,2016-04-28,12:43:00,118.10,118.22,118.06,118.16,79146
FB,2016-04-28,12:44:00,118.16,118.16,118.08,118.12,44444
FB,2016-04-28,12:45:00,118.12,118.13,118.01,118.06,101795
FB,2016-04-28,12:46:00,118.07,118.13,118.05,118.06,78014
FB,2016-04-28,12:47:00,118.05,118.06,117.96,118.05,187166
FB,2016-04-28,12:48:00,118.07,118.08,117.97,118.02,76652
FB,2016-04-28,12:49:00,118.02,118.02,117.77,117.81,228123
FB,2016-04-28,12:50:00,117.82,117.88,117.75,117.85,165870
FB,2016-04-28,12:51:00,117.84,117.86,117.63,117.68,170678
FB,2016-04-28,12:52:00,117.69,117.70,117.54,117.67,353831
FB,2016-04-28,12:53:00,117.66,117.75,117.58,117.73,225869
FB,2016-04-28,12:54:00,117.74,117.85,117.73,117.77,171363
FB,2016-04-28,12:55:00,117.75,117.98,117.75,117.98,129852
FB,2016-04-28,12:56:00,117.96,118.08,117.96,118.02,187183
FB,2016-04-28,12:57:00,118.03,118.07,118.00,118.00,73126
FB,2016-04-28,12:58:00,118.00,118.14,118.00,118.13,112374
FB,2016-04-28,12:59:00,118.12,118.14,117.93,117.97,194706
FB,2016-04-28,13:00:00,117.96,117.97,117.81,117.81,164503
FB,2016-04-28,13:01:00,117.82,117.84,117.74,117.76,142269
FB,2016-04-28,13:02:00,117.76,117.78,117.65,117.65,132360
FB,2016-04-28,13:03:00,117.65,117.67,117.37,117.39,433983
FB,2016-04-28,13:04:00,117.38,117.46,117.28,117.36,202183
FB,2016-04-28,13:05:00,117.36,117.45,117.33,117.34,171223
FB,2016-04-28,13:06:00,117.33,117.45,117.18,117.38,237613
FB,2016-04-28,13:07:00,117.37,117.40,117.29,117.32,131150
FB,2016-04-28,13:08:00,117.32,117.39,117.26,117.32,161904
FB,2016-04-28,13:09:00,117.32,117.35,117.22,117.27,166044
FB,2016-04-28,13:10:00,117.28,117.32,117.12,117.19,179859
FB,2016-04-28,13:11:00,117.18,117.25,117.11,117.19,186853
FB,2016-04-28,13:12:00,117.19,117.20,116.96,117.08,406031
FB,2016-04-28,13:13:00,117.09,117.19,116.96,117.13,170306
FB,2016-04-28,13:14:00,117.13,117.25,117.09,117.15,151036
FB,2016-04-28,13:15:00,117.16,117.39,117.15,117.36,188318
FB,2016-04-28,13:16:00,117.37,117.37,117.22,117.28,91148
FB,2016-04-28,13:17:00,117.26,117.26,117.08,117.17,90767
FB,2016-04-28,13:18:00,117.16,117.24,117.15,117.20,79456
FB,2016-04-28,13:19:00,117.20,117.29,117.19,117.25,114860
FB,2016-04-28,13:20:00,117.25,117.33,117.23,117.31,103397
FB,2016-04-28,13:21:00,117.32,117.37,117.20,117.37,152215
FB,2016-04-28,13:22:00,117.37,117.50,117.31,117.33,176358
FB,2016-04-28,13:23:00,117.32,117.42,117.26,117.39,143475
FB,2016-04-28,13:24:00,117.40,117.52,117.37,117.48,135266
FB,2016-04-28,13:25:00,117.48,117.64,117.48,117.58,150076
FB,2016-04-28,13:26:00,117.58,117.72,117.57,117.67,157944
FB,2016-04-28,13:27:00,117.66,117.71,117.62,117.69,111977
FB,2016-04-28,13:28:00,117.70,117.85,117.69,117.82,179936
FB,2016-04-28,13:29:00,117.83,117.86,117.75,117.82,125827
FB,2016-04-28,13:30:00,117.81,117.92,117.80,117.91,144598
FB,2016-04-28,13:31:00,117.92,117.98,117.84,117.85,127746
FB,2016-04-28,13:32:00,117.85,117.85,117.65,117.73,155429
FB,2016-04-28,13:33:00,117.72,117.80,117.62,117.78,124598
FB,2016-04-28,13:34:00,117.79,117.91,117.69,117.88,112620
FB,2016-04-28,13:35:00,117.88,117.93,117.78,117.86,82930
FB,2016-04-28,13:36:00,117.88,117.89,117.71,117.79,81599
FB,2016-04-28,13:37:00,117.78,117.85,117.76,117.82,58355
FB,2016-04-28,13:38:00,117.83,117.90,117.79,117.79,76423
FB,2016-04-28,13:39:00,117.79,117.79,117.66,117.70,68133
FB,2016-04-28,13:40:00,117.71,117.71,117.52,117.57,93391
FB,2016-04-28,13:41:00,117.57,117.61,117.38,117.39,117541
FB,2016-04-28,13:42:00,117.40,117.42,117.25,117.37,127153
FB,2016-04-28,13:43:00,117.38,117.50,117.38,117.39,101215
FB,2016-04-28,13:44:00,117.39,117.40,117.27,117.37,73635
FB,2016-04-28,13:45:00,117.37,117.43,117.36,117.38,69251
FB,2016-04-28,13:46:00,117.37,117.38,117.19,117.20,113923
FB,2016-04-28,13:47:00,117.21,117.28,117.19,117.27,82460
FB,2016-04-28,13:48:00,117.27,117.46,117.27,117.32,113849
FB,2016-04-28,13:49:00,117.33,117.34,117.25,117.32,49857
FB,2016-04-28,13:50:00,117.31,117.42,117.28,117.39,60213
FB,2016-04-28,13:51:00,117.39,117.46,117.35,117.44,88391
FB,2016-04-28,13:52:00,117.45,117.58,117.40,117.56,126801
FB,2016-04-28,13:53:00,117.56,117.70,117.53,117.67,136009
FB,2016-04-28,13:54:00,117.68,117.72,117.60,117.65,74298
FB,2016-04-28,13:55:00,117.63,117.64,117.56,117.57,43307
FB,2016-04-28,13:56:00,117.57,117.76,117.57,117.65,131635
FB,2016-04-28,13:57:00,117.65,117.65,117.50,117.56,77557
FB,2016-04-28,13:58:00,117.56,117.56,117.23,117.35,166619
FB,2016-04-28,13:59:00,117.34,117.38,117.29,117.31,53188
FB,2016-04-28,14:00:00,117.32,117.47,117.32,117.42,66882
FB,2016-04-28,14:01:00,117.43,117.50,117.20,117.22,113427
FB,2016-04-28,14:02:00,117.21,117.47,117.17,117.47,119918
FB,2016-04-28,14:03:00,117.46,117.60,117.40,117.53,105553
FB,2016-04-28,14:04:00,117.54,117.59,117.47,117.58,73371
FB,2016-04-28,14:05:00,117.57,117.57,117.35,117.46,91274
FB,2016-04-28,14:06:00,117.47,117.60,117.47,117.58,59098
FB,2016-04-28,14:07:00,117.59,117.60,117.52,117.53,36651
FB,2016-04-28,14:08:00,117.53,117.57,117.49,117.52,49678
FB,2016-04-28,14:09:00,117.51,117.64,117.51,117.54,67326
FB,2016-04-28,14:10:00,117.54,117.66,117.53,117.64,63989
FB,2016-04-28,14:11:00,117.63,117.85,117.62,117.85,111603
FB,2016-04-28,14:12:00,117.83,118.04,117.78,118.02,197292
FB,2016-04-28,14:13:00,118.00,118.06,117.87,117.88,178085
FB,2016-04-28,14:14:00,117.87,117.97,117.87,117.89,51307
FB,2016-04-28,14:15:00,117.91,117.97,117.83,117.87,61437
FB,2016-04-28,14:16:00,117.85,117.87,117.73,117.75,79588
FB,2016-04-28,14:17:00,117.75,117.76,117.70,117.71,57551
FB,2016-04-28,14:18:00,117.72,117.73,117.51,117.62,110985
FB,2016-04-28,14:19:00,117.63,117.66,117.52,117.59,42162
FB,2016-04-28,14:20:00,117.58,117.61,117.46,117.46,79675
FB,2016-04-28,14:21:00,117.46,117.47,117.35,117.43,74031
FB,2016-04-28,14:22:00,117.43,117.50,117.38,117.49,69751
FB,2016-04-28,14:23:00,117.50,117.57,117.40,117.40,70575
FB,2016-04-28,14:24:00,117.40,117.62,117.27,117.60,133368
FB,2016-04-28,14:25:00,117.60,117.71,117.57,117.68,79965
FB,2016-04-28,14:26:00,117.68,117.68,117.50,117.61,83475
FB,2016-04-28,14:27:00,117.61,117.69,117.57,117.66,50174
FB,2016-04-28,14:28:00,117.65,117.80,117.65,117.75,95885
FB,2016-04-28,14:29:00,117.76,117.82,117.72,117.75,81547
FB,2016-04-28,14:30:00,117.75,117.76,117.61,117.70,58498
FB,2016-04-28,14:31:00,117.70,117.70,117.62,117.64,50416
FB,2016-04-28,14:32:00,117.64,117.76,117.63,117.65,72396
FB,2016-04-28,14:33:00,117.65,117.78,117.65,117.72,48329
FB,2016-04-28,14:34:00,117.72,117.84,117.72,117.75,54561
FB,2016-04-28,14:35:00,117.74,117.75,117.66,117.69,34575
FB,2016-04-28,14:36:00,117.69,117.83,117.68,117.83,34903
FB,2016-04-28,14:37:00,117.84,117.85,117.74,117.76,60977
FB,2016-04-28,14:38:00,117.78,117.80,117.70,117.74,86030
FB,2016-04-28,14:39:00,117.74,117.75,117.58,117.60,243151
FB,2016-04-28,14:40:00,117.61,117.74,117.60,117.66,74386
FB,2016-04-28,14:41:00,117.65,117.76,117.63,117.75,48202
FB,2016-04-28,14:42:00,117.75,117.84,117.60,117.61,71525
FB,2016-04-28,14:43:00,117.61,117.79,117.60,117.78,52738
FB,2016-04-28,14:44:00,117.79,117.85,117.72,117.72,74922
FB,2016-04-28,14:45:00,117.72,117.75,117.62,117.63,48504
FB,2016-04-28,14:46:00,117.62,117.64,117.48,117.49,130727
FB,2016-04-28,14:47:00,117.49,117.58,117.40,117.40,62279
FB,2016-04-28,14:48:00,117.40,117.49,117.25,117.28,155591
FB,2016-04-28,14:49:00,117.26,117.40,117.18,117.38,127061
FB,2016-04-28,14:50:00,117.37,117.48,117.34,117.44,51437
FB,2016-04-28,14:51:00,117.44,117.47,117.37,117.41,54208
FB,2016-04-28,14:52:00,117.40,117.44,117.30,117.37,61593
FB,2016-04-28,14:53:00,117.38,117.41,117.28,117.35,68724
FB,2016-04-28,14:54:00,117.36,117.49,117.34,117.41,41303
FB,2016-04-28,14:55:00,117.40,117.43,117.32,117.36,29466
FB,2016-04-28,14:56:00,117.36,117.40,117.31,117.36,49873
FB,2016-04-28,14:57:00,117.36,117.42,117.27,117.42,71416
FB,2016-04-28,14:58:00,117.42,117.47,117.36,117.36,71145
FB,2016-04-28,14:59:00,117.36,117.50,117.35,117.46,65826
FB,2016-04-28,15:00:00,117.45,117.46,117.36,117.45,45419
FB,2016-04-28,15:01:00,117.46,117.46,117.34,117.38,52174
FB,2016-04-28,15:02:00,117.36,117.39,117.30,117.30,54869
FB,2016-04-28,15:03:00,117.31,117.42,117.30,117.42,42721
FB,2016-04-28,15:04:00,117.42,117.47,117.36,117.39,46534
FB,2016-04-28,15:05:00,117.39,117.39,117.30,117.38,63895
FB,2016-04-28,15:06:00,117.38,117.45,117.34,117.36,51315
FB,2016-04-28,15:07:00,117.35,117.45,117.28,117.33,105887
FB,2016-04-28,15:08:00,117.33,117.44,117.33,117.38,65396
FB,2016-04-28,15:09:00,117.37,117.38,117.31,117.32,31947
FB,2016-04-28,15:10:00,117.32,117.34,117.03,117.06,202906
FB,2016-04-28,15:11:00,117.05,117.12,116.97,117.04,197304
FB,2016-04-28,15:12:00,117.04,117.06,117.00,117.04,133413
FB,2016-04-28,15:13:00,117.05,117.09,116.99,117.01,121844
FB,2016-04-28,15:14:00,117.00,117.05,116.81,116.87,176010
FB,2016-04-28,15:15:00,116.88,116.93,116.63,116.64,238028
FB,2016-04-28,15:16:00,116.65,116.65,116.41,116.55,302160
FB,2016-04-28,15:17:00,116.55,116.65,116.41,116.59,198794
FB,2016-04-28,15:18:00,116.60,116.84,116.59,116.78,168730
FB,2016-04-28,15:19:00,116.78,116.83,116.54,116.59,152837
FB,2016-04-28,15:20:00,116.60,116.66,116.48,116.52,116494
FB,2016-04-28,15:21:00,116.53,116.78,116.45,116.78,167569
FB,2016-04-28,15:22:00,116.76,116.86,116.72,116.85,124357
FB,2016-04-28,15:23:00,116.85,116.87,116.71,116.81,107322
FB,2016-04-28,15:24:00,116.81,116.88,116.63,116.65,93180
FB,2016-04-28,15:25:00,116.65,116.71,116.59,116.62,56520
FB,2016-04-28,15:26:00,116.63,116.63,116.37,116.45,198841
FB,2016-04-28,15:27:00,116.46,116.60,116.40,116.58,202328
FB,2016-04-28,15:28:00,116.57,116.62,116.50,116.57,144835
FB,2016-04-28,15:29:00,116.57,116.66,116.42,116.44,144529
FB,2016-04-28,15:30:00,116.43,116.46,116.23,116.24,208843
FB,2016-04-28,15:31:00,116.25,116.63,116.25,116.54,187424
FB,2016-04-28,15:32:00,116.53,116.83,116.50,116.83,262215
FB,2016-04-28,15:33:00,116.84,116.94,116.75,116.80,232665
FB,2016-04-28,15:34:00,116.80,116.85,116.63,116.71,187671
FB,2016-04-28,15:35:00,116.70,116.87,116.70,116.86,130349
FB,2016-04-28,15:36:00,116.85,117.09,116.84,117.08,267635
FB,2016-04-28,15:37:00,117.08,117.24,117.08,117.18,221744
FB,2016-04-28,15:38:00,117.18,117.19,116.92,116.95,256997
FB,2016-04-28,15:39:00,116.95,117.25,116.92,117.17,152940
FB,2016-04-28,15:40:00,117.17,117.17,117.07,117.10,147558
FB,2016-04-28,15:41:00,117.10,117.25,117.09,117.20,116989
FB,2016-04-28,15:42:00,117.18,117.28,117.05,117.15,186288
FB,2016-04-28,15:43:00,117.15,117.25,117.09,117.21,120673
FB,2016-04-28,15:44:00,117.20,117.22,117.15,117.18,95883
FB,2016-04-28,15:45:00,117.19,117.20,117.04,117.11,168914
FB,2016-04-28,15:46:00,117.11,117.13,117.00,117.06,134207
FB,2016-04-28,15:47:00,117.06,117.15,116.97,116.97,152339
FB,2016-04-28,15:48:00,116.97,117.15,116.97,117.05,108685
FB,2016-04-28,15:49:00,117.06,117.11,116.92,116.96,177448
FB,2016-04-28,15:50:00,116.96,116.97,116.72,116.79,212796
FB,2016-04-28,15:51:00,116.78,116.81,116.71,116.75,188613
FB,2016-04-28,15:52:00,116.75,116.85,116.67,116.82,225136
FB,2016-04-28,15:53:00,116.82,116.87,116.66,116.75,125573
FB,2016-04-28,15:54:00,116.75,116.75,116.51,116.51,183495
FB,2016-04-28,15:55:00,116.53,116.59,116.51,116.58,198787
FB,2016-04-28,15:56:00,116.58,116.68,116.53,116.57,252284
FB,2016-04-28,15:57:00,116.57,116.72,116.56,116.68,188918
FB,2016-04-28,15:58:00,116.69,116.78,116.68,116.69,198636
FB,2016-04-28,15:59:00,116.70,116.89,116.69,116.77,302569
FB,2016-04-28,16:00:00,116.78,116.87,116.60,116.73,1140129
FB,2016-04-29,09:30:00,116.82,116.82,116.76,116.78,545949
FB,2016-04-29,09:31:00,116.78,117.03,116.58,116.84,294155
FB,2016-04-29,09:32:00,116.88,116.90,116.56,116.67,170909
FB,2016-04-29,09:33:00,116.63,116.77,116.62,116.62,158748
FB,2016-04-29,09:34:00,116.64,116.68,116.27,116.27,252643
FB,2016-04-29,09:35:00,116.30,117.16,116.27,117.13,349025
FB,2016-04-29,09:36:00,117.13,117.40,117.08,117.38,279191
FB,2016-04-29,09:37:00,117.38,117.58,117.37,117.51,284924
FB,2016-04-29,09:38:00,117.47,117.58,117.33,117.50,184430
FB,2016-04-29,09:39:00,117.50,117.74,117.47,117.73,194847
FB,2016-04-29,09:40:00,117.72,117.84,117.50,117.76,307611
FB,2016-04-29,09:41:00,117.74,117.79,117.65,117.66,170751
FB,2016-04-29,09:42:00,117.66,117.78,117.60,117.70,201269
FB,2016-04-29,09:43:00,117.68,117.73,117.28,117.29,283562
FB,2016-04-29,09:44:00,117.30,117.46,117.12,117.30,320006
FB,2016-04-29,09:45:00,117.33,117.42,117.16,117.21,162788
FB,2016-04-29,09:46:00,117.23,117.39,117.15,117.35,163942
FB,2016-04-29,09:47:00,117.35,117.35,117.00,117.00,189833
FB,2016-04-29,09:48:00,117.04,117.04,116.74,116.87,250726
FB,2016-04-29,09:49:00,116.88,117.00,116.86,116.86,217350
FB,2016-04-29,09:50:00,116.87,116.97,116.78,116.82,175641
FB,2016-04-29,09:51:00,116.81,116.82,116.66,116.70,157493
FB,2016-04-29,09:52:00,116.70,116.73,116.51,116.59,143931
FB,2016-04-29,09:53:00,116.60,116.72,116.60,116.68,176524
FB,2016-04-29,09:54:00,116.67,116.83,116.64,116.78,159930
FB,2016-04-29,09:55:00,116.78,117.07,116.76,117.05,205610
FB,2016-04-29,09:56:00,117.06,117.30,117.01,117.23,235464
FB,2016-04-29,09:57:00,117.23,117.30,117.10,117.23,135661
FB,2016-04-29,09:58:00,117.20,117.26,117.02,117.02,104020
FB,2016-04-29,09:59:00,117.02,117.05,116.85,116.99,133961
FB,2016-04-29,10:00:00,116.97,116.97,116.85,116.87,51906
FB,2016-04-29,10:01:00,116.87,117.19,116.80,117.08,147148
FB,2016-04-29,10:02:00,117.09,117.13,116.92,116.98,85902
FB,2016-04-29,10:03:00,116.98,117.25,116.94,117.23,138645
FB,2016-04-29,10:04:00,117.22,117.35,117.15,117.30,151165
FB,2016-04-29,10:05:00,117.29,117.40,117.25,117.27,132954
FB,2016-04-29,10:06:00,117.26,117.26,117.10,117.17,110740
FB,2016-04-29,10:07:00,117.18,117.20,117.06,117.16,75012
FB,2016-04-29,10:08:00,117.14,117.17,117.05,117.12,69151
FB,2016-04-29,10:09:00,117.12,117.19,117.08,117.08,68353
FB,2016-04-29,10:10:00,117.09,117.27,117.07,117.20,134554
FB,2016-04-29,10:11:00,117.19,117.33,117.15,117.28,112134
FB,2016-04-29,10:12:00,117.30,117.46,117.28,117.38,131531
FB,2016-04-29,10:13:00,117.37,117.50,117.29,117.39,149020
FB,2016-04-29,10:14:00,117.40,117.41,117.17,117.29,110724
FB,2016-04-29,10:15:00,117.30,117.30,117.10,117.14,97857
FB,2016-04-29,10:16:00,117.14,117.16,116.82,116.84,226763
FB,2016-04-29,10:17:00,116.84,116.99,116.81,116.97,127258
FB,2016-04-29,10:18:00,116.98,117.04,116.86,117.01,101737
FB,2016-04-29,10:19:00,117.03,117.03,116.77,116.81,113142
FB,2016-04-29,10:20:00,116.83,116.94,116.75,116.91,87161
FB,2016-04-29,10:21:00,116.91,116.99,116.83,116.90,87653
FB,2016-04-29,10:22:00,116.91,116.92,116.81,116.87,59408
FB,2016-04-29,10:23:00,116.87,116.97,116.81,116.93,82683
FB,2016-04-29,10:24:00,116.93,117.11,116.87,117.08,107840
FB,2016-04-29,10:25:00,117.09,117.14,117.00,117.01,72068
FB,2016-04-29,10:26:00,117.00,117.09,116.92,116.92,85075
FB,2016-04-29,10:27:00,116.92,116.99,116.76,116.78,133119
FB,2016-04-29,10:28:00,116.77,116.85,116.61,116.85,117632
FB,2016-04-29,10:29:00,116.84,116.93,116.78,116.90,68520
FB,2016-04-29,10:30:00,116.89,116.98,116.83,116.92,83942
FB,2016-04-29,10:31:00,116.92,117.00,116.90,116.97,104964
FB,2016-04-29,10:32:00,116.96,116.99,116.84,116.84,80688
FB,2016-04-29,10:33:00,116.85,116.88,116.80,116.81,70345
FB,2016-04-29,10:34:00,116.81,116.93,116.80,116.85,91854
FB,2016-04-29,10:35:00,116.84,117.00,116.84,116.88,52184
FB,2016-04-29,10:36:00,116.87,117.00,116.83,116.98,75678
FB,2016-04-29,10:37:00,116.99,117.07,116.92,117.02,81059
FB,2016-04-29,10:38:00,117.02,117.25,117.00,117.23,96406
FB,2016-04-29,10:39:00,117.22,117.25,117.15,117.22,81785
FB,2016-04-29,10:40:00,117.22,117.25,117.09,117.13,58492
FB,2016-04-29,10:41:00,117.13,117.17,117.08,117.15,50538
FB,2016-04-29,10:42:00,117.15,117.18,117.07,117.14,34903
FB,2016-04-29,10:43:00,117.13,117.15,117.02,117.10,72041
FB,2016-04-29,10:44:00,117.11,117.14,116.84,116.92,95968
FB,2016-04-29,10:45:00,116.93,116.99,116.90,116.94,45261
FB,2016-04-29,10:46:00,116.95,116.97,116.80,116.85,78665
FB,2016-04-29,10:47:00,116.87,116.91,116.78,116.82,70475
FB,2016-04-29,10:48:00,116.82,116.84,116.73,116.77,62948
FB,2016-04-29,10:49:00,116.77,116.82,116.70,116.74,44339
FB,2016-04-29,10:50:00,116.73,116.87,116.72,116.81,46956
FB,2016-04-29,10:51:00,116.81,116.82,116.68,116.68,74741
FB,2016-04-29,10:52:00,116.68,116.78,116.65,116.73,37461
FB,2016-04-29,10:53:00,116.74,116.85,116.69,116.75,73324
FB,2016-04-29,10:54:00,116.76,116.84,116.68,116.79,60914
FB,2016-04-29,10:55:00,116.78,116.79,116.70,116.77,38305
FB,2016-04-29,10:56:00,116.76,116.87,116.75,116.86,63428
FB,2016-04-29,10:57:00,116.85,116.85,116.66,116.68,53439
FB,2016-04-29,10:58:00,116.67,116.80,116.65,116.71,76868
FB,2016-04-29,10:59:00,116.72,116.84,116.69,116.82,99068
FB,2016-04-29,11:00:00,116.82,116.86,116.75,116.80,48016
FB,2016-04-29,11:01:00,116.79,116.82,116.74,116.78,39161
FB,2016-04-29,11:02:00,116.78,116.79,116.56,116.65,89217
FB,2016-04-29,11:03:00,116.66,116.67,116.33,116.46,220974
FB,2016-04-29,11:04:00,116.46,116.50,116.42,116.45,78944
FB,2016-04-29,11:05:00,116.46,116.60,116.45,116.55,76598
FB,2016-04-29,11:06:00,116.55,116.60,116.53,116.60,55289
FB,2016-04-29,11:07:00,116.60,116.64,116.57,116.64,55356
FB,2016-04-29,11:08:00,116.64,116.71,116.60,116.67,64774
FB,2016-04-29,11:09:00,116.67,116.68,116.54,116.64,80092
FB,2016-04-29,11:10:00,116.64,116.67,116.57,116.62,65029
FB,2016-04-29,11:11:00,116.64,116.64,116.48,116.50,86124
FB,2016-04-29,11:12:00,116.50,116.58,116.47,116.48,63217
FB,2016-04-29,11:13:00,116.50,116.60,116.48,116.54,41298
FB,2016-04-29,11:14:00,116.53,116.66,116.52,116.63,48680
FB,2016-04-29,11:15:00,116.64,116.73,116.64,116.70,74832
FB,2016-04-29,11:16:00,116.72,116.75,116.59,116.61,98397
FB,2016-04-29,11:17:00,116.62,116.68,116.53,116.56,59635
FB,2016-04-29,11:18:00,116.57,116.59,116.46,116.56,72041
FB,2016-04-29,11:19:00,116.56,116.56,116.47,116.48,37560
FB,2016-04-29,11:20:00,116.50,116.50,116.34,116.42,77601
FB,2016-04-29,11:21:00,116.43,116.47,116.27,116.43,92758
FB,2016-04-29,11:22:00,116.43,116.43,116.29,116.34,70196
FB,2016-04-29,11:23:00,116.34,116.37,116.18,116.19,110511
FB,2016-04-29,11:24:00,116.19,116.36,116.13,116.33,108460
FB,2016-04-29,11:25:00,116.33,116.35,116.23,116.30,72172
FB,2016-04-29,11:26:00,116.28,116.31,116.19,116.25,60131
FB,2016-04-29,11:27:00,116.24,116.28,116.02,116.07,104725
FB,2016-04-29,11:28:00,116.07,116.21,116.03,116.19,123133
FB,2016-04-29,11:29:00,116.20,116.23,116.13,116.14,76270
FB,2016-04-29,11:30:00,116.16,116.18,116.08,116.11,47032
FB,2016-04-29,11:31:00,116.13,116.15,116.07,116.08,40389
FB,2016-04-29,11:32:00,116.08,116.14,115.97,116.04,159389
FB,2016-04-29,11:33:00,115.98,116.10,115.98,116.03,69272
FB,2016-04-29,11:34:00,116.02,116.08,116.00,116.02,59506
FB,2016-04-29,11:35:00,116.03,116.18,116.02,116.10,102364
FB,2016-04-29,11:36:00,116.10,116.16,116.09,116.12,67575
FB,2016-04-29,11:37:00,116.11,116.16,116.09,116.14,55646
FB,2016-04-29,11:38:00,116.14,116.24,116.14,116.22,90091
FB,2016-04-29,11:39:00,116.23,116.28,116.20,116.25,103807
FB,2016-04-29,11:40:00,116.25,116.45,116.25,116.40,110661
FB,2016-04-29,11:41:00,116.40,116.41,116.30,116.32,58450
FB,2016-04-29,11:42:00,116.34,116.35,116.25,116.31,49404
FB,2016-04-29,11:43:00,116.31,116.33,116.20,116.26,50822
FB,2016-04-29,11:44:00,116.26,116.29,116.21,116.25,29237
FB,2016-04-29,11:45:00,116.24,116.25,116.14,116.17,39158
FB,2016-04-29,11:46:00,116.18,116.25,116.16,116.19,43018
FB,2016-04-29,11:47:00,116.19,116.19,115.92,115.92,209495
FB,2016-04-29,11:48:00,115.93,116.15,115.84,116.15,207177
FB,2016-04-29,11:49:00,116.15,116.21,116.00,116.14,128390
FB,2016-04-29,11:50:00,116.13,116.29,116.05,116.26,133806
FB,2016-04-29,11:51:00,116.25,116.30,116.11,116.29,97802
FB,2016-04-29,11:52:00,116.29,116.38,116.24,116.28,78438
FB,2016-04-29,11:53:00,116.29,116.42,116.28,116.39,100590
FB,2016-04-29,11:54:00,116.37,116.39,116.30,116.32,44135
FB,2016-04-29,11:55:00,116.31,116.33,116.25,116.26,39686
FB,2016-04-29,11:56:00,116.26,116.31,116.21,116.30,49874
FB,2016-04-29,11:57:00,116.31,116.32,116.10,116.10,53090
FB,2016-04-29,11:58:00,116.11,116.20,116.09,116.17,42287
FB,2016-04-29,11:59:00,116.17,116.18,116.05,116.06,26353
FB,2016-04-29,12:00:00,116.06,116.10,116.01,116.02,77654
FB,2016-04-29,12:01:00,116.02,116.17,116.00,116.15,75376
FB,2016-04-29,12:02:00,116.14,116.15,116.08,116.11,29865
FB,2016-04-29,12:03:00,116.10,116.11,115.95,115.96,72328
FB,2016-04-29,12:04:00,115.97,116.06,115.96,116.03,43087
FB,2016-04-29,12:05:00,116.02,116.11,115.97,116.11,50207
FB,2016-04-29,12:06:00,116.11,116.16,116.08,116.13,46162
FB,2016-04-29,12:07:00,116.13,116.17,116.06,116.06,29827
FB,2016-04-29,12:08:00,116.08,116.21,116.08,116.12,42195
FB,2016-04-29,12:09:00,116.11,116.14,116.03,116.05,30103
FB,2016-04-29,12:10:00,116.05,116.05,115.96,116.01,63345
FB,2016-04-29,12:11:00,116.01,116.06,116.00,116.06,25367
FB,2016-04-29,12:12:00,116.06,116.09,115.99,116.05,57666
FB,2016-04-29,12:13:00,116.07,116.08,115.95,115.96,27782
FB,2016-04-29,12:14:00,115.96,116.07,115.90,116.05,71819
FB,2016-04-29,12:15:00,116.04,116.12,115.86,115.89,73791
FB,2016-04-29,12:16:00,115.91,116.03,115.91,116.00,69829
FB,2016-04-29,12:17:00,116.01,116.11,116.00,116.05,92498
FB,2016-04-29,12:18:00,116.06,116.25,116.03,116.21,90699
FB,2016-04-29,12:19:00,116.20,116.28,116.20,116.26,47299
FB,2016-04-29,12:20:00,116.27,116.29,116.16,116.27,40626
FB,2016-04-29,12:21:00,116.26,116.31,116.22,116.26,45011
FB,2016-04-29,12:22:00,116.26,116.31,116.24,116.28,35531
FB,2016-04-29,12:23:00,116.27,116.28,116.19,116.23,40184
FB,2016-04-29,12:24:00,116.23,116.24,116.16,116.16,35036
FB,2016-04-29,12:25:00,116.17,116.18,116.08,116.08,32931
FB,2016-04-29,12:26:00,116.08,116.20,116.07,116.20,32938
FB,2016-04-29,12:27:00,116.21,116.27,116.17,116.23,24910
FB,2016-04-29,12:28:00,116.22,116.28,116.20,116.28,33304
FB,2016-04-29,12:29:00,116.29,116.33,116.26,116.29,44318
FB,2016-04-29,12:30:00,116.27,116.30,116.22,116.25,38571
FB,2016-04-29,12:31:00,116.25,116.26,116.13,116.17,26629
FB,2016-04-29,12:32:00,116.17,116.26,116.16,116.25,32074
FB,2016-04-29,12:33:00,116.25,116.35,116.24,116.30,44490
FB,2016-04-29,12:34:00,116.30,116.32,116.28,116.29,26225
FB,2016-04-29,12:35:00,116.30,116.32,116.18,116.24,28769
FB,2016-04-29,12:36:00,116.23,116.23,116.08,116.11,56235
FB,2016-04-29,12:37:00,116.12,116.16,116.08,116.15,22614
FB,2016-04-29,12:38:00,116.14,116.25,116.13,116.25,14034
FB,2016-04-29,12:39:00,116.25,116.32,116.20,116.26,39715
FB,2016-04-29,12:40:00,116.26,116.28,116.22,116.26,31310
FB,2016-04-29,12:41:00,116.26,116.33,116.18,116.18,37338
FB,2016-04-29,12:42:00,116.19,116.25,116.15,116.17,11994
FB,2016-04-29,12:43:00,116.17,116.19,116.10,116.12,16939
FB,2016-04-29,12:44:00,116.12,116.16,116.09,116.16,20132
FB,2016-04-29,12:45:00,116.15,116.18,116.13,116.14,13955
FB,2016-04-29,12:46:00,116.15,116.24,116.14,116.20,21876
FB,2016-04-29,12:47:00,116.20,116.21,116.15,116.18,20387
FB,2016-04-29,12:48:00,116.19,116.28,116.18,116.28,43479
FB,2016-04-29,12:49:00,116.27,116.28,116.22,116.23,30402
FB,2016-04-29,12:50:00,116.23,116.35,116.14,116.31,68859
FB,2016-04-29,12:51:00,116.31,116.38,116.30,116.36,125258
FB,2016-04-29,12:52:00,116.36,116.48,116.36,116.44,123027
FB,2016-04-29,12:53:00,116.44,116.50,116.39,116.46,74966
FB,2016-04-29,12:54:00,116.44,116.54,116.43,116.54,84782
FB,2016-04-29,12:55:00,116.54,116.56,116.45,116.45,50777
FB,2016-04-29,12:56:00,116.45,116.48,116.36,116.36,40139
FB,2016-04-29,12:57:00,116.37,116.44,116.36,116.38,38623
FB,2016-04-29,12:58:00,116.37,116.41,116.35,116.36,40604
FB,2016-04-29,12:59:00,116.34,116.37,116.30,116.35,26976
FB,2016-04-29,13:00:00,116.35,116.38,116.31,116.34,23279
FB,2016-04-29,13:01:00,116.34,116.36,116.31,116.33,25550
FB,2016-04-29,13:02:00,116.34,116.39,116.30,116.33,20222
FB,2016-04-29,13:03:00,116.33,116.37,116.30,116.32,20433
FB,2016-04-29,13:04:00,116.31,116.40,116.30,116.37,14088
FB,2016-04-29,13:05:00,116.37,116.44,116.37,116.42,34228
FB,2016-04-29,13:06:00,116.41,116.45,116.39,116.42,24270
FB,2016-04-29,13:07:00,116.42,116.47,116.42,116.47,42587
FB,2016-04-29,13:08:00,116.47,116.49,116.45,116.47,46158
FB,2016-04-29,13:09:00,116.47,116.47,116.41,116.45,14425
FB,2016-04-29,13:10:00,116.43,116.50,116.41,116.45,61258
FB,2016-04-29,13:11:00,116.44,116.50,116.42,116.45,35183
FB,2016-04-29,13:12:00,116.44,116.50,116.44,116.49,21950
FB,2016-04-29,13:13:00,116.48,116.59,116.47,116.59,51917
FB,2016-04-29,13:14:00,116.58,116.69,116.57,116.68,99268
FB,2016-04-29,13:15:00,116.68,116.80,116.67,116.77,81866
FB,2016-04-29,13:16:00,116.79,116.84,116.74,116.79,57645
FB,2016-04-29,13:17:00,116.78,116.82,116.74,116.75,66078
FB,2016-04-29,13:18:00,116.76,116.78,116.67,116.78,57528
FB,2016-04-29,13:19:00,116.78,116.85,116.76,116.81,29533
FB,2016-04-29,13:20:00,116.80,116.90,116.79,116.88,44737
FB,2016-04-29,13:21:00,116.87,116.97,116.87,116.93,82723
FB,2016-04-29,13:22:00,116.93,117.05,116.93,117.01,151720
FB,2016-04-29,13:23:00,117.00,117.02,116.89,116.90,73745
FB,2016-04-29,13:24:00,116.90,116.99,116.88,116.97,52069
FB,2016-04-29,13:25:00,116.98,117.08,116.97,117.05,89743
FB,2016-04-29,13:26:00,117.05,117.16,117.02,117.06,61918
FB,2016-04-29,13:27:00,117.05,117.13,117.00,117.02,54275
FB,2016-04-29,13:28:00,117.02,117.04,116.92,116.94,53135
FB,2016-04-29,13:29:00,116.95,116.95,116.80,116.88,71221
FB,2016-04-29,13:30:00,116.88,116.97,116.86,116.94,72617
FB,2016-04-29,13:31:00,116.92,117.03,116.91,117.00,28924
FB,2016-04-29,13:32:00,117.00,117.02,116.87,116.89,49130
FB,2016-04-29,13:33:00,116.88,116.95,116.85,116.95,41182
FB,2016-04-29,13:34:00,116.96,116.98,116.91,116.93,30589
FB,2016-04-29,13:35:00,116.94,116.98,116.93,116.98,49008
FB,2016-04-29,13:36:00,116.99,116.99,116.89,116.93,24179
FB,2016-04-29,13:37:00,116.93,117.01,116.92,116.98,30480
FB,2016-04-29,13:38:00,116.98,117.00,116.86,116.88,66380
FB,2016-04-29,13:39:00,116.89,116.92,116.77,116.78,60826
FB,2016-04-29,13:40:00,116.77,116.89,116.77,116.89,39615
FB,2016-04-29,13:41:00,116.89,116.89,116.75,116.77,34345
FB,2016-04-29,13:42:00,116.77,116.80,116.75,116.76,20342
FB,2016-04-29,13:43:00,116.75,116.75,116.64,116.68,49412
FB,2016-04-29,13:44:00,116.69,116.69,116.47,116.50,93713
FB,2016-04-29,13:45:00,116.50,116.56,116.46,116.46,63372
FB,2016-04-29,13:46:00,116.46,116.55,116.46,116.49,41973
FB,2016-04-29,13:47:00,116.49,116.58,116.47,116.54,37256
FB,2016-04-29,13:48:00,116.55,116.63,116.53,116.60,32373
FB,2016-04-29,13:49:00,116.59,116.65,116.55,116.61,21785
FB,2016-04-29,13:50:00,116.60,116.62,116.56,116.58,20258
FB,2016-04-29,13:51:00,116.59,116.62,116.58,116.58,22647
FB,2016-04-29,13:52:00,116.60,116.61,116.45,116.50,77410
FB,2016-04-29,13:53:00,116.50,116.55,116.48,116.49,26564
FB,2016-04-29,13:54:00,116.49,116.61,116.49,116.56,26586
FB,2016-04-29,13:55:00,116.56,116.65,116.53,116.56,35879
FB,2016-04-29,13:56:00,116.56,116.56,116.41,116.44,56696
FB,2016-04-29,13:57:00,116.43,116.51,116.42,116.49,32268
FB,2016-04-29,13:58:00,116.50,116.57,116.50,116.52,22670
FB,2016-04-29,13:59:00,116.51,116.53,116.42,116.49,36354
FB,2016-04-29,14:00:00,116.48,116.49,116.42,116.46,23429
FB,2016-04-29,14:01:00,116.44,116.58,116.44,116.57,28513
FB,2016-04-29,14:02:00,116.56,116.63,116.54,116.60,31585
FB,2016-04-29,14:03:00,116.59,116.69,116.57,116.66,27698
FB,2016-04-29,14:04:00,116.65,116.67,116.60,116.64,27742
FB,2016-04-29,14:05:00,116.62,116.64,116.58,116.64,59436
FB,2016-04-29,14:06:00,116.64,116.64,116.51,116.56,23309
FB,2016-04-29,14:07:00,116.54,116.55,116.38,116.43,60042
FB,2016-04-29,14:08:00,116.42,116.43,116.35,116.36,49749
FB,2016-04-29,14:09:00,116.37,116.38,116.34,116.38,26465
FB,2016-04-29,14:10:00,116.38,116.41,116.35,116.41,37313
FB,2016-04-29,14:11:00,116.41,116.43,116.40,116.40,14468
FB,2016-04-29,14:12:00,116.40,116.41,116.35,116.39,42173
FB,2016-04-29,14:13:00,116.39,116.43,116.37,116.41,25192
FB,2016-04-29,14:14:00,116.40,116.43,116.39,116.40,24321
FB,2016-04-29,14:15:00,116.40,116.47,116.38,116.46,22965
FB,2016-04-29,14:16:00,116.46,116.49,116.41,116.48,47785
FB,2016-04-29,14:17:00,116.48,116.49,116.41,116.42,29241
FB,2016-04-29,14:18:00,116.42,116.44,116.38,116.43,29154
FB,2016-04-29,14:19:00,116.43,116.48,116.38,116.40,34693
FB,2016-04-29,14:20:00,116.39,116.50,116.39,116.46,37464
FB,2016-04-29,14:21:00,116.46,116.48,116.40,116.42,46857
FB,2016-04-29,14:22:00,116.42,116.46,116.38,116.42,56367
FB,2016-04-29,14:23:00,116.42,116.53,116.40,116.53,39322
FB,2016-04-29,14:24:00,116.52,116.55,116.49,116.51,33817
FB,2016-04-29,14:25:00,116.51,116.52,116.44,116.45,43302
FB,2016-04-29,14:26:00,116.46,116.48,116.35,116.38,83426
FB,2016-04-29,14:27:00,116.38,116.44,116.38,116.43,17334
FB,2016-04-29,14:28:00,116.42,116.62,116.42,116.59,59039
FB,2016-04-29,14:29:00,116.59,116.64,116.59,116.63,24523
FB,2016-04-29,14:30:00,116.64,116.72,116.64,116.69,75311
FB,2016-04-29,14:31:00,116.68,116.74,116.62,116.71,41994
FB,2016-04-29,14:32:00,116.71,116.72,116.62,116.62,42811
FB,2016-04-29,14:33:00,116.62,116.70,116.56,116.65,46038
FB,2016-04-29,14:34:00,116.66,116.73,116.66,116.70,31123
FB,2016-04-29,14:35:00,116.71,116.81,116.71,116.75,75072
FB,2016-04-29,14:36:00,116.73,116.73,116.59,116.59,39269
FB,2016-04-29,14:37:00,116.59,116.64,116.54,116.60,36413
FB,2016-04-29,14:38:00,116.60,116.61,116.50,116.52,50127
FB,2016-04-29,14:39:00,116.50,116.56,116.48,116.50,51642
FB,2016-04-29,14:40:00,116.50,116.56,116.47,116.51,34431
FB,2016-04-29,14:41:00,116.50,116.60,116.50,116.60,17444
FB,2016-04-29,14:42:00,116.59,116.60,116.53,116.54,54230
FB,2016-04-29,14:43:00,116.54,116.58,116.51,116.52,42771
FB,2016-04-29,14:44:00,116.53,116.54,116.50,116.52,25004
FB,2016-04-29,14:45:00,116.54,116.56,116.52,116.56,14103
FB,2016-04-29,14:46:00,116.56,116.58,116.51,116.56,38848
FB,2016-04-29,14:47:00,116.55,116.60,116.54,116.58,16300
FB,2016-04-29,14:48:00,116.59,116.69,116.58,116.67,37551
FB,2016-04-29,14:49:00,116.67,116.77,116.67,116.77,34759
FB,2016-04-29,14:50:00,116.77,116.90,116.77,116.89,75049
FB,2016-04-29,14:51:00,116.88,116.95,116.76,116.76,77014
FB,2016-04-29,14:52:00,116.77,116.88,116.77,116.86,42027
FB,2016-04-29,14:53:00,116.87,116.93,116.75,116.75,78089
FB,2016-04-29,14:54:00,116.76,116.81,116.76,116.79,26468
FB,2016-04-29,14:55:00,116.79,116.93,116.79,116.91,73709
FB,2016-04-29,14:56:00,116.93,116.98,116.84,116.87,47417
FB,2016-04-29,14:57:00,116.87,116.87,116.66,116.68,40926
FB,2016-04-29,14:58:00,116.68,116.81,116.68,116.76,45499
FB,2016-04-29,14:59:00,116.77,116.89,116.77,116.85,46248
FB,2016-04-29,15:00:00,116.85,116.86,116.74,116.81,40426
FB,2016-04-29,15:01:00,116.79,116.91,116.74,116.91,52008
FB,2016-04-29,15:02:00,116.91,116.96,116.89,116.94,54465
FB,2016-04-29,15:03:00,116.94,116.97,116.83,116.84,44086
FB,2016-04-29,15:04:00,116.84,116.88,116.81,116.84,24858
FB,2016-04-29,15:05:00,116.85,116.89,116.83,116.85,32413
FB,2016-04-29,15:06:00,116.85,116.90,116.82,116.90,25239
FB,2016-04-29,15:07:00,116.90,116.95,116.88,116.95,40379
FB,2016-04-29,15:08:00,116.96,116.99,116.95,116.99,63322
FB,2016-04-29,15:09:00,117.00,117.07,116.94,116.95,112179
FB,2016-04-29,15:10:00,116.94,117.05,116.94,116.99,50967
FB,2016-04-29,15:11:00,116.99,117.02,116.87,116.89,57370
FB,2016-04-29,15:12:00,116.89,117.02,116.86,117.00,59348
FB,2016-04-29,15:13:00,117.02,117.04,116.96,117.03,45840
FB,2016-04-29,15:14:00,117.04,117.10,117.03,117.06,54606
FB,2016-04-29,15:15:00,117.06,117.10,117.03,117.06,76418
FB,2016-04-29,15:16:00,117.06,117.16,117.03,117.16,110338
FB,2016-04-29,15:17:00,117.16,117.16,117.03,117.07,63419
FB,2016-04-29,15:18:00,117.08,117.09,116.95,117.00,67065
FB,2016-04-29,15:19:00,117.00,117.06,116.97,116.98,45863
FB,2016-04-29,15:20:00,116.99,117.03,116.96,117.02,48886
FB,2016-04-29,15:21:00,117.02,117.03,116.95,116.98,36233
FB,2016-04-29,15:22:00,116.98,116.98,116.93,116.94,39213
FB,2016-04-29,15:23:00,116.94,117.05,116.94,117.05,60156
FB,2016-04-29,15:24:00,117.04,117.09,116.94,116.95,142098
FB,2016-04-29,15:25:00,116.96,116.97,116.86,116.90,65344
FB,2016-04-29,15:26:00,116.89,116.92,116.85,116.89,43547
FB,2016-04-29,15:27:00,116.88,116.96,116.86,116.86,66160
FB,2016-04-29,15:28:00,116.86,116.89,116.80,116.87,44977
FB,2016-04-29,15:29:00,116.86,116.87,116.71,116.73,77829
FB,2016-04-29,15:30:00,116.73,116.76,116.56,116.69,119768
FB,2016-04-29,15:31:00,116.71,116.94,116.71,116.92,137253
FB,2016-04-29,15:32:00,116.91,116.99,116.90,116.98,90003
FB,2016-04-29,15:33:00,116.98,117.10,116.97,117.09,141567
FB,2016-04-29,15:34:00,117.09,117.14,117.04,117.05,139449
FB,2016-04-29,15:35:00,117.05,117.22,117.05,117.22,112613
FB,2016-04-29,15:36:00,117.22,117.28,117.22,117.26,175845
FB,2016-04-29,15:37:00,117.26,117.28,117.20,117.20,119308
FB,2016-04-29,15:38:00,117.20,117.26,117.15,117.23,109527
FB,2016-04-29,15:39:00,117.23,117.33,117.20,117.30,115023
FB,2016-04-29,15:40:00,117.29,117.33,117.24,117.29,127350
FB,2016-04-29,15:41:00,117.26,117.34,117.23,117.31,116372
FB,2016-04-29,15:42:00,117.29,117.32,117.25,117.30,82513
FB,2016-04-29,15:43:00,117.30,117.38,117.29,117.38,128627
FB,2016-04-29,15:44:00,117.38,117.38,117.31,117.31,97599
FB,2016-04-29,15:45:00,117.32,117.38,117.30,117.37,70974
FB,2016-04-29,15:46:00,117.37,117.47,117.34,117.43,185092
FB,2016-04-29,15:47:00,117.43,117.48,117.41,117.47,121092
FB,2016-04-29,15:48:00,117.47,117.51,117.45,117.49,350261
FB,2016-04-29,15:49:00,117.50,117.50,117.47,117.49,208159
FB,2016-04-29,15:50:00,117.50,117.60,117.48,117.57,358299
FB,2016-04-29,15:51:00,117.56,117.60,117.50,117.59,177572
FB,2016-04-29,15:52:00,117.60,117.66,117.58,117.66,183860
FB,2016-04-29,15:53:00,117.66,117.69,117.59,117.60,179735
FB,2016-04-29,15:54:00,117.60,117.62,117.49,117.52,155035
FB,2016-04-29,15:55:00,117.53,117.67,117.52,117.65,159799
FB,2016-04-29,15:56:00,117.66,117.67,117.57,117.59,207085
FB,2016-04-29,15:57:00,117.60,117.61,117.44,117.50,156472
FB,2016-04-29,15:58:00,117.50,117.57,117.50,117.56,167587
FB,2016-04-29,15:59:00,117.56,117.57,117.43,117.56,227489
FB,2016-04-29,16:00:00,117.56,117.73,117.50,117.58,2696422
