GE,2016-04-28,09:30:00,30.74,30.74,30.74,30.74,600
GE,2016-04-28,09:31:00,30.72,30.76,30.70,30.71,375956
GE,2016-04-28,09:32:00,30.71,30.78,30.71,30.77,81170
GE,2016-04-28,09:33:00,30.77,30.80,30.77,30.80,64228
GE,2016-04-28,09:34:00,30.80,30.82,30.79,30.80,61403
GE,2016-04-28,09:35:00,30.81,30.83,30.80,30.81,43938
GE,2016-04-28,09:36:00,30.81,30.84,30.81,30.81,41764
GE,2016-04-28,09:37:00,30.81,30.82,30.80,30.82,38491
GE,2016-04-28,09:38:00,30.81,30.85,30.81,30.85,68796
GE,2016-04-28,09:39:00,30.84,30.85,30.83,30.83,32254
GE,2016-04-28,09:40:00,30.83,30.88,30.83,30.87,72554
GE,2016-04-28,09:41:00,30.87,30.88,30.85,30.86,34025
GE,2016-04-28,09:42:00,30.87,30.91,30.86,30.91,58177
GE,2016-04-28,09:43:00,30.90,30.91,30.88,30.90,74381
GE,2016-04-28,09:44:00,30.89,30.91,30.88,30.90,34564
GE,2016-04-28,09:45:00,30.90,30.94,30.90,30.93,59869
GE,2016-04-28,09:46:00,30.93,30.94,30.91,30.91,50177
GE,2016-04-28,09:47:00,30.91,30.91,30.89,30.90,49563
GE,2016-04-28,09:48:00,30.90,30.90,30.86,30.88,62222
GE,2016-04-28,09:49:00,30.88,30.90,30.88,30.90,46764
GE,2016-04-28,09:50:00,30.90,30.92,30.90,30.91,39685
GE,2016-04-28,09:51:00,30.92,30.93,30.91,30.93,78749
GE,2016-04-28,09:52:00,30.94,30.94,30.90,30.91,36549
GE,2016-04-28,09:53:00,30.90,30.91,30.89,30.90,21289
GE,2016-04-28,09:54:00,30.91,30.91,30.89,30.89,30312
GE,2016-04-28,09:55:00,30.90,30.91,30.90,30.91,25315
GE,2016-04-28,09:56:00,30.91,30.92,30.90,30.91,22535
GE,2016-04-28,09:57:00,30.91,30.92,30.90,30.90,15685
GE,2016-04-28,09:58:00,30.91,30.91,30.90,30.91,14681
GE,2016-04-28,09:59:00,30.91,30.93,30.90,30.92,34157
GE,2016-04-28,10:00:00,30.92,30.95,30.92,30.93,76171
GE,2016-04-28,10:01:00,30.93,30.94,30.92,30.93,96443
GE,2016-04-28,10:02:00,30.92,30.93,30.91,30.91,38023
GE,2016-04-28,10:03:00,30.91,30.91,30.90,30.90,9232
GE,2016-04-28,10:04:00,30.91,30.93,30.91,30.92,66723
GE,2016-04-28,10:05:00,30.92,30.92,30.90,30.91,17587
GE,2016-04-28,10:06:00,30.90,30.93,30.90,30.93,39737
GE,2016-04-28,10:07:00,30.93,30.94,30.92,30.93,15070
GE,2016-04-28,10:08:00,30.93,30.95,30.93,30.95,33766
GE,2016-04-28,10:09:00,30.95,30.95,30.94,30.95,17627
GE,2016-04-28,10:10:00,30.95,30.95,30.93,30.94,82711
GE,2016-04-28,10:11:00,30.93,30.95,30.93,30.94,29420
GE,2016-04-28,10:12:00,30.94,30.97,30.94,30.97,54949
GE,2016-04-28,10:13:00,30.96,30.96,30.95,30.96,38418
GE,2016-04-28,10:14:00,30.96,30.96,30.95,30.95,29120
GE,2016-04-28,10:15:00,30.96,30.96,30.95,30.95,29740
GE,2016-04-28,10:16:00,30.95,30.95,30.93,30.94,218319
GE,2016-04-28,10:17:00,30.93,30.94,30.92,30.93,152125
GE,2016-04-28,10:18:00,30.93,30.94,30.93,30.94,13698
GE,2016-04-28,10:19:00,30.94,30.95,30.94,30.95,24414
GE,2016-04-28,10:20:00,30.95,30.96,30.95,30.95,55389
GE,2016-04-28,10:21:00,30.95,30.97,30.95,30.96,20939
GE,2016-04-28,10:22:00,30.97,30.98,30.97,30.98,13779
GE,2016-04-28,10:23:00,30.97,30.98,30.97,30.97,52218
GE,2016-04-28,10:24:00,30.97,30.98,30.96,30.96,35637
GE,2016-04-28,10:25:00,30.97,30.97,30.95,30.96,37501
GE,2016-04-28,10:26:00,30.95,30.97,30.95,30.97,21451
GE,2016-04-28,10:27:00,30.97,30.98,30.96,30.98,10686
GE,2016-04-28,10:28:00,30.98,30.98,30.97,30.98,7898
GE,2016-04-28,10:29:00,30.98,30.99,30.98,30.99,30288
GE,2016-04-28,10:30:00,30.99,30.99,30.98,30.99,34888
GE,2016-04-28,10:31:00,30.99,31.00,30.98,30.98,57052
GE,2016-04-28,10:32:00,30.98,30.99,30.97,30.98,47649
GE,2016-04-28,10:33:00,30.98,30.99,30.98,30.98,16775
GE,2016-04-28,10:34:00,30.99,30.99,30.98,30.99,12577
GE,2016-04-28,10:35:00,30.99,30.99,30.98,30.98,16965
GE,2016-04-28,10:36:00,30.99,31.00,30.98,30.99,36930
GE,2016-04-28,10:37:00,30.98,30.99,30.98,30.98,16545
GE,2016-04-28,10:38:00,30.98,30.99,30.98,30.98,49061
GE,2016-04-28,10:39:00,30.98,30.99,30.98,30.98,11184
GE,2016-04-28,10:40:00,30.99,31.00,30.98,30.98,71715
GE,2016-04-28,10:41:00,30.98,30.99,30.98,30.98,40412
GE,2016-04-28,10:42:00,30.98,30.99,30.98,30.98,19172
GE,2016-04-28,10:43:00,30.98,30.99,30.98,30.98,28365
GE,2016-04-28,10:44:00,30.98,30.99,30.98,30.98,33217
GE,2016-04-28,10:45:00,30.98,30.99,30.98,30.99,19715
GE,2016-04-28,10:46:00,30.99,30.99,30.98,30.99,25934
GE,2016-04-28,10:47:00,30.99,31.00,30.98,31.00,27353
GE,2016-04-28,10:48:00,31.00,31.00,30.99,31.00,23705
GE,2016-04-28,10:49:00,31.00,31.00,30.99,31.00,27171
GE,2016-04-28,10:50:00,30.99,31.00,30.99,31.00,97299
GE,2016-04-28,10:51:00,30.99,31.00,30.99,31.00,9747
GE,2016-04-28,10:52:00,31.00,31.00,30.99,30.99,22172
GE,2016-04-28,10:53:00,30.99,30.99,30.98,30.99,110159
GE,2016-04-28,10:54:00,30.99,31.00,30.98,31.00,40310
GE,2016-04-28,10:55:00,30.99,31.00,30.99,31.00,27027
GE,2016-04-28,10:56:00,31.00,31.02,30.99,31.02,129766
GE,2016-04-28,10:57:00,31.02,31.03,31.02,31.02,46021
GE,2016-04-28,10:58:00,31.02,31.03,31.02,31.03,37316
GE,2016-04-28,10:59:00,31.02,31.04,31.02,31.04,86023
GE,2016-04-28,11:00:00,31.04,31.04,31.02,31.04,68873
GE,2016-04-28,11:01:00,31.04,31.05,31.03,31.03,53661
GE,2016-04-28,11:02:00,31.03,31.05,31.03,31.05,55147
GE,2016-04-28,11:03:00,31.04,31.05,31.03,31.04,29377
GE,2016-04-28,11:04:00,31.03,31.04,31.03,31.04,15583
GE,2016-04-28,11:05:00,31.04,31.05,31.03,31.05,27671
GE,2016-04-28,11:06:00,31.04,31.06,31.04,31.06,53221
GE,2016-04-28,11:07:00,31.06,31.06,31.05,31.06,23409
GE,2016-04-28,11:08:00,31.06,31.07,31.05,31.07,24512
GE,2016-04-28,11:09:00,31.06,31.07,31.05,31.07,54267
GE,2016-04-28,11:10:00,31.07,31.09,31.07,31.09,41429
GE,2016-04-28,11:11:00,31.09,31.09,31.07,31.08,76775
GE,2016-04-28,11:12:00,31.07,31.08,31.07,31.07,25848
GE,2016-04-28,11:13:00,31.08,31.08,31.06,31.07,95426
GE,2016-04-28,11:14:00,31.07,31.07,31.05,31.05,83640
GE,2016-04-28,11:15:00,31.05,31.07,31.05,31.07,43167
GE,2016-04-28,11:16:00,31.06,31.08,31.06,31.07,46255
GE,2016-04-28,11:17:00,31.08,31.09,31.07,31.08,52493
GE,2016-04-28,11:18:00,31.08,31.09,31.07,31.09,30375
GE,2016-04-28,11:19:00,31.09,31.09,31.08,31.09,19604
GE,2016-04-28,11:20:00,31.09,31.10,31.08,31.10,769246
GE,2016-04-28,11:21:00,31.10,31.13,31.09,31.12,112379
GE,2016-04-28,11:22:00,31.13,31.14,31.12,31.12,54217
GE,2016-04-28,11:23:00,31.13,31.13,31.12,31.13,22294
GE,2016-04-28,11:24:00,31.13,31.16,31.13,31.16,128550
GE,2016-04-28,11:25:00,31.15,31.16,31.15,31.16,65138
GE,2016-04-28,11:26:00,31.16,31.17,31.16,31.17,68627
GE,2016-04-28,11:27:00,31.17,31.18,31.16,31.17,60048
GE,2016-04-28,11:28:00,31.17,31.17,31.16,31.17,22778
GE,2016-04-28,11:29:00,31.17,31.17,31.16,31.17,18375
GE,2016-04-28,11:30:00,31.17,31.18,31.17,31.18,111835
GE,2016-04-28,11:31:00,31.18,31.19,31.17,31.18,245115
GE,2016-04-28,11:32:00,31.18,31.20,31.18,31.20,124514
GE,2016-04-28,11:33:00,31.20,31.20,31.19,31.19,29456
GE,2016-04-28,11:34:00,31.20,31.21,31.20,31.20,212714
GE,2016-04-28,11:35:00,31.21,31.21,31.20,31.20,87414
GE,2016-04-28,11:36:00,31.20,31.21,31.20,31.20,39130
GE,2016-04-28,11:37:00,31.20,31.21,31.20,31.21,28619
GE,2016-04-28,11:38:00,31.20,31.22,31.19,31.22,263176
GE,2016-04-28,11:39:00,31.22,31.22,31.19,31.20,63266
GE,2016-04-28,11:40:00,31.20,31.20,31.19,31.20,25536
GE,2016-04-28,11:41:00,31.20,31.21,31.19,31.20,45505
GE,2016-04-28,11:42:00,31.20,31.22,31.20,31.21,49567
GE,2016-04-28,11:43:00,31.21,31.22,31.20,31.20,46165
GE,2016-04-28,11:44:00,31.20,31.20,31.19,31.20,26737
GE,2016-04-28,11:45:00,31.20,31.20,31.19,31.20,14706
GE,2016-04-28,11:46:00,31.20,31.20,31.19,31.20,11338
GE,2016-04-28,11:47:00,31.19,31.20,31.19,31.20,5206
GE,2016-04-28,11:48:00,31.20,31.20,31.19,31.20,33634
GE,2016-04-28,11:49:00,31.19,31.20,31.19,31.19,10166
GE,2016-04-28,11:50:00,31.19,31.20,31.18,31.18,90841
GE,2016-04-28,11:51:00,31.18,31.20,31.18,31.19,60822
GE,2016-04-28,11:52:00,31.19,31.20,31.19,31.19,65826
GE,2016-04-28,11:53:00,31.20,31.22,31.19,31.21,77395
GE,2016-04-28,11:54:00,31.21,31.22,31.20,31.21,50720
GE,2016-04-28,11:55:00,31.21,31.22,31.21,31.21,24529
GE,2016-04-28,11:56:00,31.21,31.21,31.20,31.20,22823
GE,2016-04-28,11:57:00,31.21,31.21,31.20,31.20,44986
GE,2016-04-28,11:58:00,31.19,31.21,31.19,31.20,45357
GE,2016-04-28,11:59:00,31.20,31.21,31.20,31.20,6259
GE,2016-04-28,12:00:00,31.20,31.21,31.19,31.20,139241
GE,2016-04-28,12:01:00,31.20,31.21,31.19,31.21,77490
GE,2016-04-28,12:02:00,31.20,31.21,31.20,31.20,19547
GE,2016-04-28,12:03:00,31.20,31.21,31.20,31.20,6210
GE,2016-04-28,12:04:00,31.21,31.21,31.19,31.20,43367
GE,2016-04-28,12:05:00,31.20,31.20,31.19,31.20,10971
GE,2016-04-28,12:06:00,31.20,31.21,31.19,31.20,45808
GE,2016-04-28,12:07:00,31.20,31.21,31.20,31.21,44472
GE,2016-04-28,12:08:00,31.20,31.21,31.19,31.20,45206
GE,2016-04-28,12:09:00,31.19,31.20,31.19,31.19,15432
GE,2016-04-28,12:10:00,31.20,31.20,31.19,31.20,13608
GE,2016-04-28,12:11:00,31.19,31.20,31.19,31.20,95149
GE,2016-04-28,12:12:00,31.20,31.20,31.19,31.20,10923
GE,2016-04-28,12:13:00,31.19,31.20,31.19,31.20,9020
GE,2016-04-28,12:14:00,31.20,31.20,31.19,31.19,20901
GE,2016-04-28,12:15:00,31.20,31.20,31.18,31.18,53613
GE,2016-04-28,12:16:00,31.18,31.19,31.17,31.17,69714
GE,2016-04-28,12:17:00,31.17,31.18,31.17,31.17,99414
GE,2016-04-28,12:18:00,31.17,31.18,31.16,31.17,80532
GE,2016-04-28,12:19:00,31.17,31.18,31.15,31.15,82205
GE,2016-04-28,12:20:00,31.15,31.16,31.15,31.16,92406
GE,2016-04-28,12:21:00,31.16,31.16,31.14,31.15,162623
GE,2016-04-28,12:22:00,31.14,31.16,31.14,31.16,47156
GE,2016-04-28,12:23:00,31.15,31.16,31.14,31.15,28930
GE,2016-04-28,12:24:00,31.16,31.16,31.15,31.16,14181
GE,2016-04-28,12:25:00,31.15,31.16,31.15,31.16,21538
GE,2016-04-28,12:26:00,31.16,31.16,31.15,31.16,34581
GE,2016-04-28,12:27:00,31.16,31.17,31.15,31.16,51456
GE,2016-04-28,12:28:00,31.16,31.17,31.16,31.16,10005
GE,2016-04-28,12:29:00,31.16,31.17,31.16,31.17,12435
GE,2016-04-28,12:30:00,31.16,31.17,31.16,31.16,9978
GE,2016-04-28,12:31:00,31.16,31.17,31.16,31.17,45662
GE,2016-04-28,12:32:00,31.16,31.17,31.16,31.16,30569
GE,2016-04-28,12:33:00,31.16,31.17,31.16,31.17,22498
GE,2016-04-28,12:34:00,31.17,31.18,31.16,31.18,30729
GE,2016-04-28,12:35:00,31.18,31.19,31.17,31.19,54382
GE,2016-04-28,12:36:00,31.18,31.19,31.17,31.18,45420
GE,2016-04-28,12:37:00,31.18,31.19,31.17,31.19,80665
GE,2016-04-28,12:38:00,31.19,31.19,31.18,31.18,17537
GE,2016-04-28,12:39:00,31.19,31.19,31.18,31.18,24927
GE,2016-04-28,12:40:00,31.18,31.19,31.18,31.18,56677
GE,2016-04-28,12:41:00,31.17,31.18,31.17,31.18,21773
GE,2016-04-28,12:42:00,31.17,31.18,31.16,31.16,40318
GE,2016-04-28,12:43:00,31.16,31.18,31.16,31.17,175673
GE,2016-04-28,12:44:00,31.17,31.18,31.17,31.17,28595
GE,2016-04-28,12:45:00,31.17,31.18,31.15,31.15,37656
GE,2016-04-28,12:46:00,31.16,31.16,31.15,31.15,12561
GE,2016-04-28,12:47:00,31.16,31.16,31.15,31.15,16046
GE,2016-04-28,12:48:00,31.15,31.16,31.15,31.16,7669
GE,2016-04-28,12:49:00,31.16,31.17,31.15,31.16,73043
GE,2016-04-28,12:50:00,31.16,31.17,31.16,31.16,48347
GE,2016-04-28,12:51:00,31.16,31.17,31.16,31.16,39661
GE,2016-04-28,12:52:00,31.17,31.17,31.16,31.17,14765
GE,2016-04-28,12:53:00,31.16,31.18,31.16,31.18,57750
GE,2016-04-28,12:54:00,31.18,31.18,31.17,31.17,31545
GE,2016-04-28,12:55:00,31.17,31.19,31.17,31.19,51216
GE,2016-04-28,12:56:00,31.19,31.20,31.18,31.19,65641
GE,2016-04-28,12:57:00,31.18,31.19,31.18,31.18,4691
GE,2016-04-28,12:58:00,31.18,31.19,31.18,31.19,29403
GE,2016-04-28,12:59:00,31.18,31.19,31.18,31.18,11595
GE,2016-04-28,13:00:00,31.18,31.20,31.18,31.20,56472
GE,2016-04-28,13:01:00,31.20,31.20,31.18,31.20,127332
GE,2016-04-28,13:02:00,31.19,31.20,31.19,31.19,32630
GE,2016-04-28,13:03:00,31.20,31.20,31.19,31.19,25290
GE,2016-04-28,13:04:00,31.20,31.20,31.16,31.17,111095
GE,2016-04-28,13:05:00,31.17,31.18,31.16,31.16,47179
GE,2016-04-28,13:06:00,31.16,31.16,31.14,31.16,122588
GE,2016-04-28,13:07:00,31.15,31.16,31.15,31.15,41296
GE,2016-04-28,13:08:00,31.16,31.16,31.14,31.14,59798
GE,2016-04-28,13:09:00,31.14,31.16,31.14,31.15,55898
GE,2016-04-28,13:10:00,31.15,31.16,31.14,31.15,46859
GE,2016-04-28,13:11:00,31.15,31.16,31.14,31.14,36785
GE,2016-04-28,13:12:00,31.14,31.15,31.13,31.14,105711
GE,2016-04-28,13:13:00,31.13,31.14,31.13,31.14,40025
GE,2016-04-28,13:14:00,31.14,31.16,31.13,31.15,50145
GE,2016-04-28,13:15:00,31.16,31.16,31.14,31.15,76719
GE,2016-04-28,13:16:00,31.15,31.16,31.14,31.14,97642
GE,2016-04-28,13:17:00,31.14,31.15,31.13,31.14,232664
GE,2016-04-28,13:18:00,31.14,31.14,31.13,31.14,123344
GE,2016-04-28,13:19:00,31.14,31.15,31.13,31.15,69819
GE,2016-04-28,13:20:00,31.15,31.15,31.14,31.15,35024
GE,2016-04-28,13:21:00,31.15,31.18,31.14,31.18,277948
GE,2016-04-28,13:22:00,31.17,31.18,31.15,31.16,113843
GE,2016-04-28,13:23:00,31.16,31.16,31.14,31.16,313128
GE,2016-04-28,13:24:00,31.16,31.16,31.14,31.15,30739
GE,2016-04-28,13:25:00,31.14,31.15,31.14,31.15,10875
GE,2016-04-28,13:26:00,31.15,31.15,31.13,31.14,79378
GE,2016-04-28,13:27:00,31.13,31.14,31.12,31.14,93051
GE,2016-04-28,13:28:00,31.14,31.14,31.13,31.14,4842
GE,2016-04-28,13:29:00,31.14,31.14,31.13,31.14,11640
GE,2016-04-28,13:30:00,31.14,31.14,31.13,31.14,16240
GE,2016-04-28,13:31:00,31.14,31.14,31.13,31.14,5956
GE,2016-04-28,13:32:00,31.14,31.14,31.13,31.13,15020
GE,2016-04-28,13:33:00,31.13,31.14,31.12,31.13,84062
GE,2016-04-28,13:34:00,31.12,31.14,31.12,31.12,108614
GE,2016-04-28,13:35:00,31.12,31.14,31.12,31.13,80313
GE,2016-04-28,13:36:00,31.13,31.14,31.12,31.13,42723
GE,2016-04-28,13:37:00,31.12,31.13,31.12,31.13,16117
GE,2016-04-28,13:38:00,31.12,31.13,31.12,31.12,6141
GE,2016-04-28,13:39:00,31.13,31.15,31.12,31.15,49668
GE,2016-04-28,13:40:00,31.15,31.15,31.14,31.15,14122
GE,2016-04-28,13:41:00,31.14,31.15,31.14,31.14,46860
GE,2016-04-28,13:42:00,31.14,31.15,31.14,31.14,36703
GE,2016-04-28,13:43:00,31.14,31.15,31.14,31.14,30704
GE,2016-04-28,13:44:00,31.15,31.15,31.14,31.14,14142
GE,2016-04-28,13:45:00,31.15,31.15,31.14,31.14,14200
GE,2016-04-28,13:46:00,31.14,31.15,31.14,31.14,65006
GE,2016-04-28,13:47:00,31.14,31.15,31.14,31.14,9128
GE,2016-04-28,13:48:00,31.15,31.15,31.14,31.15,44684
GE,2016-04-28,13:49:00,31.15,31.15,31.14,31.14,11634
GE,2016-04-28,13:50:00,31.15,31.17,31.14,31.16,67032
GE,2016-04-28,13:51:00,31.16,31.17,31.16,31.17,12620
GE,2016-04-28,13:52:00,31.16,31.17,31.16,31.16,18456
GE,2016-04-28,13:53:00,31.16,31.17,31.16,31.16,12593
GE,2016-04-28,13:54:00,31.16,31.17,31.16,31.17,18318
GE,2016-04-28,13:55:00,31.16,31.17,31.16,31.17,13125
GE,2016-04-28,13:56:00,31.16,31.17,31.16,31.16,35413
GE,2016-04-28,13:57:00,31.16,31.17,31.14,31.14,85556
GE,2016-04-28,13:58:00,31.14,31.15,31.13,31.15,97941
GE,2016-04-28,13:59:00,31.15,31.15,31.14,31.15,7711
GE,2016-04-28,14:00:00,31.14,31.15,31.14,31.14,10727
GE,2016-04-28,14:01:00,31.15,31.15,31.14,31.14,11285
GE,2016-04-28,14:02:00,31.15,31.15,31.14,31.15,35402
GE,2016-04-28,14:03:00,31.15,31.17,31.14,31.17,42065
GE,2016-04-28,14:04:00,31.16,31.17,31.16,31.16,12867
GE,2016-04-28,14:05:00,31.17,31.17,31.14,31.15,52495
GE,2016-04-28,14:06:00,31.15,31.17,31.14,31.16,114103
GE,2016-04-28,14:07:00,31.16,31.16,31.15,31.15,14721
GE,2016-04-28,14:08:00,31.15,31.16,31.15,31.16,41058
GE,2016-04-28,14:09:00,31.16,31.16,31.14,31.14,30887
GE,2016-04-28,14:10:00,31.14,31.15,31.14,31.14,17449
GE,2016-04-28,14:11:00,31.14,31.16,31.14,31.15,104218
GE,2016-04-28,14:12:00,31.14,31.15,31.13,31.14,22294
GE,2016-04-28,14:13:00,31.14,31.14,31.13,31.14,4217
GE,2016-04-28,14:14:00,31.14,31.15,31.13,31.14,207639
GE,2016-04-28,14:15:00,31.14,31.15,31.14,31.14,19328
GE,2016-04-28,14:16:00,31.15,31.15,31.14,31.14,40605
GE,2016-04-28,14:17:00,31.14,31.15,31.14,31.15,31475
GE,2016-04-28,14:18:00,31.15,31.15,31.14,31.15,14234
GE,2016-04-28,14:19:00,31.14,31.15,31.13,31.13,78730
GE,2016-04-28,14:20:00,31.14,31.14,31.13,31.13,11945
GE,2016-04-28,14:21:00,31.13,31.14,31.12,31.12,90934
GE,2016-04-28,14:22:00,31.12,31.14,31.12,31.13,56933
GE,2016-04-28,14:23:00,31.14,31.14,31.12,31.12,28116
GE,2016-04-28,14:24:00,31.12,31.14,31.12,31.14,47003
GE,2016-04-28,14:25:00,31.14,31.15,31.13,31.15,36784
GE,2016-04-28,14:26:00,31.14,31.15,31.14,31.14,7890
GE,2016-04-28,14:27:00,31.15,31.15,31.13,31.14,117912
GE,2016-04-28,14:28:00,31.14,31.16,31.13,31.16,95297
GE,2016-04-28,14:29:00,31.16,31.16,31.14,31.14,58864
GE,2016-04-28,14:30:00,31.14,31.15,31.14,31.14,27656
GE,2016-04-28,14:31:00,31.14,31.15,31.14,31.14,68249
GE,2016-04-28,14:32:00,31.14,31.15,31.13,31.13,85017
GE,2016-04-28,14:33:00,31.13,31.14,31.13,31.13,81826
GE,2016-04-28,14:34:00,31.13,31.14,31.13,31.13,58331
GE,2016-04-28,14:35:00,31.13,31.14,31.13,31.13,8548
GE,2016-04-28,14:36:00,31.13,31.14,31.13,31.13,14638
GE,2016-04-28,14:37:00,31.13,31.14,31.13,31.13,33067
GE,2016-04-28,14:38:00,31.13,31.14,31.11,31.11,107694
GE,2016-04-28,14:39:00,31.11,31.13,31.11,31.12,123236
GE,2016-04-28,14:40:00,31.12,31.13,31.11,31.11,44187
GE,2016-04-28,14:41:00,31.11,31.12,31.11,31.12,13187
GE,2016-04-28,14:42:00,31.11,31.12,31.11,31.11,27150
GE,2016-04-28,14:43:00,31.12,31.13,31.11,31.13,65312
GE,2016-04-28,14:44:00,31.13,31.15,31.12,31.14,164615
GE,2016-04-28,14:45:00,31.14,31.14,31.12,31.13,63244
GE,2016-04-28,14:46:00,31.13,31.14,31.11,31.11,86755
GE,2016-04-28,14:47:00,31.11,31.12,31.10,31.10,33005
GE,2016-04-28,14:48:00,31.10,31.11,31.09,31.09,28054
GE,2016-04-28,14:49:00,31.09,31.10,31.08,31.09,31394
GE,2016-04-28,14:50:00,31.09,31.09,31.08,31.08,34483
GE,2016-04-28,14:51:00,31.08,31.09,31.06,31.07,36341
GE,2016-04-28,14:52:00,31.07,31.07,31.06,31.06,20511
GE,2016-04-28,14:53:00,31.06,31.07,31.06,31.06,18400
GE,2016-04-28,14:54:00,31.06,31.08,31.05,31.08,84249
GE,2016-04-28,14:55:00,31.07,31.08,31.06,31.06,23868
GE,2016-04-28,14:56:00,31.06,31.07,31.05,31.05,13091
GE,2016-04-28,14:57:00,31.05,31.06,31.04,31.05,77677
GE,2016-04-28,14:58:00,31.05,31.06,31.05,31.05,21235
GE,2016-04-28,14:59:00,31.05,31.06,31.05,31.05,20997
GE,2016-04-28,15:00:00,31.05,31.07,31.05,31.07,35642
GE,2016-04-28,15:01:00,31.07,31.07,31.05,31.06,25981
GE,2016-04-28,15:02:00,31.05,31.06,31.03,31.03,44940
GE,2016-04-28,15:03:00,31.03,31.05,31.02,31.05,104568
GE,2016-04-28,15:04:00,31.04,31.05,31.03,31.03,23027
GE,2016-04-28,15:05:00,31.03,31.04,31.02,31.04,29168
GE,2016-04-28,15:06:00,31.04,31.04,31.03,31.03,27823
GE,2016-04-28,15:07:00,31.03,31.04,31.01,31.01,22852
GE,2016-04-28,15:08:00,31.01,31.03,31.01,31.02,42600
GE,2016-04-28,15:09:00,31.02,31.03,31.01,31.01,19527
GE,2016-04-28,15:10:00,31.01,31.02,31.00,31.00,19745
GE,2016-04-28,15:11:00,31.00,31.00,30.98,30.99,64698
GE,2016-04-28,15:12:00,30.99,30.99,30.96,30.98,95860
GE,2016-04-28,15:13:00,30.98,30.98,30.96,30.96,26332
GE,2016-04-28,15:14:00,30.96,30.97,30.93,30.94,65823
GE,2016-04-28,15:15:00,30.94,30.96,30.92,30.93,52386
GE,2016-04-28,15:16:00,30.92,30.93,30.90,30.92,78139
GE,2016-04-28,15:17:00,30.93,30.93,30.91,30.91,36505
GE,2016-04-28,15:18:00,30.91,30.95,30.91,30.95,86802
GE,2016-04-28,15:19:00,30.95,30.95,30.91,30.91,126192
GE,2016-04-28,15:20:00,30.91,30.93,30.91,30.91,57397
GE,2016-04-28,15:21:00,30.91,30.93,30.91,30.92,59306
GE,2016-04-28,15:22:00,30.92,30.93,30.91,30.91,52077
GE,2016-04-28,15:23:00,30.91,30.92,30.89,30.89,171139
GE,2016-04-28,15:24:00,30.89,30.92,30.89,30.91,112634
GE,2016-04-28,15:25:00,30.91,30.91,30.90,30.90,52874
GE,2016-04-28,15:26:00,30.90,30.91,30.85,30.87,305768
GE,2016-04-28,15:27:00,30.88,30.91,30.87,30.90,115281
GE,2016-04-28,15:28:00,30.90,30.93,30.89,30.91,163651
GE,2016-04-28,15:29:00,30.91,30.92,30.88,30.88,72998
GE,2016-04-28,15:30:00,30.88,30.88,30.83,30.84,72589
GE,2016-04-28,15:31:00,30.84,30.88,30.84,30.86,193821
GE,2016-04-28,15:32:00,30.86,30.87,30.85,30.87,73043
GE,2016-04-28,15:33:00,30.87,30.89,30.86,30.87,116409
GE,2016-04-28,15:34:00,30.87,30.87,30.83,30.83,113779
GE,2016-04-28,15:35:00,30.83,30.84,30.83,30.83,30755
GE,2016-04-28,15:36:00,30.83,30.86,30.83,30.86,162415
GE,2016-04-28,15:37:00,30.86,30.87,30.85,30.86,200285
GE,2016-04-28,15:38:00,30.86,30.86,30.83,30.84,172084
GE,2016-04-28,15:39:00,30.84,30.86,30.83,30.85,39281
GE,2016-04-28,15:40:00,30.86,30.89,30.85,30.86,146460
GE,2016-04-28,15:41:00,30.86,30.88,30.86,30.87,95824
GE,2016-04-28,15:42:00,30.88,30.89,30.86,30.88,154020
GE,2016-04-28,15:43:00,30.87,30.88,30.84,30.85,112215
GE,2016-04-28,15:44:00,30.86,30.87,30.84,30.87,116631
GE,2016-04-28,15:45:00,30.88,30.88,30.86,30.88,164244
GE,2016-04-28,15:46:00,30.88,30.91,30.87,30.91,150812
GE,2016-04-28,15:47:00,30.91,30.92,30.91,30.91,202878
GE,2016-04-28,15:48:00,30.91,30.95,30.91,30.92,123926
GE,2016-04-28,15:49:00,30.92,30.93,30.89,30.89,182816
GE,2016-04-28,15:50:00,30.89,30.90,30.85,30.86,124740
GE,2016-04-28,15:51:00,30.86,30.86,30.85,30.86,77028
GE,2016-04-28,15:52:00,30.86,30.86,30.84,30.85,107912
GE,2016-04-28,15:53:00,30.86,30.86,30.85,30.85,68674
GE,2016-04-28,15:54:00,30.86,30.86,30.83,30.83,140730
GE,2016-04-28,15:55:00,30.84,30.84,30.81,30.83,196839
GE,2016-04-28,15:56:00,30.83,30.85,30.82,30.83,156062
GE,2016-04-28,15:57:00,30.83,30.84,30.82,30.82,222076
GE,2016-04-28,15:58:00,30.82,30.84,30.82,30.84,212342
GE,2016-04-28,15:59:00,30.84,30.85,30.83,30.85,423549
GE,2016-04-28,16:00:00,30.85,30.91,30.84,30.91,1205018
GE,2016-04-29,09:30:00,30.75,30.76,30.75,30.75,5900
GE,2016-04-29,09:31:00,30.75,30.77,30.74,30.75,456267
GE,2016-04-29,09:32:00,30.76,30.80,30.76,30.80,141755
GE,2016-04-29,09:33:00,30.80,30.82,30.80,30.81,53592
GE,2016-04-29,09:34:00,30.82,30.85,30.81,30.82,70818
GE,2016-04-29,09:35:00,30.81,30.85,30.81,30.84,17106
GE,2016-04-29,09:36:00,30.83,30.86,30.82,30.84,95622
GE,2016-04-29,09:37:00,30.84,30.88,30.83,30.88,222290
GE,2016-04-29,09:38:00,30.88,30.92,30.87,30.91,67487
GE,2016-04-29,09:39:00,30.91,30.92,30.89,30.89,86762
GE,2016-04-29,09:40:00,30.89,30.91,30.89,30.90,69018
GE,2016-04-29,09:41:00,30.91,30.91,30.89,30.91,113717
GE,2016-04-29,09:42:00,30.91,30.92,30.90,30.90,86346
GE,2016-04-29,09:43:00,30.90,30.91,30.89,30.89,134221
GE,2016-04-29,09:44:00,30.90,30.92,30.89,30.89,245043
GE,2016-04-29,09:45:00,30.90,30.93,30.90,30.93,49893
GE,2016-04-29,09:46:00,30.93,30.94,30.92,30.93,62300
GE,2016-04-29,09:47:00,30.92,30.93,30.90,30.91,87131
GE,2016-04-29,09:48:00,30.91,30.92,30.91,30.91,59381
GE,2016-04-29,09:49:00,30.92,30.92,30.89,30.89,97844
GE,2016-04-29,09:50:00,30.90,30.90,30.86,30.87,83277
GE,2016-04-29,09:51:00,30.87,30.87,30.85,30.85,61789
GE,2016-04-29,09:52:00,30.86,30.86,30.81,30.81,65008
GE,2016-04-29,09:53:00,30.81,30.82,30.79,30.80,67775
GE,2016-04-29,09:54:00,30.79,30.80,30.78,30.80,94191
GE,2016-04-29,09:55:00,30.79,30.80,30.79,30.79,19709
GE,2016-04-29,09:56:00,30.80,30.81,30.79,30.80,105380
GE,2016-04-29,09:57:00,30.80,30.82,30.79,30.79,23842
GE,2016-04-29,09:58:00,30.80,30.81,30.80,30.80,67905
GE,2016-04-29,09:59:00,30.80,30.81,30.80,30.80,43975
GE,2016-04-29,10:00:00,30.80,30.82,30.80,30.82,34546
GE,2016-04-29,10:01:00,30.81,30.81,30.80,30.80,45299
GE,2016-04-29,10:02:00,30.80,30.81,30.78,30.78,174518
GE,2016-04-29,10:03:00,30.79,30.79,30.76,30.79,78289
GE,2016-04-29,10:04:00,30.79,30.80,30.78,30.79,69487
GE,2016-04-29,10:05:00,30.78,30.80,30.76,30.79,108869
GE,2016-04-29,10:06:00,30.78,30.80,30.78,30.80,19315
GE,2016-04-29,10:07:00,30.80,30.81,30.78,30.81,244562
GE,2016-04-29,10:08:00,30.80,30.82,30.79,30.80,53131
GE,2016-04-29,10:09:00,30.80,30.84,30.80,30.84,84290
GE,2016-04-29,10:10:00,30.83,30.86,30.83,30.83,87081
GE,2016-04-29,10:11:00,30.83,30.85,30.83,30.85,59432
GE,2016-04-29,10:12:00,30.84,30.86,30.84,30.86,37528
GE,2016-04-29,10:13:00,30.86,30.88,30.84,30.86,106279
GE,2016-04-29,10:14:00,30.86,30.87,30.85,30.85,33146
GE,2016-04-29,10:15:00,30.85,30.86,30.84,30.84,43468
GE,2016-04-29,10:16:00,30.84,30.85,30.83,30.84,37335
GE,2016-04-29,10:17:00,30.84,30.87,30.84,30.86,51833
GE,2016-04-29,10:18:00,30.86,30.88,30.86,30.88,47420
GE,2016-04-29,10:19:00,30.87,30.89,30.86,30.88,73372
GE,2016-04-29,10:20:00,30.88,30.90,30.86,30.89,85376
GE,2016-04-29,10:21:00,30.89,30.92,30.89,30.92,66336
GE,2016-04-29,10:22:00,30.91,30.93,30.91,30.91,79544
GE,2016-04-29,10:23:00,30.92,30.93,30.91,30.92,34300
GE,2016-04-29,10:24:00,30.92,30.93,30.90,30.93,75400
GE,2016-04-29,10:25:00,30.93,30.95,30.92,30.93,66858
GE,2016-04-29,10:26:00,30.93,30.94,30.92,30.93,36836
GE,2016-04-29,10:27:00,30.92,30.93,30.91,30.91,82080
GE,2016-04-29,10:28:00,30.91,30.92,30.90,30.92,49380
GE,2016-04-29,10:29:00,30.92,30.92,30.89,30.89,152636
GE,2016-04-29,10:30:00,30.90,30.90,30.88,30.89,77720
GE,2016-04-29,10:31:00,30.89,30.91,30.89,30.90,25302
GE,2016-04-29,10:32:00,30.91,30.91,30.88,30.90,78780
GE,2016-04-29,10:33:00,30.90,30.93,30.90,30.93,96942
GE,2016-04-29,10:34:00,30.93,30.93,30.91,30.92,39063
GE,2016-04-29,10:35:00,30.92,30.93,30.91,30.91,46842
GE,2016-04-29,10:36:00,30.91,30.95,30.91,30.94,43703
GE,2016-04-29,10:37:00,30.95,30.95,30.93,30.93,26647
GE,2016-04-29,10:38:00,30.93,30.94,30.91,30.93,50386
GE,2016-04-29,10:39:00,30.93,30.95,30.93,30.95,28609
GE,2016-04-29,10:40:00,30.95,30.96,30.95,30.95,44348
GE,2016-04-29,10:41:00,30.96,30.97,30.95,30.96,85416
GE,2016-04-29,10:42:00,30.96,30.96,30.95,30.95,38395
GE,2016-04-29,10:43:00,30.95,30.96,30.93,30.93,27592
GE,2016-04-29,10:44:00,30.94,30.94,30.91,30.93,54908
GE,2016-04-29,10:45:00,30.93,30.94,30.92,30.92,20542
GE,2016-04-29,10:46:00,30.92,30.92,30.90,30.91,37795
GE,2016-04-29,10:47:00,30.91,30.91,30.90,30.90,31309
GE,2016-04-29,10:48:00,30.91,30.91,30.88,30.88,95779
GE,2016-04-29,10:49:00,30.88,30.89,30.88,30.88,12738
GE,2016-04-29,10:50:00,30.88,30.89,30.86,30.86,34654
GE,2016-04-29,10:51:00,30.86,30.87,30.82,30.82,70244
GE,2016-04-29,10:52:00,30.82,30.83,30.81,30.81,26637
GE,2016-04-29,10:53:00,30.81,30.81,30.79,30.79,91453
GE,2016-04-29,10:54:00,30.79,30.81,30.78,30.78,68084
GE,2016-04-29,10:55:00,30.78,30.80,30.78,30.79,131939
GE,2016-04-29,10:56:00,30.80,30.82,30.79,30.82,32180
GE,2016-04-29,10:57:00,30.81,30.82,30.81,30.82,47331
GE,2016-04-29,10:58:00,30.82,30.84,30.81,30.84,138206
GE,2016-04-29,10:59:00,30.83,30.84,30.82,30.82,64470
GE,2016-04-29,11:00:00,30.82,30.83,30.82,30.82,8155
GE,2016-04-29,11:01:00,30.82,30.84,30.82,30.84,31248
GE,2016-04-29,11:02:00,30.84,30.86,30.83,30.86,41402
GE,2016-04-29,11:03:00,30.86,30.86,30.80,30.81,83071
GE,2016-04-29,11:04:00,30.80,30.84,30.80,30.83,30128
GE,2016-04-29,11:05:00,30.83,30.85,30.82,30.84,24429
GE,2016-04-29,11:06:00,30.84,30.87,30.84,30.86,32148
GE,2016-04-29,11:07:00,30.86,30.87,30.85,30.87,25026
GE,2016-04-29,11:08:00,30.87,30.88,30.86,30.86,101524
GE,2016-04-29,11:09:00,30.86,30.88,30.86,30.86,46009
GE,2016-04-29,11:10:00,30.86,30.87,30.86,30.86,5034
GE,2016-04-29,11:11:00,30.86,30.86,30.85,30.85,39805
GE,2016-04-29,11:12:00,30.86,30.87,30.85,30.86,40551
GE,2016-04-29,11:13:00,30.86,30.89,30.86,30.89,59244
GE,2016-04-29,11:14:00,30.89,30.91,30.89,30.91,50524
GE,2016-04-29,11:15:00,30.91,30.92,30.91,30.91,61106
GE,2016-04-29,11:16:00,30.91,30.91,30.89,30.89,78604
GE,2016-04-29,11:17:00,30.89,30.90,30.88,30.90,45577
GE,2016-04-29,11:18:00,30.89,30.90,30.88,30.88,69924
GE,2016-04-29,11:19:00,30.87,30.88,30.85,30.86,38260
GE,2016-04-29,11:20:00,30.86,30.86,30.84,30.84,41951
GE,2016-04-29,11:21:00,30.84,30.86,30.83,30.86,55925
GE,2016-04-29,11:22:00,30.86,30.87,30.84,30.84,41018
GE,2016-04-29,11:23:00,30.85,30.85,30.83,30.83,34605
GE,2016-04-29,11:24:00,30.83,30.86,30.83,30.86,69983
GE,2016-04-29,11:25:00,30.85,30.86,30.83,30.84,29126
GE,2016-04-29,11:26:00,30.84,30.85,30.83,30.84,19358
GE,2016-04-29,11:27:00,30.84,30.86,30.84,30.84,28028
GE,2016-04-29,11:28:00,30.84,30.86,30.84,30.85,27166
GE,2016-04-29,11:29:00,30.86,30.86,30.84,30.85,51945
GE,2016-04-29,11:30:00,30.85,30.85,30.84,30.85,9197
GE,2016-04-29,11:31:00,30.85,30.85,30.84,30.85,18017
GE,2016-04-29,11:32:00,30.85,30.85,30.84,30.84,8566
GE,2016-04-29,11:33:00,30.85,30.85,30.84,30.84,20177
GE,2016-04-29,11:34:00,30.84,30.85,30.83,30.85,154170
GE,2016-04-29,11:35:00,30.85,30.86,30.84,30.85,38916
GE,2016-04-29,11:36:00,30.85,30.86,30.84,30.86,56803
GE,2016-04-29,11:37:00,30.85,30.86,30.83,30.84,94840
GE,2016-04-29,11:38:00,30.83,30.85,30.82,30.82,163371
GE,2016-04-29,11:39:00,30.82,30.83,30.80,30.81,148335
GE,2016-04-29,11:40:00,30.82,30.83,30.81,30.83,29134
GE,2016-04-29,11:41:00,30.82,30.83,30.82,30.82,16645
GE,2016-04-29,11:42:00,30.82,30.83,30.82,30.82,11605
GE,2016-04-29,11:43:00,30.82,30.83,30.81,30.82,45523
GE,2016-04-29,11:44:00,30.82,30.82,30.80,30.82,68931
GE,2016-04-29,11:45:00,30.81,30.82,30.80,30.80,66397
GE,2016-04-29,11:46:00,30.81,30.83,30.80,30.82,72880
GE,2016-04-29,11:47:00,30.82,30.82,30.80,30.80,20121
GE,2016-04-29,11:48:00,30.80,30.82,30.80,30.82,54072
GE,2016-04-29,11:49:00,30.82,30.82,30.81,30.82,48088
GE,2016-04-29,11:50:00,30.82,30.85,30.82,30.84,73685
GE,2016-04-29,11:51:00,30.84,30.85,30.84,30.84,9497
GE,2016-04-29,11:52:00,30.84,30.88,30.84,30.88,180486
GE,2016-04-29,11:53:00,30.88,30.88,30.86,30.87,69877
GE,2016-04-29,11:54:00,30.87,30.89,30.86,30.89,48306
GE,2016-04-29,11:55:00,30.89,30.90,30.88,30.89,42632
GE,2016-04-29,11:56:00,30.89,30.90,30.88,30.89,84445
GE,2016-04-29,11:57:00,30.89,30.89,30.89,30.89,97037
GE,2016-04-29,11:58:00,30.89,30.91,30.89,30.89,87226
GE,2016-04-29,11:59:00,30.90,30.91,30.89,30.89,76833
GE,2016-04-29,12:00:00,30.89,30.90,30.88,30.88,72803
GE,2016-04-29,12:01:00,30.88,30.88,30.86,30.86,40948
GE,2016-04-29,12:02:00,30.86,30.86,30.84,30.84,35764
GE,2016-04-29,12:03:00,30.84,30.85,30.83,30.83,16527
GE,2016-04-29,12:04:00,30.83,30.84,30.83,30.83,14158
GE,2016-04-29,12:05:00,30.83,30.84,30.82,30.82,31823
GE,2016-04-29,12:06:00,30.82,30.83,30.81,30.81,12517
GE,2016-04-29,12:07:00,30.82,30.83,30.82,30.83,54304
GE,2016-04-29,12:08:00,30.82,30.83,30.82,30.82,24242
GE,2016-04-29,12:09:00,30.82,30.82,30.81,30.82,18926
GE,2016-04-29,12:10:00,30.81,30.83,30.81,30.82,42222
GE,2016-04-29,12:11:00,30.82,30.83,30.82,30.82,13314
GE,2016-04-29,12:12:00,30.82,30.82,30.81,30.82,15502
GE,2016-04-29,12:13:00,30.82,30.82,30.81,30.81,6440
GE,2016-04-29,12:14:00,30.81,30.82,30.81,30.81,10265
GE,2016-04-29,12:15:00,30.81,30.82,30.79,30.80,174256
GE,2016-04-29,12:16:00,30.80,30.81,30.80,30.81,30232
GE,2016-04-29,12:17:00,30.81,30.84,30.81,30.84,21273
GE,2016-04-29,12:18:00,30.84,30.84,30.82,30.82,37016
GE,2016-04-29,12:19:00,30.83,30.84,30.82,30.84,15010
GE,2016-04-29,12:20:00,30.84,30.84,30.83,30.84,32237
GE,2016-04-29,12:21:00,30.84,30.84,30.83,30.84,7347
GE,2016-04-29,12:22:00,30.83,30.84,30.83,30.84,12062
GE,2016-04-29,12:23:00,30.83,30.84,30.83,30.84,9544
GE,2016-04-29,12:24:00,30.83,30.84,30.82,30.82,65097
GE,2016-04-29,12:25:00,30.82,30.82,30.82,30.82,6748
GE,2016-04-29,12:26:00,30.82,30.83,30.82,30.82,6000
GE,2016-04-29,12:27:00,30.83,30.83,30.82,30.82,11435
GE,2016-04-29,12:28:00,30.82,30.83,30.82,30.82,11808
GE,2016-04-29,12:29:00,30.82,30.83,30.82,30.82,14753
GE,2016-04-29,12:30:00,30.82,30.83,30.80,30.80,61200
GE,2016-04-29,12:31:00,30.80,30.81,30.80,30.80,52097
GE,2016-04-29,12:32:00,30.80,30.81,30.80,30.81,10957
GE,2016-04-29,12:33:00,30.80,30.82,30.80,30.81,41932
GE,2016-04-29,12:34:00,30.82,30.82,30.80,30.81,42755
GE,2016-04-29,12:35:00,30.82,30.84,30.82,30.84,44205
GE,2016-04-29,12:36:00,30.84,30.84,30.83,30.83,38222
GE,2016-04-29,12:37:00,30.83,30.84,30.83,30.83,45272
GE,2016-04-29,12:38:00,30.84,30.84,30.83,30.84,6739
GE,2016-04-29,12:39:00,30.83,30.85,30.83,30.85,24624
GE,2016-04-29,12:40:00,30.85,30.85,30.84,30.84,16465
GE,2016-04-29,12:41:00,30.84,30.85,30.84,30.84,39712
GE,2016-04-29,12:42:00,30.84,30.84,30.83,30.83,15585
GE,2016-04-29,12:43:00,30.83,30.84,30.83,30.84,17275
GE,2016-04-29,12:44:00,30.84,30.84,30.83,30.83,10580
GE,2016-04-29,12:45:00,30.84,30.85,30.84,30.85,80798
GE,2016-04-29,12:46:00,30.86,30.86,30.85,30.86,34077
GE,2016-04-29,12:47:00,30.86,30.86,30.84,30.85,63126
GE,2016-04-29,12:48:00,30.86,30.86,30.84,30.84,39051
GE,2016-04-29,12:49:00,30.85,30.86,30.84,30.86,18792
GE,2016-04-29,12:50:00,30.86,30.86,30.84,30.86,28716
GE,2016-04-29,12:51:00,30.86,30.86,30.85,30.85,8203
GE,2016-04-29,12:52:00,30.86,30.86,30.85,30.85,15285
GE,2016-04-29,12:53:00,30.86,30.86,30.84,30.85,32338
GE,2016-04-29,12:54:00,30.85,30.85,30.83,30.83,42744
GE,2016-04-29,12:55:00,30.83,30.85,30.83,30.84,10912
GE,2016-04-29,12:56:00,30.84,30.84,30.83,30.84,13895
GE,2016-04-29,12:57:00,30.84,30.84,30.83,30.83,7613
GE,2016-04-29,12:58:00,30.83,30.83,30.81,30.81,62833
GE,2016-04-29,12:59:00,30.81,30.82,30.80,30.80,32397
GE,2016-04-29,13:00:00,30.80,30.81,30.80,30.80,8979
GE,2016-04-29,13:01:00,30.80,30.81,30.80,30.80,11992
GE,2016-04-29,13:02:00,30.81,30.81,30.80,30.80,41377
GE,2016-04-29,13:03:00,30.80,30.81,30.80,30.80,5539
GE,2016-04-29,13:04:00,30.81,30.81,30.80,30.80,6565
GE,2016-04-29,13:05:00,30.80,30.81,30.80,30.80,17632
GE,2016-04-29,13:06:00,30.80,30.81,30.80,30.80,17814
GE,2016-04-29,13:07:00,30.80,30.82,30.80,30.81,53823
GE,2016-04-29,13:08:00,30.82,30.82,30.81,30.82,2495
GE,2016-04-29,13:09:00,30.82,30.82,30.81,30.82,16439
GE,2016-04-29,13:10:00,30.82,30.82,30.80,30.81,138934
GE,2016-04-29,13:11:00,30.81,30.82,30.80,30.80,21980
GE,2016-04-29,13:12:00,30.80,30.81,30.80,30.80,77942
GE,2016-04-29,13:13:00,30.80,30.81,30.80,30.81,4887
GE,2016-04-29,13:14:00,30.80,30.81,30.80,30.80,17975
GE,2016-04-29,13:15:00,30.80,30.81,30.80,30.80,98045
GE,2016-04-29,13:16:00,30.80,30.81,30.80,30.80,4487
GE,2016-04-29,13:17:00,30.80,30.81,30.80,30.80,8778
GE,2016-04-29,13:18:00,30.80,30.81,30.80,30.80,7820
GE,2016-04-29,13:19:00,30.80,30.81,30.80,30.80,5132
GE,2016-04-29,13:20:00,30.80,30.81,30.80,30.80,6515
GE,2016-04-29,13:21:00,30.80,30.81,30.80,30.80,31969
GE,2016-04-29,13:22:00,30.80,30.81,30.80,30.80,9238
GE,2016-04-29,13:23:00,30.81,30.81,30.79,30.80,194703
GE,2016-04-29,13:24:00,30.79,30.80,30.78,30.80,67420
GE,2016-04-29,13:25:00,30.79,30.82,30.79,30.81,34141
GE,2016-04-29,13:26:00,30.82,30.82,30.80,30.80,43859
GE,2016-04-29,13:27:00,30.81,30.81,30.80,30.80,11420
GE,2016-04-29,13:28:00,30.80,30.81,30.80,30.80,6277
GE,2016-04-29,13:29:00,30.80,30.80,30.78,30.79,111190
GE,2016-04-29,13:30:00,30.79,30.80,30.78,30.78,56272
GE,2016-04-29,13:31:00,30.79,30.79,30.78,30.79,8528
GE,2016-04-29,13:32:00,30.79,30.79,30.76,30.77,45319
GE,2016-04-29,13:33:00,30.77,30.77,30.76,30.77,22277
GE,2016-04-29,13:34:00,30.77,30.77,30.76,30.76,14669
GE,2016-04-29,13:35:00,30.76,30.77,30.76,30.77,19710
GE,2016-04-29,13:36:00,30.77,30.77,30.76,30.77,37650
GE,2016-04-29,13:37:00,30.77,30.79,30.76,30.79,61803
GE,2016-04-29,13:38:00,30.79,30.79,30.76,30.76,69344
GE,2016-04-29,13:39:00,30.76,30.76,30.75,30.75,20068
GE,2016-04-29,13:40:00,30.75,30.76,30.75,30.75,7607
GE,2016-04-29,13:41:00,30.75,30.76,30.74,30.75,51033
GE,2016-04-29,13:42:00,30.75,30.75,30.74,30.75,30454
GE,2016-04-29,13:43:00,30.75,30.75,30.73,30.73,73665
GE,2016-04-29,13:44:00,30.73,30.74,30.71,30.72,32690
GE,2016-04-29,13:45:00,30.71,30.72,30.71,30.71,6627
GE,2016-04-29,13:46:00,30.71,30.72,30.70,30.70,61050
GE,2016-04-29,13:47:00,30.70,30.71,30.69,30.70,107016
GE,2016-04-29,13:48:00,30.70,30.71,30.69,30.70,79703
GE,2016-04-29,13:49:00,30.70,30.71,30.70,30.70,34115
GE,2016-04-29,13:50:00,30.70,30.71,30.70,30.70,12760
GE,2016-04-29,13:51:00,30.70,30.71,30.70,30.70,32162
GE,2016-04-29,13:52:00,30.71,30.71,30.70,30.70,116033
GE,2016-04-29,13:53:00,30.70,30.71,30.70,30.71,22212
GE,2016-04-29,13:54:00,30.70,30.73,30.70,30.71,75742
GE,2016-04-29,13:55:00,30.71,30.72,30.71,30.71,28600
GE,2016-04-29,13:56:00,30.71,30.72,30.70,30.71,66889
GE,2016-04-29,13:57:00,30.71,30.72,30.70,30.71,23763
GE,2016-04-29,13:58:00,30.70,30.71,30.70,30.70,9744
GE,2016-04-29,13:59:00,30.70,30.71,30.70,30.70,117933
GE,2016-04-29,14:00:00,30.70,30.72,30.70,30.70,42590
GE,2016-04-29,14:01:00,30.70,30.73,30.70,30.72,46077
GE,2016-04-29,14:02:00,30.72,30.73,30.70,30.70,85169
GE,2016-04-29,14:03:00,30.70,30.72,30.70,30.71,18398
GE,2016-04-29,14:04:00,30.71,30.72,30.70,30.71,103557
GE,2016-04-29,14:05:00,30.70,30.71,30.70,30.71,30985
GE,2016-04-29,14:06:00,30.71,30.72,30.71,30.71,10525
GE,2016-04-29,14:07:00,30.71,30.71,30.70,30.70,16813
GE,2016-04-29,14:08:00,30.70,30.70,30.67,30.68,90524
GE,2016-04-29,14:09:00,30.67,30.68,30.66,30.66,35898
GE,2016-04-29,14:10:00,30.66,30.67,30.65,30.65,86884
GE,2016-04-29,14:11:00,30.65,30.66,30.65,30.66,26014
GE,2016-04-29,14:12:00,30.65,30.66,30.64,30.64,64167
GE,2016-04-29,14:13:00,30.64,30.65,30.64,30.65,20599
GE,2016-04-29,14:14:00,30.64,30.65,30.63,30.63,22760
GE,2016-04-29,14:15:00,30.64,30.65,30.63,30.63,44154
GE,2016-04-29,14:16:00,30.63,30.64,30.63,30.63,20397
GE,2016-04-29,14:17:00,30.63,30.64,30.62,30.62,46021
GE,2016-04-29,14:18:00,30.62,30.62,30.60,30.61,25051
GE,2016-04-29,14:19:00,30.61,30.64,30.61,30.64,48733
GE,2016-04-29,14:20:00,30.64,30.65,30.64,30.65,23738
GE,2016-04-29,14:21:00,30.65,30.65,30.64,30.64,57388
GE,2016-04-29,14:22:00,30.64,30.65,30.64,30.64,23795
GE,2016-04-29,14:23:00,30.64,30.68,30.64,30.68,51634
GE,2016-04-29,14:24:00,30.68,30.68,30.67,30.68,22532
GE,2016-04-29,14:25:00,30.68,30.68,30.67,30.68,22699
GE,2016-04-29,14:26:00,30.67,30.68,30.65,30.65,52359
GE,2016-04-29,14:27:00,30.66,30.67,30.65,30.66,57304
GE,2016-04-29,14:28:00,30.66,30.70,30.66,30.69,43457
GE,2016-04-29,14:29:00,30.69,30.69,30.68,30.68,15866
GE,2016-04-29,14:30:00,30.69,30.71,30.68,30.68,64746
GE,2016-04-29,14:31:00,30.69,30.69,30.68,30.68,8960
GE,2016-04-29,14:32:00,30.68,30.69,30.67,30.68,47869
GE,2016-04-29,14:33:00,30.67,30.70,30.67,30.69,102587
GE,2016-04-29,14:34:00,30.68,30.70,30.68,30.68,20465
GE,2016-04-29,14:35:00,30.69,30.70,30.68,30.70,12289
GE,2016-04-29,14:36:00,30.70,30.70,30.68,30.68,35100
GE,2016-04-29,14:37:00,30.68,30.69,30.68,30.69,14039
GE,2016-04-29,14:38:00,30.68,30.69,30.68,30.69,9818
GE,2016-04-29,14:39:00,30.68,30.69,30.68,30.69,63089
GE,2016-04-29,14:40:00,30.68,30.69,30.68,30.69,9415
GE,2016-04-29,14:41:00,30.69,30.69,30.68,30.69,14933
GE,2016-04-29,14:42:00,30.68,30.69,30.68,30.68,43115
GE,2016-04-29,14:43:00,30.69,30.70,30.68,30.68,81300
GE,2016-04-29,14:44:00,30.69,30.69,30.68,30.68,5296
GE,2016-04-29,14:45:00,30.68,30.70,30.68,30.70,24130
GE,2016-04-29,14:46:00,30.70,30.70,30.69,30.70,16955
GE,2016-04-29,14:47:00,30.70,30.71,30.69,30.70,25686
GE,2016-04-29,14:48:00,30.71,30.72,30.70,30.71,32999
GE,2016-04-29,14:49:00,30.71,30.72,30.71,30.72,13476
GE,2016-04-29,14:50:00,30.72,30.73,30.71,30.72,51777
GE,2016-04-29,14:51:00,30.72,30.72,30.68,30.68,75471
GE,2016-04-29,14:52:00,30.68,30.69,30.68,30.68,41215
GE,2016-04-29,14:53:00,30.69,30.69,30.67,30.68,52308
GE,2016-04-29,14:54:00,30.68,30.69,30.67,30.69,34475
GE,2016-04-29,14:55:00,30.68,30.69,30.68,30.69,4737
GE,2016-04-29,14:56:00,30.69,30.70,30.68,30.69,37553
GE,2016-04-29,14:57:00,30.68,30.69,30.67,30.68,100045
GE,2016-04-29,14:58:00,30.68,30.68,30.67,30.68,23446
GE,2016-04-29,14:59:00,30.68,30.68,30.67,30.67,69276
GE,2016-04-29,15:00:00,30.67,30.67,30.66,30.66,21536
GE,2016-04-29,15:01:00,30.66,30.70,30.66,30.68,65041
GE,2016-04-29,15:02:00,30.68,30.71,30.68,30.70,25082
GE,2016-04-29,15:03:00,30.71,30.71,30.68,30.68,80844
GE,2016-04-29,15:04:00,30.68,30.68,30.67,30.68,13039
GE,2016-04-29,15:05:00,30.68,30.69,30.67,30.68,33991
GE,2016-04-29,15:06:00,30.68,30.68,30.67,30.68,10236
GE,2016-04-29,15:07:00,30.68,30.70,30.67,30.70,18485
GE,2016-04-29,15:08:00,30.70,30.71,30.70,30.70,14197
GE,2016-04-29,15:09:00,30.71,30.73,30.70,30.70,101365
GE,2016-04-29,15:10:00,30.70,30.72,30.70,30.70,44316
GE,2016-04-29,15:11:00,30.70,30.71,30.68,30.68,51211
GE,2016-04-29,15:12:00,30.68,30.70,30.67,30.70,33855
GE,2016-04-29,15:13:00,30.69,30.71,30.68,30.70,47822
GE,2016-04-29,15:14:00,30.70,30.71,30.70,30.70,6979
GE,2016-04-29,15:15:00,30.70,30.73,30.70,30.70,92924
GE,2016-04-29,15:16:00,30.70,30.74,30.70,30.74,156080
GE,2016-04-29,15:17:00,30.73,30.74,30.70,30.71,47795
GE,2016-04-29,15:18:00,30.72,30.72,30.70,30.70,37789
GE,2016-04-29,15:19:00,30.71,30.73,30.70,30.70,35677
GE,2016-04-29,15:20:00,30.71,30.71,30.69,30.70,25925
GE,2016-04-29,15:21:00,30.71,30.71,30.69,30.69,37316
GE,2016-04-29,15:22:00,30.70,30.70,30.68,30.70,30813
GE,2016-04-29,15:23:00,30.70,30.72,30.69,30.72,47063
GE,2016-04-29,15:24:00,30.72,30.73,30.70,30.70,104068
GE,2016-04-29,15:25:00,30.71,30.72,30.70,30.70,45210
GE,2016-04-29,15:26:00,30.71,30.71,30.70,30.71,22186
GE,2016-04-29,15:27:00,30.71,30.72,30.70,30.71,43602
GE,2016-04-29,15:28:00,30.71,30.71,30.69,30.71,70069
GE,2016-04-29,15:29:00,30.71,30.71,30.70,30.70,155993
GE,2016-04-29,15:30:00,30.70,30.73,30.70,30.71,85331
GE,2016-04-29,15:31:00,30.71,30.74,30.70,30.74,48142
GE,2016-04-29,15:32:00,30.74,30.74,30.73,30.74,24595
GE,2016-04-29,15:33:00,30.74,30.79,30.74,30.78,142763
GE,2016-04-29,15:34:00,30.78,30.81,30.78,30.79,131927
GE,2016-04-29,15:35:00,30.78,30.80,30.77,30.80,47274
GE,2016-04-29,15:36:00,30.80,30.81,30.79,30.79,37940
GE,2016-04-29,15:37:00,30.78,30.79,30.75,30.76,141803
GE,2016-04-29,15:38:00,30.76,30.78,30.75,30.76,90451
GE,2016-04-29,15:39:00,30.77,30.79,30.75,30.77,50830
GE,2016-04-29,15:40:00,30.77,30.78,30.76,30.77,28923
GE,2016-04-29,15:41:00,30.77,30.78,30.76,30.78,56905
GE,2016-04-29,15:42:00,30.78,30.79,30.77,30.77,77313
GE,2016-04-29,15:43:00,30.78,30.79,30.77,30.79,31605
GE,2016-04-29,15:44:00,30.79,30.79,30.77,30.79,51722
GE,2016-04-29,15:45:00,30.78,30.81,30.77,30.81,148507
GE,2016-04-29,15:46:00,30.80,30.85,30.79,30.84,238878
GE,2016-04-29,15:47:00,30.84,30.86,30.84,30.84,153781
GE,2016-04-29,15:48:00,30.84,30.85,30.82,30.83,91388
GE,2016-04-29,15:49:00,30.83,30.83,30.78,30.79,111204
GE,2016-04-29,15:50:00,30.78,30.79,30.76,30.78,162534
GE,2016-04-29,15:51:00,30.77,30.79,30.76,30.78,180447
GE,2016-04-29,15:52:00,30.79,30.79,30.77,30.78,103622
GE,2016-04-29,15:53:00,30.78,30.79,30.76,30.77,85969
GE,2016-04-29,15:54:00,30.77,30.77,30.75,30.76,174510
GE,2016-04-29,15:55:00,30.77,30.79,30.76,30.79,93611
GE,2016-04-29,15:56:00,30.79,30.80,30.77,30.79,244506
GE,2016-04-29,15:57:00,30.79,30.79,30.76,30.78,111300
GE,2016-04-29,15:58:00,30.77,30.78,30.75,30.75,161436
GE,2016-04-29,15:59:00,30.76,30.76,30.73,30.76,325405
GE,2016-04-29,16:00:00,30.76,30.79,30.73,30.76,705317
