Symbol,Date,Open,High,Low,Close,Volume,Adj Close
GM,2016-04-28,31.969999,32.73,31.73,32.439999,13347900,32.439999
GM,2016-04-27,32.18,32.290001,31.99,32.16,6655100,32.16
GM,2016-04-26,32.00,32.299999,31.93,32.189999,8698900,32.189999
GM,2016-04-25,32.09,32.110001,31.60,31.950001,10604800,31.950001
GM,2016-04-22,32.66,32.790001,32.119999,32.18,13824500,32.18
GM,2016-04-21,33.18,33.41,32.470001,32.66,22792300,32.66
GM,2016-04-20,32.00,32.41,32.00,32.189999,12911500,32.189999
GM,2016-04-19,31.65,32.16,31.610001,31.969999,14408300,31.969999
GM,2016-04-18,30.76,31.370001,30.610001,31.309999,15745300,31.309999
GM,2016-04-15,30.68,30.85,30.41,30.559999,8261200,30.559999
GM,2016-04-14,30.84,31.049999,30.639999,30.719999,8218800,30.719999
GM,2016-04-13,30.01,30.870001,29.940001,30.780001,11076800,30.780001
GM,2016-04-12,29.559999,29.77,29.27,29.709999,11214500,29.709999
GM,2016-04-11,29.49,30.040001,29.48,29.530001,8882900,29.530001
GM,2016-04-08,29.67,29.76,29.23,29.370001,8843500,29.370001
GM,2016-04-07,29.85,29.950001,29.18,29.42,12865600,29.42
GM,2016-04-06,29.66,29.950001,29.299999,29.940001,9620300,29.940001
GM,2016-04-05,29.67,29.73,29.35,29.60,9101900,29.60
GM,2016-04-04,30.40,30.48,29.75,29.90,12167300,29.90
GM,2016-04-01,31.18,31.200001,30.32,30.469999,17421700,30.469999
GM,2016-03-31,31.01,31.59,31.00,31.43,10209000,31.43
GM,2016-03-30,31.440001,31.67,30.959999,30.99,13377600,30.99
GM,2016-03-29,31.040001,31.280001,30.58,31.190001,13667800,31.190001
GM,2016-03-28,31.129999,31.25,30.940001,31.02,6109400,31.02
GM,2016-03-24,30.879999,30.969999,30.389999,30.959999,12041000,30.959999
GM,2016-03-23,31.92,31.93,31.17,31.309999,9107100,31.309999
GM,2016-03-22,32.080002,32.209999,31.76,31.90,8195600,31.90
GM,2016-03-21,32.110001,32.189999,31.75,32.080002,7397300,32.080002
GM,2016-03-18,32.080002,32.380001,31.91,31.959999,15431600,31.959999
GM,2016-03-17,31.73,32.099998,31.639999,31.959999,11295900,31.959999
GM,2016-03-16,30.83,31.76,30.83,31.690001,9991900,31.690001
GM,2016-03-15,30.860001,31.08,30.440001,31.049999,8983200,31.049999
GM,2016-03-14,31.18,31.389999,30.90,31.18,9353100,31.18
GM,2016-03-11,31.049999,31.33,30.98,31.26,13363000,31.26
GM,2016-03-10,30.719999,30.879999,30.27,30.82,15092700,30.82
GM,2016-03-09,30.469999,30.629999,30.200001,30.540001,12158900,30.540001
GM,2016-03-08,31.40,31.40,30.459999,30.68,16794400,30.300001
GM,2016-03-07,31.309999,31.780001,31.190001,31.59,11373800,31.198729
GM,2016-03-04,31.219999,31.74,31.059999,31.370001,13963200,30.981455
GM,2016-03-03,30.26,31.219999,30.200001,31.07,18341300,30.68517
GM,2016-03-02,30.00,30.32,29.84,30.15,12094700,29.776565
GM,2016-03-01,30.02,30.23,28.92,30.01,21007300,29.638299
GM,2016-02-29,29.370001,29.799999,29.290001,29.440001,10329400,29.075359
GM,2016-02-26,29.73,29.959999,29.540001,29.629999,15778300,29.263005
GM,2016-02-25,28.83,29.51,28.549999,29.50,11904300,29.134616
GM,2016-02-24,28.719999,28.90,27.809999,28.84,20989100,28.482791
GM,2016-02-23,29.41,29.82,29.280001,29.379999,9949600,29.016101
GM,2016-02-22,28.780001,29.639999,28.780001,29.629999,12215500,29.263005
GM,2016-02-19,28.879999,28.98,28.379999,28.780001,12362300,28.423534
GM,2016-02-18,29.450001,29.549999,28.92,29.030001,12158600,28.670438
GM,2016-02-17,28.860001,29.35,28.700001,29.27,13256100,28.907465
GM,2016-02-16,28.00,28.59,27.76,28.58,14627500,28.226011
GM,2016-02-12,27.23,27.74,27.049999,27.709999,11041000,27.366786
GM,2016-02-11,27.48,28.09,26.690001,26.90,25164400,26.566819
GM,2016-02-10,28.120001,28.639999,27.690001,27.709999,15163800,27.366786
GM,2016-02-09,28.129999,28.870001,27.77,27.870001,21654100,27.524806
GM,2016-02-08,28.280001,28.84,28.049999,28.68,19174000,28.324773
GM,2016-02-05,28.67,29.200001,28.42,28.540001,14125200,28.186507
GM,2016-02-04,28.940001,29.209999,28.10,28.639999,21002800,28.285267
GM,2016-02-03,30.10,30.25,28.18,28.92,29069800,28.5618
GM,2016-02-02,29.99,30.190001,28.870001,29.65,23777400,29.282758
GM,2016-02-01,29.459999,30.24,29.10,30.110001,13831700,29.737061
GM,2016-01-29,29.17,29.639999,29.02,29.639999,13445800,29.272881
GM,2016-01-28,29.469999,29.48,28.40,29.02,16421200,28.660561
GM,2016-01-27,29.719999,29.90,29.00,29.209999,12932300,28.848207
GM,2016-01-26,29.41,29.75,29.040001,29.65,11656700,29.282758
GM,2016-01-25,29.33,29.59,29.02,29.23,33627700,28.86796
GM,2016-01-22,30.16,30.290001,29.030001,29.280001,18302800,28.917341
GM,2016-01-21,29.459999,30.139999,29.07,29.549999,15844000,29.183996
GM,2016-01-20,28.860001,29.90,28.32,29.42,21481000,29.055607
GM,2016-01-19,29.93,30.00,28.91,29.40,17826600,29.035854
GM,2016-01-15,29.459999,29.68,28.799999,29.57,26698100,29.203748
GM,2016-01-14,30.809999,30.889999,29.450001,30.299999,27106700,29.924706
GM,2016-01-13,31.83,31.90,30.09,30.49,31586200,30.112354
GM,2016-01-12,30.629999,30.75,29.799999,30.299999,13398900,29.924706
GM,2016-01-11,30.370001,30.48,29.68,30.25,16877400,29.875326
GM,2016-01-08,30.459999,30.700001,29.42,29.530001,16448000,29.164245
GM,2016-01-07,30.26,30.82,29.83,29.99,21046300,29.618546
GM,2016-01-06,31.950001,31.98,31.01,31.27,27515200,30.882693
GM,2016-01-05,33.330002,33.41,32.18,32.43,19777200,32.028325
GM,2016-01-04,33.450001,33.540001,32.84,33.310001,14875500,32.897427
GM,2015-12-31,34.209999,34.299999,34.00,34.009998,6586000,33.588754
GM,2015-12-30,34.32,34.560001,34.279999,34.330002,4694500,33.904794
GM,2015-12-29,34.66,34.689999,34.169998,34.50,7056400,34.072686
GM,2015-12-28,34.529999,34.669998,34.299999,34.509998,5348600,34.082561
GM,2015-12-24,34.720001,34.75,34.50,34.599998,3134800,34.171446
GM,2015-12-23,34.509998,34.939999,34.380001,34.779999,8816700,34.349217
GM,2015-12-22,34.209999,34.490002,34.07,34.290001,9202900,33.865288
GM,2015-12-21,33.790001,34.060001,33.59,33.830002,12820000,33.410987
GM,2015-12-18,33.959999,34.060001,33.540001,33.669998,19469500,33.252965
GM,2015-12-17,35.150002,35.27,34.07,34.110001,14448400,33.687517
GM,2015-12-16,34.349998,35.169998,34.25,35.139999,14771600,34.704759
GM,2015-12-15,34.75,34.959999,34.299999,34.540001,13834300,33.756651
GM,2015-12-14,34.779999,34.84,34.049999,34.389999,13793100,33.610051
GM,2015-12-11,35.139999,35.41,34.27,34.549999,16271200,33.766422
GM,2015-12-10,35.25,35.889999,35.18,35.630001,8827000,34.82193
GM,2015-12-09,35.299999,35.700001,34.860001,35.450001,11692000,34.646012
GM,2015-12-08,35.830002,35.869999,35.23,35.48,11905400,34.675331
GM,2015-12-07,36.459999,36.52,35.990002,36.130001,11303500,35.31059
GM,2015-12-04,35.599998,36.34,35.369999,36.25,11562600,35.427868
GM,2015-12-03,35.830002,36.00,35.23,35.470001,10795800,34.665559
GM,2015-12-02,36.310001,36.360001,35.619999,35.73,9715100,34.919661
GM,2015-12-01,35.950001,36.34,35.799999,36.259998,12656400,35.437639
GM,2015-11-30,36.599998,36.880001,36.189999,36.200001,13959400,35.379003
GM,2015-11-27,36.360001,36.490002,36.220001,36.369999,2899300,35.545145
GM,2015-11-25,36.150002,36.419998,36.110001,36.34,7292800,35.515827
GM,2015-11-24,35.759998,36.330002,35.689999,36.220001,10346900,35.398549
GM,2015-11-23,36.389999,36.869999,36.060001,36.080002,9849300,35.261725
GM,2015-11-20,36.310001,36.419998,36.009998,36.34,10793200,35.515827
GM,2015-11-19,36.43,36.470001,36.07,36.139999,9760800,35.320362
GM,2015-11-18,35.400002,36.48,35.299999,36.459999,14866300,35.633104
GM,2015-11-17,34.310001,35.59,34.310001,35.209999,11748200,34.411454
GM,2015-11-16,34.310001,35.220001,34.290001,35.169998,14599100,34.37236
GM,2015-11-13,34.970001,35.169998,34.189999,34.310001,12090600,33.531867
GM,2015-11-12,35.34,35.48,35.02,35.09,10650900,34.294176
GM,2015-11-11,35.740002,36.009998,35.52,35.549999,6751800,34.743743
GM,2015-11-10,35.540001,35.630001,35.16,35.619999,9687200,34.812155
GM,2015-11-09,35.98,36.119999,35.439999,35.669998,9997600,34.86102
GM,2015-11-06,35.32,35.799999,35.259998,35.75,9376900,34.939208
GM,2015-11-05,35.529999,35.560001,35.189999,35.439999,7679700,34.636237
GM,2015-11-04,35.830002,35.919998,35.380001,35.419998,12716600,34.61669
GM,2015-11-03,35.529999,35.990002,35.360001,35.779999,15144900,34.968526
GM,2015-11-02,34.880001,35.75,34.860001,35.57,11858400,34.76329
GM,2015-10-30,34.849998,35.200001,34.459999,34.91,10723900,34.118258
GM,2015-10-29,35.040001,35.049999,34.110001,34.75,12087600,33.961887
GM,2015-10-28,34.990002,35.299999,34.650002,35.220001,9668600,34.421229
GM,2015-10-27,35.389999,35.490002,34.740002,34.970001,15536000,34.176899
GM,2015-10-26,35.900002,35.939999,35.259998,35.669998,14010800,34.86102
GM,2015-10-23,35.540001,36.060001,35.41,35.950001,18277800,35.134672
GM,2015-10-22,35.639999,35.790001,34.970001,35.419998,22708100,34.61669
GM,2015-10-21,34.959999,35.869999,34.720001,35.419998,36877400,34.61669
GM,2015-10-20,33.18,33.889999,33.080002,33.48,11848300,32.72069
GM,2015-10-19,33.00,33.290001,32.799999,33.240002,10084600,32.486135
GM,2015-10-16,33.369999,33.459999,32.880001,33.150002,9332400,32.398176
GM,2015-10-15,33.549999,33.66,33.16,33.32,10844300,32.564319
GM,2015-10-14,33.200001,33.50,32.919998,33.330002,11974000,32.574094
GM,2015-10-13,32.849998,33.369999,32.709999,33.130001,11789300,32.378629
GM,2015-10-12,33.040001,33.16,32.619999,33.02,10766400,32.271123
GM,2015-10-09,33.34,33.630001,32.790001,32.950001,14169100,32.202711
GM,2015-10-08,32.950001,33.509998,32.860001,33.43,12909800,32.671824
GM,2015-10-07,32.450001,33.189999,32.41,33.049999,15238600,32.300442
GM,2015-10-06,31.809999,32.380001,31.809999,32.220001,14214900,31.489267
GM,2015-10-05,31.90,32.16,31.52,31.76,15407500,31.039699
GM,2015-10-02,30.200001,31.76,30.16,31.73,16596600,31.010379
GM,2015-10-01,30.290001,30.75,29.98,30.67,18261900,29.97442
GM,2015-09-30,29.620001,30.10,29.379999,30.02,18931900,29.339162
GM,2015-09-29,28.66,29.290001,28.379999,29.15,17043700,28.488892
GM,2015-09-28,29.290001,29.32,28.440001,28.559999,15648900,27.912273
GM,2015-09-25,29.790001,29.84,29.23,29.41,13369400,28.742996
GM,2015-09-24,29.41,29.51,28.77,29.440001,19687600,28.772316
GM,2015-09-23,30.01,30.139999,29.59,29.719999,11277100,29.045964
GM,2015-09-22,29.42,30.059999,29.41,30.030001,17190200,29.348935
GM,2015-09-21,30.67,30.959999,30.379999,30.620001,14325600,29.925554
GM,2015-09-18,30.98,31.120001,30.469999,30.51,31085700,29.818048
GM,2015-09-17,31.25,31.809999,31.129999,31.309999,16644600,30.599904
GM,2015-09-16,31.08,31.57,30.92,31.200001,17076600,30.4924
GM,2015-09-15,30.77,31.549999,30.77,30.99,22400700,30.287162
GM,2015-09-14,30.110001,30.77,30.059999,30.719999,20148900,30.023285
GM,2015-09-11,30.01,30.200001,29.58,30.15,15344700,29.466212
GM,2015-09-10,29.190001,30.469999,29.190001,30.00,18672000,29.319615
GM,2015-09-09,30.200001,30.40,29.52,29.620001,16053600,28.596398
GM,2015-09-08,29.50,29.940001,29.50,29.879999,19298900,28.847412
GM,2015-09-04,28.780001,29.040001,28.57,28.879999,13435300,27.881969
GM,2015-09-03,29.379999,29.709999,29.02,29.110001,11504200,28.104022
GM,2015-09-02,29.01,29.219999,28.620001,29.209999,10776300,28.200565
GM,2015-09-01,29.18,29.370001,28.40,28.639999,16687400,27.650263
GM,2015-08-31,29.09,29.690001,29.02,29.440001,16283900,28.422618
GM,2015-08-28,28.60,29.139999,28.530001,29.00,15167300,27.997823
GM,2015-08-27,28.52,28.82,28.02,28.58,28498900,27.592337
GM,2015-08-26,27.620001,28.200001,26.90,28.10,27717300,27.128926
GM,2015-08-25,29.200001,29.200001,27.280001,27.280001,19966200,26.337263
GM,2015-08-24,27.299999,28.18,24.620001,27.799999,35740400,26.839292
GM,2015-08-21,30.459999,30.530001,29.57,29.60,27542200,28.577089
GM,2015-08-20,31.459999,31.459999,30.83,30.84,13352500,29.774237
GM,2015-08-19,31.610001,32.049999,31.370001,31.629999,13919100,30.536935
GM,2015-08-18,31.41,31.77,31.34,31.709999,9279800,30.614171
GM,2015-08-17,31.469999,31.68,31.17,31.610001,12057900,30.517628
GM,2015-08-14,31.139999,31.549999,31.059999,31.49,12222400,30.401774
GM,2015-08-13,30.870001,31.25,30.809999,31.059999,20432400,29.986634
GM,2015-08-12,30.43,31.00,29.790001,30.870001,23093600,29.803201
GM,2015-08-11,31.290001,31.309999,30.59,30.83,24340300,29.764582
GM,2015-08-10,31.950001,32.25,31.860001,31.940001,11676400,30.836224
GM,2015-08-07,32.09,32.139999,31.60,31.74,12960000,30.643135
GM,2015-08-06,31.59,31.93,31.139999,31.860001,19567900,30.758988
GM,2015-08-05,31.77,31.77,31.200001,31.60,14403600,30.507973
GM,2015-08-04,31.66,31.77,31.389999,31.52,15105900,30.430738
GM,2015-08-03,31.790001,31.889999,31.309999,31.68,14800600,30.585209
GM,2015-07-31,32.080002,32.130001,31.43,31.51,12399300,30.421083
GM,2015-07-30,31.889999,32.049999,31.75,31.91,10123300,30.80726
GM,2015-07-29,31.48,32.060001,31.43,31.950001,20632700,30.845878
GM,2015-07-28,31.49,31.639999,31.219999,31.32,23184400,30.237649
GM,2015-07-27,30.950001,31.32,30.60,31.049999,23336100,29.976979
GM,2015-07-24,31.90,31.940001,30.82,31.059999,22967600,29.986634
GM,2015-07-23,32.66,32.700001,31.40,31.50,38967600,30.411429
GM,2015-07-22,30.33,30.52,29.889999,30.299999,20867800,29.252897
GM,2015-07-21,30.51,30.559999,30.32,30.389999,23472100,29.339787
GM,2015-07-20,30.85,30.85,30.42,30.50,15643900,29.445987
GM,2015-07-17,30.639999,30.799999,30.43,30.65,16230200,29.590802
GM,2015-07-16,31.139999,31.200001,30.309999,30.610001,35920700,29.552186
GM,2015-07-15,31.85,31.90,31.299999,31.43,18022000,30.343848
GM,2015-07-14,31.59,31.99,31.43,31.77,10832900,30.672099
GM,2015-07-13,31.870001,31.90,31.459999,31.68,16327100,30.585209
GM,2015-07-10,31.299999,31.42,30.99,31.40,12237800,30.314884
GM,2015-07-09,31.620001,31.75,30.92,31.01,16934200,29.938362
GM,2015-07-08,32.389999,32.41,30.940001,31.190001,29971400,30.112142
GM,2015-07-07,32.619999,32.950001,32.009998,32.860001,18589300,31.724431
GM,2015-07-06,32.849998,33.119999,32.610001,32.650002,10433100,31.521689
GM,2015-07-02,33.189999,33.450001,33.060001,33.23,8646400,32.081643
GM,2015-07-01,33.610001,33.610001,32.68,33.040001,16169500,31.898211
GM,2015-06-30,33.50,33.57,33.060001,33.330002,12911800,32.17819
GM,2015-06-29,34.119999,34.169998,33.200001,33.23,18717700,32.081643
GM,2015-06-26,34.700001,34.82,34.279999,34.380001,11632800,33.191903
GM,2015-06-25,35.209999,35.32,34.57,34.700001,14593100,33.500844
GM,2015-06-24,35.91,35.970001,35.110001,35.16,16930000,33.944947
GM,2015-06-23,36.369999,36.48,36.27,36.299999,7279900,35.04555
GM,2015-06-22,36.290001,36.540001,36.130001,36.189999,13783000,34.939351
GM,2015-06-19,36.119999,36.330002,35.950001,36.110001,14831300,34.862118
GM,2015-06-18,35.869999,36.48,35.849998,36.200001,15490900,34.949008
GM,2015-06-17,35.68,35.810001,35.279999,35.810001,10286600,34.572486
GM,2015-06-16,35.360001,35.779999,35.169998,35.610001,6638600,34.379397
GM,2015-06-15,35.349998,35.73,35.009998,35.459999,14016000,34.234579
GM,2015-06-12,35.380001,35.900002,35.380001,35.709999,11170200,34.475939
GM,2015-06-11,35.720001,36.009998,35.549999,35.549999,16819000,34.321469
GM,2015-06-10,35.450001,35.619999,35.290001,35.59,11402200,34.360087
GM,2015-06-09,35.110001,35.32,35.00,35.259998,12901000,34.04149
GM,2015-06-08,34.860001,35.119999,34.799999,34.990002,15636100,33.780824
GM,2015-06-05,35.50,35.549999,34.959999,35.119999,24629200,33.558769
GM,2015-06-04,35.66,35.869999,35.470001,35.540001,10538500,33.9601
GM,2015-06-03,36.369999,36.419998,35.869999,35.939999,12817100,34.342316
GM,2015-06-02,36.09,36.50,35.970001,36.220001,16948300,34.609872
GM,2015-06-01,36.060001,36.34,35.650002,36.18,12012500,34.571649
GM,2015-05-29,36.490002,36.580002,35.849998,35.970001,15806300,34.370985
GM,2015-05-28,36.110001,36.48,35.970001,36.389999,18063900,34.772313
GM,2015-05-27,35.52,35.810001,35.43,35.810001,10058300,34.218098
GM,2015-05-26,35.450001,35.599998,35.43,35.52,12566300,33.940989
GM,2015-05-22,35.52,35.740002,35.419998,35.700001,9648200,34.112987
GM,2015-05-21,35.00,35.66,35.00,35.580002,16016000,33.998323
GM,2015-05-20,35.240002,35.299999,34.66,35.02,12925600,33.463216
GM,2015-05-19,35.169998,35.240002,34.959999,35.119999,9856700,33.558769
GM,2015-05-18,34.970001,35.209999,34.849998,35.049999,10285700,33.491881
GM,2015-05-15,34.700001,34.98,34.700001,34.91,9778800,33.358105
GM,2015-05-14,35.00,35.040001,34.529999,34.650002,12645300,33.109665
GM,2015-05-13,34.779999,34.970001,34.709999,34.799999,9196900,33.252995
GM,2015-05-12,34.959999,34.959999,34.509998,34.740002,14049300,33.195664
GM,2015-05-11,35.299999,35.59,35.169998,35.220001,8833100,33.654326
GM,2015-05-08,35.049999,35.459999,35.029999,35.32,12787000,33.749879
GM,2015-05-07,34.639999,35.029999,34.549999,34.880001,14033700,33.32944
GM,2015-05-06,35.139999,35.23,34.549999,34.77,13076200,33.224329
GM,2015-05-05,35.400002,35.52,34.990002,35.009998,11068100,33.453658
GM,2015-05-04,35.50,35.720001,35.400002,35.400002,12020100,33.826324
GM,2015-05-01,35.169998,35.470001,34.810001,35.419998,15307400,33.845432
GM,2015-04-30,35.259998,35.43,34.93,35.060001,15784500,33.501439
GM,2015-04-29,35.50,35.700001,35.240002,35.509998,11907300,33.931431
GM,2015-04-28,35.75,35.959999,35.169998,35.720001,14857500,34.132099
GM,2015-04-27,35.650002,35.950001,35.560001,35.779999,15497400,34.189429
GM,2015-04-24,35.720001,35.810001,35.439999,35.59,21252500,34.007877
GM,2015-04-23,36.25,36.299999,35.580002,35.919998,41820400,34.323205
GM,2015-04-22,37.130001,37.220001,36.669998,37.16,16025100,35.508083
GM,2015-04-21,37.330002,37.450001,36.830002,37.16,17130500,35.508083
GM,2015-04-20,36.950001,37.169998,36.75,37.110001,13879800,35.460307
GM,2015-04-17,36.830002,36.849998,36.50,36.639999,14375200,35.011199
GM,2015-04-16,37.130001,37.18,36.740002,37.080002,12225800,35.431642
GM,2015-04-15,36.82,37.080002,36.650002,36.939999,13734900,35.297862
GM,2015-04-14,36.459999,36.82,36.439999,36.48,12989700,34.858312
GM,2015-04-13,36.630001,36.860001,36.389999,36.400002,13530700,34.78187
GM,2015-04-10,36.740002,36.779999,36.369999,36.57,16768900,34.944311
GM,2015-04-09,36.099998,36.389999,36.029999,36.290001,15475300,34.67676
GM,2015-04-08,35.889999,36.189999,35.75,36.110001,27460300,34.504761
GM,2015-04-07,35.990002,36.09,35.639999,35.73,56224000,34.141653
GM,2015-04-06,36.259998,36.970001,36.209999,36.66,13179000,35.03031
GM,2015-04-02,36.610001,36.73,36.330002,36.50,16517700,34.877423
GM,2015-04-01,37.27,37.369999,36.560001,36.740002,16631200,35.106756
GM,2015-03-31,37.68,38.040001,37.470001,37.50,12633400,35.832969
GM,2015-03-30,37.580002,37.869999,37.529999,37.68,9980300,36.004968
GM,2015-03-27,37.34,37.48,37.080002,37.310001,9237600,35.651417
GM,2015-03-26,37.700001,37.91,37.150002,37.349998,13814500,35.689636
GM,2015-03-25,37.880001,37.91,37.369999,37.380001,10209800,35.718305
GM,2015-03-24,38.52,38.52,37.75,37.849998,15855900,36.167409
GM,2015-03-23,38.810001,38.990002,38.59,38.59,11656900,36.874514
GM,2015-03-20,38.759998,38.93,38.549999,38.869999,19769700,37.142066
GM,2015-03-19,38.450001,38.779999,38.290001,38.650002,11255700,36.931848
GM,2015-03-18,38.169998,38.599998,37.779999,38.50,19015600,36.788515
GM,2015-03-17,38.150002,38.470001,38.060001,38.290001,9702700,36.587851
GM,2015-03-16,38.27,38.599998,38.209999,38.580002,11219000,36.86496
GM,2015-03-13,38.389999,38.389999,37.73,38.049999,11404200,36.358519
GM,2015-03-12,37.860001,38.470001,37.84,38.43,13986000,36.721627
GM,2015-03-11,37.599998,38.130001,37.52,37.779999,13191600,36.100521
GM,2015-03-10,37.43,37.779999,37.150002,37.549999,20314000,35.880746
GM,2015-03-09,37.549999,37.810001,37.32,37.66,22979300,35.985856
GM,2015-03-06,37.459999,37.549999,36.73,36.84,13764200,34.915645
GM,2015-03-05,37.639999,37.82,37.560001,37.610001,6620700,35.645424
GM,2015-03-04,37.630001,37.799999,37.299999,37.57,12736400,35.607513
GM,2015-03-03,37.380001,37.810001,37.299999,37.799999,10036000,35.825498
GM,2015-03-02,37.310001,37.709999,37.310001,37.610001,11234200,35.645424
GM,2015-02-27,37.380001,37.450001,37.110001,37.310001,10490200,35.361095
GM,2015-02-26,37.810001,38.130001,37.509998,37.560001,10708200,35.598037
GM,2015-02-25,37.790001,37.959999,37.610001,37.860001,11161500,35.882365
GM,2015-02-24,37.619999,37.91,37.580002,37.75,8562400,35.77811
GM,2015-02-23,37.619999,37.77,37.34,37.689999,10970200,35.721243
GM,2015-02-20,37.490002,37.720001,37.16,37.650002,9345200,35.683335
GM,2015-02-19,37.029999,37.610001,36.98,37.509998,11780800,35.550645
GM,2015-02-18,37.25,37.48,37.130001,37.189999,8513300,35.247361
GM,2015-02-17,37.200001,37.470001,37.049999,37.240002,13147100,35.294752
GM,2015-02-13,37.93,38.07,37.349998,37.619999,14696300,35.6549
GM,2015-02-12,37.849998,38.18,37.73,38.02,15537400,36.034007
GM,2015-02-11,37.509998,37.860001,37.279999,37.669998,22634000,35.702288
GM,2015-02-10,37.279999,37.549999,36.400002,37.52,32369400,35.560125
GM,2015-02-09,35.790001,36.099998,35.509998,36.00,14797500,34.119523
GM,2015-02-06,36.259998,36.540001,35.919998,36.00,16240100,34.119523
GM,2015-02-05,36.279999,36.599998,36.009998,36.25,20854900,34.356464
GM,2015-02-04,35.27,35.98,34.150002,35.830002,49298100,33.958404
GM,2015-02-03,33.50,34.200001,33.439999,33.98,26207000,32.205038
GM,2015-02-02,32.669998,33.150002,32.439999,33.110001,18397000,31.380484
GM,2015-01-30,32.880001,33.150002,32.619999,32.619999,19166500,30.916077
GM,2015-01-29,32.91,33.34,32.360001,33.16,15819200,31.427871
GM,2015-01-28,33.509998,33.57,32.75,32.84,16936200,31.124587
GM,2015-01-27,33.400002,33.689999,33.150002,33.419998,14793300,31.674288
GM,2015-01-26,33.709999,34.040001,33.599998,33.700001,10824800,31.939665
GM,2015-01-23,33.900002,34.18,33.709999,33.75,13990200,31.987052
GM,2015-01-22,34.150002,34.18,33.310001,33.82,14261100,32.053396
GM,2015-01-21,33.82,34.119999,33.52,33.889999,14349900,32.119739
GM,2015-01-20,33.900002,34.009998,33.349998,33.93,12052500,32.15765
GM,2015-01-16,33.310001,33.790001,33.27,33.68,17780000,31.920709
GM,2015-01-15,34.779999,34.869999,33.380001,33.43,19437400,31.683768
GM,2015-01-14,34.360001,34.57,33.59,34.299999,27901300,32.508322
GM,2015-01-13,36.080002,36.400002,34.68,35.25,21893500,33.408699
GM,2015-01-12,35.810001,35.939999,35.470001,35.84,10656700,33.96788
GM,2015-01-09,36.209999,36.369999,35.41,35.59,14690600,33.730939
GM,2015-01-08,36.060001,36.450001,35.799999,36.200001,15206600,34.309076
GM,2015-01-07,35.23,35.950001,35.040001,35.84,19319200,33.96788
GM,2015-01-06,34.41,35.220001,34.099998,34.849998,17747600,33.029592
GM,2015-01-05,34.98,35.25,34.07,34.330002,16223000,32.536758
GM,2015-01-02,35.27,35.310001,34.41,34.84,9756700,33.020116
GM,2014-12-31,35.240002,35.450001,34.889999,34.91,12279700,33.086459
GM,2014-12-30,34.560001,35.200001,34.41,35.09,14966900,33.257057
GM,2014-12-29,33.869999,34.830002,33.790001,34.599998,16654300,32.792651
GM,2014-12-26,33.549999,33.849998,33.450001,33.73,6673200,31.968097
GM,2014-12-24,33.529999,33.59,33.240002,33.43,4496000,31.683768
GM,2014-12-23,33.48,33.700001,33.380001,33.560001,8469500,31.806978
GM,2014-12-22,32.630001,33.310001,32.619999,33.23,13243700,31.494214
GM,2014-12-19,31.76,32.93,31.75,32.810001,18990900,31.096155
GM,2014-12-18,31.639999,31.75,31.17,31.75,14112000,30.091523
GM,2014-12-17,30.809999,31.299999,30.639999,31.15,13281800,29.522864
GM,2014-12-16,30.620001,31.059999,30.299999,30.73,24294000,29.124803
GM,2014-12-15,31.700001,31.77,30.98,31.00,16084000,29.3807
GM,2014-12-12,31.940001,32.16,31.57,31.57,11239100,29.920925
GM,2014-12-11,32.139999,32.689999,31.99,32.189999,13282600,30.508538
GM,2014-12-10,32.720001,32.849998,31.870001,31.969999,11583500,30.300031
GM,2014-12-09,32.279999,32.869999,32.169998,32.810001,11147100,31.096155
GM,2014-12-08,33.52,33.560001,32.610001,32.68,16125800,30.972945
GM,2014-12-05,33.23,34.09,33.169998,33.93,17730800,31.873321
GM,2014-12-04,33.66,33.669998,33.040001,33.09,11632800,31.084238
GM,2014-12-03,33.369999,33.779999,33.349998,33.639999,11648500,31.600899
GM,2014-12-02,33.049999,33.619999,32.990002,33.259998,14759100,31.243932
GM,2014-12-01,33.310001,33.470001,32.860001,32.939999,14391900,30.943329
GM,2014-11-28,32.400002,33.540001,32.23,33.43,14039800,31.403629
GM,2014-11-26,32.27,32.299999,31.950001,32.07,7414500,30.126065
GM,2014-11-25,32.25,32.380001,31.969999,32.23,9269300,30.276366
GM,2014-11-24,32.25,32.349998,31.77,32.189999,13311000,30.23879
GM,2014-11-21,32.540001,32.549999,31.969999,32.130001,8566700,30.182429
GM,2014-11-20,31.959999,32.259998,31.799999,32.130001,8052300,30.182429
GM,2014-11-19,32.209999,32.310001,31.940001,32.150002,8290100,30.201218
GM,2014-11-18,32.41,32.490002,31.870001,32.27,9766000,30.313943
GM,2014-11-17,32.00,32.490002,31.90,32.310001,11898000,30.351519
GM,2014-11-14,31.65,32.009998,31.48,31.790001,8495800,29.863039
GM,2014-11-13,31.51,31.90,31.469999,31.65,8353600,29.731523
GM,2014-11-12,31.299999,31.549999,31.110001,31.42,7455900,29.515465
GM,2014-11-11,31.040001,31.40,31.00,31.35,7537800,29.449709
GM,2014-11-10,31.33,31.50,30.82,31.120001,10297800,29.233651
GM,2014-11-07,31.309999,31.74,31.24,31.59,10070900,29.675161
GM,2014-11-06,30.700001,31.459999,30.65,31.370001,12729500,29.468497
GM,2014-11-05,31.15,31.18,30.559999,30.73,11109600,28.86729
GM,2014-11-04,31.040001,31.309999,30.68,30.82,12058300,28.951834
GM,2014-11-03,31.35,31.459999,30.790001,31.18,9931100,29.290013
GM,2014-10-31,31.15,31.620001,30.950001,31.40,15539000,29.496677
GM,2014-10-30,30.57,31.030001,30.450001,30.780001,10073900,28.91426
GM,2014-10-29,31.200001,31.33,30.35,30.719999,11638300,28.857895
GM,2014-10-28,30.389999,31.219999,30.139999,31.17,26034400,29.280619
GM,2014-10-27,30.15,30.49,29.82,30.08,12790200,28.25669
GM,2014-10-24,31.040001,31.280001,29.98,30.040001,30313800,28.219115
GM,2014-10-23,31.950001,31.99,30.809999,30.93,25436900,29.055167
GM,2014-10-22,30.610001,31.51,30.57,31.309999,17845800,29.412133
GM,2014-10-21,30.50,31.07,30.32,30.84,12576800,28.970622
GM,2014-10-20,30.219999,30.52,30.02,30.34,11692200,28.50093
GM,2014-10-17,30.379999,30.969999,30.17,30.24,18339900,28.406991
GM,2014-10-16,29.129999,30.15,29.09,29.940001,18226200,28.125177
GM,2014-10-15,29.67,30.26,28.82,29.690001,29623300,27.89033
GM,2014-10-14,29.90,30.379999,29.85,30.110001,14495500,28.284872
GM,2014-10-13,30.290001,30.620001,29.73,29.790001,17722900,27.984269
GM,2014-10-10,30.280001,30.940001,30.09,30.290001,20496000,28.453962
GM,2014-10-09,32.09,32.130001,30.809999,31.030001,23097600,29.149106
GM,2014-10-08,31.84,32.220001,30.790001,32.18,28308500,30.229398
GM,2014-10-07,33.040001,33.040001,31.65,31.77,25661300,29.84425
GM,2014-10-06,33.84,34.240002,33.369999,33.75,9092100,31.704232
GM,2014-10-03,33.43,33.900002,33.25,33.759998,16981300,31.713624
GM,2014-10-02,32.529999,33.400002,32.490002,33.18,20794600,31.168783
GM,2014-10-01,31.969999,33.029999,31.709999,32.490002,31138700,30.520609
GM,2014-09-30,32.240002,32.540001,31.67,31.940001,24790800,30.003946
GM,2014-09-29,32.970001,33.16,31.98,32.220001,19710900,30.266974
GM,2014-09-26,33.040001,33.310001,32.939999,33.169998,9417600,31.159387
GM,2014-09-25,33.57,33.650002,32.830002,32.869999,12309200,30.877572
GM,2014-09-24,33.330002,33.68,33.02,33.650002,10665400,31.610295
GM,2014-09-23,33.240002,33.580002,33.139999,33.220001,8731900,31.206359
GM,2014-09-22,33.740002,33.84,33.09,33.439999,11180000,31.413021
GM,2014-09-19,34.23,34.240002,33.77,33.939999,14521400,31.882713
GM,2014-09-18,33.93,34.220001,33.93,34.029999,8929600,31.967258
GM,2014-09-17,33.720001,34.139999,33.669998,33.849998,10301000,31.798169
GM,2014-09-16,33.490002,33.950001,33.450001,33.709999,11083000,31.666655
GM,2014-09-15,33.16,33.799999,33.150002,33.630001,12509900,31.591506
GM,2014-09-12,33.48,33.599998,33.099998,33.27,11077900,31.253327
GM,2014-09-11,33.16,33.700001,33.150002,33.610001,10120400,31.572718
GM,2014-09-10,33.119999,33.34,33.060001,33.290001,10471000,31.272116
GM,2014-09-09,33.200001,33.299999,33.009998,33.07,11861000,31.06545
GM,2014-09-08,34.029999,34.150002,33.150002,33.240002,22120600,31.225147
GM,2014-09-05,34.59,34.610001,34.23,34.580002,13671800,32.202106
GM,2014-09-04,34.490002,34.919998,34.439999,34.630001,9566300,32.248668
GM,2014-09-03,35.060001,35.119999,34.459999,34.470001,11626400,32.09967
GM,2014-09-02,34.880001,35.139999,34.619999,34.799999,7824100,32.406976
GM,2014-08-29,34.740002,34.849998,34.610001,34.799999,5548700,32.406976
GM,2014-08-28,34.490002,34.75,34.220001,34.68,5971400,32.295229
GM,2014-08-27,34.919998,34.93,34.580002,34.709999,7118000,32.323164
GM,2014-08-26,34.759998,35.00,34.630001,34.849998,7535000,32.453537
GM,2014-08-25,34.43,34.740002,34.310001,34.669998,9546400,32.285914
GM,2014-08-22,34.509998,34.52,34.16,34.240002,8665700,31.885486
GM,2014-08-21,34.619999,34.73,34.459999,34.599998,6585300,32.220728
GM,2014-08-20,34.490002,34.720001,34.299999,34.529999,9112500,32.155542
GM,2014-08-19,34.689999,34.75,34.330002,34.57,10422900,32.192792
GM,2014-08-18,34.09,34.439999,34.040001,34.400002,10327200,32.034484
GM,2014-08-15,34.049999,34.16,33.509998,33.84,14153500,31.512991
GM,2014-08-14,33.810001,33.959999,33.220001,33.950001,9956800,31.615427
GM,2014-08-13,33.93,34.07,33.779999,33.950001,7156100,31.615427
GM,2014-08-12,33.75,34.139999,33.549999,33.700001,10304000,31.382619
GM,2014-08-11,33.639999,33.849998,33.41,33.799999,10873700,31.475741
GM,2014-08-08,33.09,33.560001,33.09,33.529999,9935600,31.224307
GM,2014-08-07,33.560001,33.630001,32.799999,33.110001,13526700,30.83319
GM,2014-08-06,33.23,33.669998,33.23,33.400002,8715400,31.103249
GM,2014-08-05,33.57,33.810001,33.150002,33.360001,11012500,31.065999
GM,2014-08-04,33.759998,34.02,33.50,33.610001,11486300,31.298807
GM,2014-08-01,33.790001,34.00,33.299999,33.439999,15343800,31.140496
GM,2014-07-31,34.150002,34.240002,33.779999,33.82,13408400,31.494366
GM,2014-07-30,34.50,34.66,34.009998,34.310001,18941700,31.950673
GM,2014-07-29,35.009998,35.200001,34.43,34.450001,16560100,32.081045
GM,2014-07-28,35.029999,35.09,34.779999,34.900002,15051300,32.500101
GM,2014-07-25,35.099998,35.290001,34.560001,35.07,28537300,32.65841
GM,2014-07-24,36.669998,36.849998,35.32,35.740002,35694100,33.282339
GM,2014-07-23,37.790001,37.919998,37.41,37.41,13865100,34.8375
GM,2014-07-22,37.560001,37.900002,37.529999,37.759998,9655800,35.16343
GM,2014-07-21,37.380001,37.529999,37.049999,37.43,6625100,34.856125
GM,2014-07-18,37.34,37.419998,37.060001,37.41,8741400,34.8375
GM,2014-07-17,37.310001,37.669998,37.009998,37.099998,11014700,34.548815
GM,2014-07-16,37.77,37.91,37.459999,37.48,10954200,34.902686
GM,2014-07-15,37.610001,37.950001,37.439999,37.580002,8615400,34.995811
GM,2014-07-14,38.099998,38.130001,37.560001,37.700001,9314600,35.107559
GM,2014-07-11,37.720001,38.009998,37.59,37.950001,6203400,35.340367
GM,2014-07-10,37.48,37.900002,37.349998,37.75,9898900,35.15412
GM,2014-07-09,37.66,38.130001,37.630001,37.970001,11676300,35.358992
GM,2014-07-08,37.41,37.77,37.200001,37.580002,11783200,34.995811
GM,2014-07-07,37.91,37.91,37.169998,37.439999,11129900,34.865435
GM,2014-07-03,37.959999,38.110001,37.720001,37.740002,6743700,35.144809
GM,2014-07-02,37.50,38.150002,37.369999,37.740002,17672200,35.144809
GM,2014-07-01,36.25,37.639999,36.25,37.59,23414100,35.005122
GM,2014-06-30,36.59,36.900002,35.98,36.299999,20880200,33.803828
GM,2014-06-27,36.73,37.029999,36.619999,36.619999,25426500,34.101823
GM,2014-06-26,36.889999,36.970001,36.41,36.900002,11463200,34.362571
GM,2014-06-25,36.459999,37.18,36.450001,37.09,12201300,34.539505
GM,2014-06-24,36.619999,37.07,36.470001,36.580002,15031800,34.064576
GM,2014-06-23,36.209999,36.799999,36.189999,36.669998,11584800,34.148384
GM,2014-06-20,36.549999,36.580002,36.099998,36.220001,14018700,33.729331
GM,2014-06-19,36.349998,36.639999,36.200001,36.369999,11277800,33.869014
GM,2014-06-18,36.360001,36.470001,35.93,36.299999,16352000,33.803828
GM,2014-06-17,35.869999,36.380001,35.619999,36.360001,13211600,33.859704
GM,2014-06-16,35.490002,36.18,35.490002,36.060001,12603700,33.580334
GM,2014-06-13,35.380001,35.779999,35.380001,35.630001,12046600,33.179902
GM,2014-06-12,36.00,36.279999,35.490002,35.52,16818500,33.077466
GM,2014-06-11,36.23,36.290001,35.919998,36.119999,8866200,33.636206
GM,2014-06-10,36.279999,36.700001,36.18,36.400002,8460700,33.896954
GM,2014-06-09,36.470001,36.830002,36.34,36.50,10279300,33.990076
GM,2014-06-06,36.07,36.75,35.75,36.549999,17642800,34.036637
GM,2014-06-05,36.959999,37.040001,36.16,36.27,25094500,33.496522
GM,2014-06-04,35.50,36.880001,35.349998,36.52,33252200,33.727405
GM,2014-06-03,35.119999,35.689999,34.75,35.259998,17795900,32.563752
GM,2014-06-02,34.540001,34.900002,34.290001,34.860001,11541800,32.194341
GM,2014-05-30,34.299999,34.639999,34.200001,34.580002,14172100,31.935753
GM,2014-05-29,34.599998,34.650002,34.25,34.450001,10880900,31.815693
GM,2014-05-28,34.09,34.619999,33.959999,34.59,12575800,31.944987
GM,2014-05-27,33.919998,33.98,33.77,33.939999,8995100,31.344689
GM,2014-05-23,33.490002,33.689999,33.41,33.630001,8267100,31.058396
GM,2014-05-22,33.389999,33.700001,33.310001,33.419998,8428000,30.864452
GM,2014-05-21,33.150002,33.619999,33.099998,33.459999,12392400,30.901394
GM,2014-05-20,34.16,34.299999,32.959999,33.07,24894200,30.541217
GM,2014-05-19,33.84,34.349998,33.799999,34.25,9006100,31.630986
GM,2014-05-16,33.75,34.650002,33.490002,34.00,21485200,31.400102
GM,2014-05-15,34.610001,34.75,33.830002,34.360001,18088600,31.732575
GM,2014-05-14,35.099998,35.110001,34.799999,34.939999,10495300,32.268222
GM,2014-05-13,34.84,35.189999,34.599998,35.150002,9048300,32.462166
GM,2014-05-12,34.380001,34.939999,34.380001,34.82,9498900,32.157399
GM,2014-05-09,34.799999,34.900002,34.150002,34.23,16803500,31.612515
GM,2014-05-08,34.98,35.43,34.73,34.849998,10251500,32.185104
GM,2014-05-07,34.959999,35.110001,34.610001,35.07,9269700,32.388282
GM,2014-05-06,35.07,35.139999,34.75,34.75,10114500,32.092752
GM,2014-05-05,34.84,34.889999,34.630001,34.75,8449100,32.092752
GM,2014-05-02,35.029999,35.330002,34.860001,34.970001,11396700,32.29593
GM,2014-05-01,34.669998,35.400002,34.540001,34.900002,19572600,32.231283
GM,2014-04-30,33.84,34.540001,33.84,34.48,14037800,31.843398
GM,2014-04-29,33.700001,34.099998,33.619999,33.990002,12087700,31.390869
GM,2014-04-28,33.93,33.939999,33.52,33.759998,20175900,31.178453
GM,2014-04-25,33.549999,34.080002,33.549999,33.720001,16031100,31.141515
GM,2014-04-24,35.50,35.700001,33.52,34.169998,33352400,31.557101
GM,2014-04-23,34.290001,34.610001,34.099998,34.389999,16063900,31.76028
GM,2014-04-22,34.029999,34.439999,34.00,34.23,12291600,31.612515
GM,2014-04-21,33.950001,34.209999,33.75,33.98,9909400,31.381631
GM,2014-04-17,33.830002,34.09,33.799999,33.98,12351100,31.381631
GM,2014-04-16,33.689999,33.990002,33.32,33.970001,18140700,31.372398
GM,2014-04-15,32.810001,33.439999,32.290001,33.360001,23450900,30.809042
GM,2014-04-14,32.290001,32.880001,32.150002,32.549999,18759700,30.06098
GM,2014-04-11,33.00,33.09,31.700001,31.93,45760200,29.488391
GM,2014-04-10,33.709999,34.060001,33.299999,33.299999,34302100,30.753629
GM,2014-04-09,33.900002,34.240002,33.599998,33.619999,33165400,31.049159
GM,2014-04-08,34.150002,34.599998,33.849998,34.529999,20615600,31.889574
GM,2014-04-07,34.669998,34.73,33.82,34.110001,24348100,31.501692
GM,2014-04-04,35.580002,35.700001,34.650002,34.810001,20368900,32.148165
GM,2014-04-03,34.939999,35.50,34.73,35.439999,20578700,32.729988
GM,2014-04-02,34.650002,35.049999,34.380001,34.880001,41863900,32.212812
GM,2014-04-01,34.50,35.139999,34.32,34.34,46569800,31.714104
GM,2014-03-31,34.529999,34.790001,33.950001,34.419998,24292600,31.787984
GM,2014-03-28,34.639999,35.02,34.560001,34.73,19175400,32.074281
GM,2014-03-27,34.279999,34.990002,34.110001,34.509998,16382900,31.871102
GM,2014-03-26,34.68,34.740002,34.200001,34.220001,16997000,31.603281
GM,2014-03-25,35.130001,35.18,34.189999,34.509998,24817600,31.871102
GM,2014-03-24,34.689999,35.169998,34.279999,35.139999,21461500,32.452929
GM,2014-03-21,35.389999,35.50,34.779999,35.009998,24010100,32.332869
GM,2014-03-20,34.790001,35.27,34.400002,35.259998,14456100,32.563752
GM,2014-03-19,35.279999,36.00,34.599998,34.91,14690900,32.240517
GM,2014-03-18,34.68,35.240002,34.50,35.169998,21329700,32.480634
GM,2014-03-17,34.139999,34.689999,33.709999,34.630001,29696400,31.981929
GM,2014-03-14,33.849998,34.560001,33.57,34.09,31908600,31.483221
GM,2014-03-13,35.040001,35.16,33.869999,34.09,39628600,31.206162
GM,2014-03-12,34.759998,35.25,34.369999,34.860001,46300500,31.911024
GM,2014-03-11,37.00,37.119999,35.02,35.18,41033400,32.203954
GM,2014-03-10,37.560001,37.560001,36.759998,37.09,17552600,33.952377
GM,2014-03-07,37.939999,38.009998,37.450001,37.689999,17547800,34.501619
GM,2014-03-06,37.869999,38.049999,37.540001,37.540001,19105200,34.36431
GM,2014-03-05,37.540001,38.049999,37.330002,37.52,28489000,34.346002
GM,2014-03-04,36.529999,36.990002,36.43,36.93,17884600,33.805913
GM,2014-03-03,35.700001,36.59,35.700001,36.209999,24013200,33.14682
GM,2014-02-28,36.73,36.759998,35.889999,36.200001,44345100,33.137667
GM,2014-02-27,36.560001,36.849998,35.970001,36.77,28750100,33.659448
GM,2014-02-26,35.950001,37.130001,35.939999,36.830002,26657500,33.714374
GM,2014-02-25,36.669998,36.799999,35.990002,36.099998,22504100,33.046125
GM,2014-02-24,36.700001,36.82,36.439999,36.549999,22000200,33.458058
GM,2014-02-21,36.68,36.75,36.139999,36.689999,51722400,33.586214
GM,2014-02-20,36.189999,36.599998,36.00,36.509998,18637700,33.421441
GM,2014-02-19,36.220001,36.720001,36.00,36.029999,23060900,32.982047
GM,2014-02-18,36.43,36.490002,36.00,36.310001,24555900,33.238362
GM,2014-02-14,35.369999,36.080002,35.25,35.950001,22767300,32.908816
GM,2014-02-13,35.169998,35.220001,34.759998,35.200001,30500900,32.222262
GM,2014-02-12,35.490002,35.650002,35.130001,35.560001,23300900,32.551809
GM,2014-02-11,35.220001,35.740002,35.189999,35.25,23772400,32.268032
GM,2014-02-10,35.91,35.919998,34.619999,34.900002,43268400,31.947641
GM,2014-02-07,35.970001,36.470001,35.419998,36.110001,31248000,33.055281
GM,2014-02-06,34.43,35.82,34.360001,35.23,53685400,32.249723
GM,2014-02-05,35.84,35.84,34.959999,35.240002,29446400,32.258879
GM,2014-02-04,35.470001,35.98,35.25,35.82,20948700,32.789812
GM,2014-02-03,36.27,36.310001,34.91,35.25,38974100,32.268032
GM,2014-01-31,36.220001,36.84,35.880001,36.080002,27201000,33.02782
GM,2014-01-30,36.880001,37.07,36.48,36.84,15481800,33.723526
GM,2014-01-29,36.060001,36.959999,36.009998,36.349998,17523300,33.274976
GM,2014-01-28,37.16,37.200001,36.720001,36.810001,15926700,33.696065
GM,2014-01-27,36.799999,37.279999,36.060001,36.759998,33915300,33.650292
GM,2014-01-24,38.07,38.110001,36.700001,36.830002,39564500,33.714374
GM,2014-01-23,38.34,38.50,37.91,38.419998,20556300,35.169864
GM,2014-01-22,38.400002,38.82,38.119999,38.799999,16902000,35.517719
GM,2014-01-21,38.889999,39.00,37.900002,38.34,30786600,35.096634
GM,2014-01-17,39.07,39.099998,38.330002,38.599998,28003300,35.334638
GM,2014-01-16,39.310001,39.549999,38.759998,39.00,36091300,35.700801
GM,2014-01-15,39.630001,39.77,38.959999,39.380001,89207600,36.048656
GM,2014-01-14,39.77,40.16,39.57,40.02,17389100,36.634515
GM,2014-01-13,40.16,40.639999,39.439999,39.580002,20993200,36.231738
GM,2014-01-10,40.599998,40.68,39.84,40.029999,14596000,36.643667
GM,2014-01-09,40.880001,40.939999,40.279999,40.490002,9790600,37.064756
GM,2014-01-08,40.330002,40.84,40.200001,40.419998,11342400,37.000675
GM,2014-01-07,40.700001,40.939999,40.099998,40.200001,14156900,36.799288
GM,2014-01-06,39.900002,40.59,39.639999,40.400002,25063500,36.98237
GM,2014-01-03,40.919998,40.950001,39.00,39.57,41426900,36.222582
GM,2014-01-02,40.68,41.060001,40.34,40.950001,14763300,37.485842
GM,2013-12-31,40.700001,41.040001,40.580002,40.869999,11100900,37.412608
GM,2013-12-30,41.00,41.130001,40.650002,40.689999,8737600,37.247834
GM,2013-12-27,41.310001,41.439999,40.860001,40.939999,10052700,37.476686
GM,2013-12-26,41.040001,41.849998,41.040001,41.52,11168400,38.007622
GM,2013-12-24,41.25,41.310001,40.830002,40.880001,7605300,37.421764
GM,2013-12-23,40.900002,41.580002,40.610001,41.290001,20370000,37.79708
GM,2013-12-20,40.48,41.049999,40.18,40.990002,49654800,37.522459
GM,2013-12-19,41.139999,41.27,40.080002,40.299999,25225400,36.890827
GM,2013-12-18,41.169998,41.400002,39.860001,41.27,51850700,37.778771
GM,2013-12-17,41.66,41.849998,41.139999,41.529999,28297500,38.016775
GM,2013-12-16,40.560001,41.549999,40.459999,41.439999,33583200,37.934388
GM,2013-12-13,40.189999,40.349998,40.02,40.040001,14885400,36.652823
GM,2013-12-12,40.099998,40.610001,40.009998,40.049999,18900500,36.661976
GM,2013-12-11,40.759998,40.830002,40.07,40.16,16384800,36.762671
GM,2013-12-10,40.549999,41.130001,40.400002,40.400002,32542300,36.98237
GM,2013-12-09,40.380001,41.169998,40.310001,40.900002,29291100,37.440072
GM,2013-12-06,39.990002,40.380001,39.599998,40.169998,37909500,36.771823
GM,2013-12-05,38.990002,39.34,38.549999,39.09,34580800,35.783188
GM,2013-12-04,38.529999,39.619999,38.119999,38.709999,39727900,35.435333
GM,2013-12-03,38.889999,39.09,37.68,38.139999,44835100,34.913552
GM,2013-12-02,39.099998,39.389999,38.91,39.110001,21200600,35.801496
GM,2013-11-29,38.900002,39.150002,38.50,38.73,7672100,35.453641
GM,2013-11-27,37.709999,38.990002,37.599998,38.849998,27415800,35.563489
GM,2013-11-26,37.700001,37.939999,37.400002,37.669998,22798600,34.48331
GM,2013-11-25,37.75,37.869999,37.389999,37.549999,21111100,34.373463
GM,2013-11-22,38.200001,38.50,37.580002,37.630001,26771300,34.446697
GM,2013-11-21,38.849998,39.00,38.040001,38.119999,33903900,34.895244
GM,2013-11-20,38.110001,38.709999,37.599998,37.689999,16898700,34.501619
GM,2013-11-19,38.57,38.740002,37.889999,38.009998,19843100,34.794548
GM,2013-11-18,38.810001,39.18,38.529999,38.57,16792400,35.307177
GM,2013-11-15,38.509998,39.080002,38.200001,38.77,21691400,35.490258
GM,2013-11-14,38.700001,38.799999,38.150002,38.50,28491100,35.243098
GM,2013-11-13,36.50,38.529999,36.48,38.439999,43860200,35.188173
GM,2013-11-12,36.669998,36.799999,36.369999,36.66,14363600,33.558753
GM,2013-11-11,36.68,37.09,36.50,36.68,13666500,33.577061
GM,2013-11-08,36.150002,36.77,36.009998,36.66,18203100,33.558753
GM,2013-11-07,36.610001,36.75,35.91,35.919998,19893700,32.881351
GM,2013-11-06,37.240002,37.400002,36.57,36.59,16162300,33.494675
GM,2013-11-05,37.279999,37.509998,37.07,37.09,15197700,33.952377
GM,2013-11-04,37.50,37.799999,37.41,37.470001,18005200,34.300232
GM,2013-11-01,37.169998,38.209999,37.049999,37.389999,30765400,34.226998
GM,2013-10-31,37.18,37.990002,36.950001,36.950001,28102800,33.824221
GM,2013-10-30,37.200001,37.549999,36.779999,37.23,42130000,34.080533
GM,2013-10-29,35.82,36.18,35.509998,36.060001,24055000,33.009511
GM,2013-10-28,35.439999,35.970001,35.43,35.799999,12985100,32.771504
GM,2013-10-25,35.669998,35.77,35.32,35.59,12849100,32.57927
GM,2013-10-24,35.490002,36.029999,35.099998,35.630001,19287000,32.615887
GM,2013-10-23,35.380001,35.389999,34.529999,35.049999,17307600,32.08495
GM,2013-10-22,35.619999,36.130001,35.369999,35.41,17008200,32.414496
GM,2013-10-21,36.259998,36.27,35.34,35.50,13451700,32.496883
GM,2013-10-18,36.209999,36.299999,35.68,35.889999,14638500,32.85389
GM,2013-10-17,35.16,35.790001,34.959999,35.66,12602900,32.643348
GM,2013-10-16,35.02,35.209999,34.779999,35.130001,15529600,32.158184
GM,2013-10-15,35.279999,35.380001,34.509998,34.700001,13708400,31.76456
GM,2013-10-14,34.830002,35.450001,34.810001,35.330002,11193400,32.341266
GM,2013-10-11,34.790001,35.52,34.66,35.349998,15406700,32.359571
GM,2013-10-10,34.740002,34.889999,34.610001,34.849998,18041900,31.901868
GM,2013-10-09,34.330002,34.389999,33.919998,34.16,21109900,31.27024
GM,2013-10-08,35.25,35.27,34.169998,34.209999,23658400,31.316009
GM,2013-10-07,35.23,35.52,35.02,35.18,12181000,32.203954
GM,2013-10-04,35.439999,35.799999,35.130001,35.700001,13811100,32.679965
GM,2013-10-03,35.759998,35.939999,35.130001,35.290001,15001200,32.304649
GM,2013-10-02,35.740002,36.00,35.23,35.939999,19459700,32.89966
GM,2013-10-01,36.040001,36.41,35.32,35.91,21886600,32.872199
GM,2013-09-30,35.709999,36.310001,35.619999,35.970001,17724400,32.927125
GM,2013-09-27,36.77,36.900002,36.16,36.369999,14173500,33.293284
GM,2013-09-26,37.189999,37.349998,36.759998,36.950001,14022900,33.824221
GM,2013-09-25,37.529999,37.779999,37.16,37.18,15114600,34.034764
GM,2013-09-24,37.16,37.970001,37.060001,37.439999,23723800,34.272768
GM,2013-09-23,37.150002,37.50,36.549999,37.130001,18484700,33.988994
GM,2013-09-20,37.639999,37.68,36.830002,36.830002,35700300,33.714374
GM,2013-09-19,37.84,37.880001,37.16,37.23,16819500,34.080533
GM,2013-09-18,36.759998,37.73,36.709999,37.580002,21432800,34.400927
GM,2013-09-17,36.32,36.98,36.32,36.709999,12992300,33.604522
GM,2013-09-16,36.470001,36.619999,36.150002,36.220001,14715200,33.155976
GM,2013-09-13,36.490002,36.549999,35.990002,36.060001,12642900,33.009511
GM,2013-09-12,36.369999,36.560001,35.880001,36.369999,15743700,33.293284
GM,2013-09-11,36.529999,36.599998,36.02,36.349998,27025600,33.274976
GM,2013-09-10,36.939999,37.27,36.720001,37.00,10626200,33.869991
GM,2013-09-09,36.34,36.700001,36.25,36.48,13515500,33.39398
GM,2013-09-06,36.400002,36.619999,35.610001,36.150002,14244900,33.091898
GM,2013-09-05,36.009998,36.790001,35.869999,36.330002,18633800,33.256671
GM,2013-09-04,34.200001,35.900002,34.169998,35.849998,23036900,32.817273
GM,2013-09-03,34.68,34.77,33.959999,34.139999,10906700,31.251931
GM,2013-08-30,34.50,34.540001,33.900002,34.080002,8099400,31.197009
GM,2013-08-29,33.82,34.689999,33.810001,34.450001,10558000,31.535708
GM,2013-08-28,33.57,34.16,33.50,33.919998,9109200,31.050541
GM,2013-08-27,34.439999,34.610001,33.619999,33.689999,11905600,30.839998
GM,2013-08-26,35.029999,35.52,34.849998,34.919998,10831800,31.965946
GM,2013-08-23,35.139999,35.220001,34.860001,35.060001,7487000,32.094106
GM,2013-08-22,34.66,35.049999,34.650002,34.990002,9572200,32.030028
GM,2013-08-21,34.779999,34.950001,34.389999,34.529999,9798600,31.608939
GM,2013-08-20,34.560001,34.91,34.049999,34.790001,13766900,31.846946
GM,2013-08-19,34.560001,34.830002,34.419998,34.490002,9211700,31.572325
GM,2013-08-16,34.59,34.91,34.18,34.380001,12498300,31.47163
GM,2013-08-15,35.169998,35.18,34.41,34.549999,20384600,31.627247
GM,2013-08-14,35.84,36.009998,35.209999,35.57,11341100,32.560961
GM,2013-08-13,36.209999,36.209999,35.59,35.84,7145700,32.808121
GM,2013-08-12,35.759998,36.099998,35.599998,35.98,8441900,32.936277
GM,2013-08-09,35.959999,36.27,35.700001,36.02,7705800,32.972894
GM,2013-08-08,35.610001,36.110001,35.57,36.009998,14457000,32.963738
GM,2013-08-07,36.009998,36.099998,35.43,35.48,19395100,32.478574
GM,2013-08-06,36.439999,36.490002,35.959999,35.959999,13485100,32.917969
GM,2013-08-05,37.029999,37.049999,36.650002,36.75,7144300,33.641139
GM,2013-08-02,36.439999,37.18,36.34,36.950001,11913000,33.824221
GM,2013-08-01,36.389999,36.860001,36.009998,36.470001,16148300,33.384827
GM,2013-07-31,36.619999,36.720001,35.669998,35.869999,20696300,32.835582
GM,2013-07-30,36.529999,36.779999,36.32,36.50,12244500,33.412288
GM,2013-07-29,36.57,36.669998,36.150002,36.380001,8407800,33.30244
GM,2013-07-26,36.93,37.00,36.459999,36.669998,15892800,33.567905
GM,2013-07-25,37.470001,37.709999,36.509998,37.080002,18095900,33.943225
GM,2013-07-24,37.110001,37.450001,36.869999,37.139999,15200600,33.998147
GM,2013-07-23,36.889999,36.950001,36.52,36.610001,9296600,33.512983
GM,2013-07-22,36.619999,36.990002,36.48,36.759998,11260700,33.650292
GM,2013-07-19,36.889999,36.889999,36.060001,36.610001,11608300,33.512983
GM,2013-07-18,36.50,36.990002,36.330002,36.84,10679400,33.723526
GM,2013-07-17,36.23,36.560001,36.080002,36.360001,10943400,33.284132
GM,2013-07-16,36.869999,36.939999,35.759998,36.18,16273700,33.119359
GM,2013-07-15,36.599998,36.720001,36.279999,36.50,8968200,33.412288
GM,2013-07-12,36.09,36.580002,35.91,36.400002,10744300,33.320749
GM,2013-07-11,35.720001,36.200001,35.639999,36.139999,13246500,33.082742
GM,2013-07-10,34.900002,35.34,34.84,35.330002,11820200,32.341266
GM,2013-07-09,34.900002,35.25,34.720001,34.919998,7243300,31.965946
GM,2013-07-08,34.779999,35.02,34.540001,34.639999,11233600,31.709634
GM,2013-07-05,34.349998,34.830002,34.240002,34.669998,7107800,31.737095
GM,2013-07-03,33.939999,34.400002,33.759998,34.139999,5715700,31.251931
GM,2013-07-02,34.040001,34.939999,33.82,34.099998,15171900,31.215314
GM,2013-07-01,33.52,34.189999,33.41,34.00,10310800,31.123775
GM,2013-06-28,33.02,33.720001,32.799999,33.310001,15813400,30.492147
GM,2013-06-27,32.919998,33.50,32.779999,33.099998,11000300,30.299909
GM,2013-06-26,32.18,32.700001,32.029999,32.549999,10374000,29.796437
GM,2013-06-25,31.75,32.02,31.540001,31.82,9268300,29.128192
GM,2013-06-24,31.76,31.84,31.129999,31.42,18970400,28.76203
GM,2013-06-21,32.959999,32.970001,31.74,32.209999,18998000,29.485199
GM,2013-06-20,33.41,33.41,32.279999,32.560001,29107200,29.805593
GM,2013-06-19,34.02,34.25,33.650002,33.66,8428700,30.812537
GM,2013-06-18,33.799999,34.060001,33.439999,34.009998,9926100,31.132928
GM,2013-06-17,34.50,34.560001,33.599998,33.73,10195000,30.876615
GM,2013-06-14,34.459999,34.619999,34.09,34.290001,10091600,31.389244
GM,2013-06-13,33.360001,34.509998,33.099998,34.50,15604800,31.581478
GM,2013-06-12,34.279999,34.459999,33.240002,33.450001,13642000,30.620303
GM,2013-06-11,34.369999,34.490002,33.59,33.93,17023900,31.059697
GM,2013-06-10,35.18,35.240002,34.52,34.740002,15219500,31.801177
GM,2013-06-07,34.790001,35.099998,34.00,35.029999,30683600,32.066641
GM,2013-06-06,34.119999,34.529999,33.779999,34.439999,79847700,31.526552
GM,2013-06-05,35.00,35.07,34.00,34.02,22345200,31.142084
GM,2013-06-04,35.400002,35.490002,34.75,34.959999,30517200,32.002563
GM,2013-06-03,34.57,34.689999,33.380001,34.419998,17794500,31.508244
GM,2013-05-31,34.529999,34.779999,33.889999,33.889999,10137400,31.02308
GM,2013-05-30,34.040001,34.91,33.869999,34.639999,15085300,31.709634
GM,2013-05-29,33.709999,34.299999,33.450001,34.049999,10867200,31.169545
GM,2013-05-28,34.00,34.299999,33.75,33.959999,16969400,31.087158
GM,2013-05-24,32.549999,33.00,32.509998,32.869999,5861200,30.089366
GM,2013-05-23,32.330002,33.110001,32.099998,32.849998,10537300,30.071058
GM,2013-05-22,33.220001,33.93,32.990002,33.23,13238400,30.418913
GM,2013-05-21,33.59,33.959999,32.880001,33.400002,13790500,30.574534
GM,2013-05-20,33.369999,34.009998,33.360001,33.700001,15260600,30.849154
GM,2013-05-17,32.990002,33.77,32.810001,33.419998,20897700,30.592839
GM,2013-05-16,32.09,32.669998,32.00,32.389999,10425300,29.649972
GM,2013-05-15,31.549999,32.400002,31.51,32.310001,15086000,29.576742
GM,2013-05-14,31.02,31.700001,31.01,31.549999,10676600,28.881032
GM,2013-05-13,31.16,31.35,30.870001,31.00,8098100,28.37756
GM,2013-05-10,31.549999,31.700001,30.969999,31.42,12811400,28.76203
GM,2013-05-09,32.009998,32.16,31.620001,31.65,10861700,28.972573
GM,2013-05-08,31.41,32.189999,31.09,32.080002,9991300,29.366199
GM,2013-05-07,31.92,32.130001,31.459999,31.65,11421600,28.972573
GM,2013-05-06,32.02,32.220001,31.780001,31.82,8501500,29.128192
GM,2013-05-03,31.74,32.439999,31.629999,32.099998,12471800,29.384504
GM,2013-05-02,31.309999,31.82,31.049999,31.16,19124500,28.524024
GM,2013-05-01,30.77,31.08,30.110001,30.18,10393700,27.626928
GM,2013-04-30,30.77,30.969999,30.57,30.84,8117200,28.231095
GM,2013-04-29,30.620001,30.90,30.42,30.790001,6197700,28.185326
GM,2013-04-26,30.790001,30.799999,30.030001,30.50,13738300,27.919857
GM,2013-04-25,30.059999,30.780001,30.00,30.709999,14499000,28.112091
GM,2013-04-24,29.91,30.799999,29.860001,30.450001,21511000,27.874088
GM,2013-04-23,29.34,29.92,29.280001,29.85,8454200,27.324844
GM,2013-04-22,29.200001,29.34,28.85,29.25,6767000,26.775601
GM,2013-04-19,29.10,29.26,28.91,29.15,7183000,26.68406
GM,2013-04-18,29.25,29.379999,28.75,28.98,11121400,26.528441
GM,2013-04-17,29.030001,29.33,28.77,29.27,10670400,26.793909
GM,2013-04-16,29.17,29.52,29.17,29.469999,8007700,26.976989
GM,2013-04-15,29.41,29.690001,28.84,28.91,14080800,26.464363
GM,2013-04-12,29.57,29.84,29.549999,29.620001,15617500,27.114301
GM,2013-04-11,28.49,29.76,28.440001,29.719999,22305200,27.205841
GM,2013-04-10,27.690001,28.51,27.68,28.370001,12927800,25.970045
GM,2013-04-09,27.77,27.780001,27.50,27.530001,9682300,25.201105
GM,2013-04-08,27.50,27.639999,27.40,27.59,11572900,25.256028
GM,2013-04-05,27.379999,27.559999,27.110001,27.52,11792800,25.19195
GM,2013-04-04,27.75,28.00,27.51,27.74,8571800,25.393339
GM,2013-04-03,28.00,28.10,27.66,27.799999,11199700,25.448263
GM,2013-04-02,27.959999,28.299999,27.530001,27.93,16188100,25.567266
GM,2013-04-01,27.65,28.09,27.65,27.799999,8834600,25.448263
GM,2013-03-28,28.02,28.09,27.639999,27.82,9331000,25.466571
GM,2013-03-27,28.049999,28.27,27.959999,28.059999,5444400,25.686268
GM,2013-03-26,28.280001,28.35,27.99,28.15,6876400,25.768655
GM,2013-03-25,28.389999,28.48,28.02,28.16,6669900,25.777809
GM,2013-03-22,28.620001,28.709999,27.959999,28.219999,12673300,25.832733
GM,2013-03-21,28.91,29.17,28.57,28.629999,13452000,26.208049
GM,2013-03-20,28.25,29.299999,28.190001,29.200001,25484100,26.729831
GM,2013-03-19,28.10,28.200001,27.90,28.10,12749500,25.722885
GM,2013-03-18,27.950001,28.15,27.73,28.040001,13758200,25.667961
GM,2013-03-15,27.959999,28.26,27.799999,28.209999,12101200,25.823579
GM,2013-03-14,28.049999,28.23,28.040001,28.16,6438500,25.777809
GM,2013-03-13,28.379999,28.379999,28.049999,28.07,10287400,25.695422
GM,2013-03-12,28.26,28.639999,28.09,28.370001,10686800,25.970045
GM,2013-03-11,27.950001,28.389999,27.549999,28.309999,19122000,25.915119
GM,2013-03-08,27.91,28.190001,27.889999,28.00,5910500,25.631344
GM,2013-03-07,27.860001,28.139999,27.790001,27.879999,9428100,25.521495
GM,2013-03-06,27.76,27.959999,27.620001,27.91,9002500,25.548958
GM,2013-03-05,27.219999,27.790001,27.190001,27.58,9199300,25.246874
GM,2013-03-04,27.139999,27.290001,26.99,27.09,6583900,24.798326
GM,2013-03-01,26.83,27.49,26.75,27.209999,9017700,24.908173
GM,2013-02-28,27.50,27.57,26.889999,27.15,10305500,24.85325
GM,2013-02-27,26.799999,27.58,26.719999,27.40,13115700,25.082101
GM,2013-02-26,26.65,26.85,26.190001,26.83,13363500,24.56032
GM,2013-02-25,27.110001,27.17,26.33,26.33,11121400,24.102618
GM,2013-02-22,26.40,27.120001,26.309999,27.110001,9279400,24.816634
GM,2013-02-21,27.02,27.040001,26.33,26.51,13893200,24.267391
GM,2013-02-20,27.809999,27.809999,27.049999,27.10,7236600,24.80748
GM,2013-02-19,27.690001,27.799999,27.459999,27.68,7086100,25.338415
GM,2013-02-15,27.59,27.92,27.219999,27.76,12861100,25.411647
GM,2013-02-14,28.74,29.360001,27.67,27.75,19226200,25.402493
GM,2013-02-13,28.75,28.870001,28.440001,28.67,9283900,26.244666
GM,2013-02-12,28.43,28.75,28.24,28.549999,7175600,26.134816
GM,2013-02-11,28.51,28.65,28.35,28.530001,5589900,26.11651
GM,2013-02-08,28.540001,28.73,28.50,28.57,6316700,26.153125
GM,2013-02-07,28.68,28.91,28.030001,28.469999,10493500,26.061584
GM,2013-02-06,28.35,28.60,28.219999,28.52,7010500,26.107355
GM,2013-02-05,28.030001,28.60,28.030001,28.59,11097500,26.171433
GM,2013-02-04,27.889999,28.200001,27.879999,27.959999,6508900,25.594727
GM,2013-02-01,28.389999,28.50,28.08,28.17,10713800,25.786963
GM,2013-01-31,27.799999,28.139999,27.610001,28.09,8685200,25.713731
GM,2013-01-30,28.280001,28.65,27.77,27.940001,11230700,25.57642
GM,2013-01-29,28.799999,28.82,28.16,28.450001,13059800,26.043277
GM,2013-01-28,29.049999,29.15,28.610001,28.83,7038300,26.391131
GM,2013-01-25,28.959999,29.16,28.870001,29.07,10258400,26.610828
GM,2013-01-24,28.59,28.98,28.35,28.780001,8398900,26.345361
GM,2013-01-23,28.58,28.84,26.620001,28.57,11355300,26.153125
GM,2013-01-22,29.190001,29.27,28.379999,28.629999,18538600,26.208049
GM,2013-01-18,29.440001,29.530001,28.879999,29.280001,9993700,26.803064
GM,2013-01-17,29.48,29.65,29.190001,29.49,12064700,26.995298
GM,2013-01-16,29.57,29.73,28.83,29.309999,28298900,26.830525
GM,2013-01-15,30.110001,30.68,29.950001,30.60,7497500,28.011398
GM,2013-01-14,30.15,30.389999,29.889999,30.33,6634700,27.764238
GM,2013-01-11,30.379999,30.60,30.110001,30.360001,6862900,27.791701
GM,2013-01-10,30.280001,30.450001,29.780001,30.440001,12115400,27.864933
GM,2013-01-09,29.58,30.280001,29.559999,29.969999,13341400,27.434692
GM,2013-01-08,29.66,29.85,29.049999,29.370001,10435200,26.88545
GM,2013-01-07,29.639999,29.860001,29.299999,29.66,8385300,27.150917
GM,2013-01-04,29.74,29.860001,29.23,29.860001,8066600,27.333998
GM,2013-01-03,29.049999,30.23,28.84,29.82,22903800,27.297381
GM,2013-01-02,29.41,29.50,28.629999,29.129999,15605900,26.665751
GM,2012-12-31,27.76,28.90,27.620001,28.83,13243300,26.391131
GM,2012-12-28,27.66,27.940001,27.549999,27.85,5133500,25.494034
GM,2012-12-27,27.74,27.99,27.43,27.959999,9431200,25.594727
GM,2012-12-26,27.629999,27.950001,27.49,27.620001,7006200,25.283491
GM,2012-12-24,27.309999,27.74,27.309999,27.66,4877400,25.320106
GM,2012-12-21,26.74,27.379999,26.540001,27.32,8773000,25.008869
GM,2012-12-20,27.00,27.48,26.870001,27.34,15768900,25.027177
GM,2012-12-19,27.440001,27.91,26.860001,27.18,54870500,24.880712
GM,2012-12-18,24.98,25.540001,24.799999,25.49,9589000,23.333677
GM,2012-12-17,24.67,24.90,24.65,24.85,7130600,22.747818
GM,2012-12-14,25.08,25.110001,24.40,24.610001,9661400,22.528121
GM,2012-12-13,25.559999,25.83,24.90,25.120001,7737400,22.994978
GM,2012-12-12,25.540001,26.07,25.440001,25.629999,8395500,23.461833
GM,2012-12-11,25.309999,25.50,25.110001,25.450001,5709300,23.297062
GM,2012-12-10,25.059999,25.41,25.040001,25.280001,5931900,23.141443
GM,2012-12-07,24.76,25.209999,24.57,25.190001,9060300,23.059056
GM,2012-12-06,24.91,25.00,24.459999,24.57,9708900,22.491504
GM,2012-12-05,25.370001,25.60,24.940001,25.00,7652700,22.885129
GM,2012-12-04,25.34,25.50,24.52,25.41,12633900,23.260445
GM,2012-12-03,26.059999,26.360001,25.459999,25.51,11331100,23.351986
GM,2012-11-30,25.889999,26.17,25.58,25.879999,6538600,23.690685
GM,2012-11-29,25.610001,26.24,25.51,26.09,10012500,23.882921
GM,2012-11-28,24.690001,25.299999,24.639999,25.280001,5312900,23.141443
GM,2012-11-27,25.139999,25.35,25.00,25.01,5822200,22.894283
GM,2012-11-26,25.17,25.41,24.950001,25.23,6460000,23.095672
GM,2012-11-23,24.959999,25.42,24.860001,25.209999,4595900,23.077363
GM,2012-11-21,24.57,24.969999,24.43,24.60,4907700,22.518967
GM,2012-11-20,24.90,24.940001,24.379999,24.60,6578700,22.518967
GM,2012-11-19,24.27,24.940001,24.129999,24.93,7996800,22.821051
GM,2012-11-16,23.92,23.98,23.389999,23.85,9647800,21.832413
GM,2012-11-15,24.18,24.190001,23.540001,23.879999,9371700,21.859874
GM,2012-11-14,24.93,24.99,24.10,24.17,9587600,22.125343
GM,2012-11-13,24.889999,25.18,24.75,24.82,9697600,22.720356
GM,2012-11-12,25.049999,25.379999,25.049999,25.26,5297000,23.123134
GM,2012-11-09,24.379999,25.280001,24.379999,25.040001,7648400,22.921746
GM,2012-11-08,25.219999,25.50,24.700001,24.719999,5239800,22.628815
GM,2012-11-07,25.639999,25.67,24.92,25.030001,11106300,22.912592
GM,2012-11-06,25.59,26.27,25.450001,26.190001,10888500,23.974461
GM,2012-11-05,25.440001,25.99,25.35,25.57,7680700,23.40691
GM,2012-11-02,25.809999,25.99,25.549999,25.790001,9918400,23.6083
GM,2012-11-01,25.530001,25.85,24.91,25.68,14558100,23.507605
GM,2012-10-31,24.299999,25.719999,23.90,25.50,24700200,23.342831
GM,2012-10-26,23.610001,23.90,23.190001,23.280001,10146900,21.310633
GM,2012-10-25,23.98,24.27,23.58,23.629999,11875900,21.631023
GM,2012-10-24,24.15,24.27,23.66,23.690001,6230800,21.685949
GM,2012-10-23,24.07,24.10,23.73,23.870001,8196000,21.850722
GM,2012-10-22,24.559999,24.85,24.280001,24.620001,7067800,22.537276
GM,2012-10-19,25.43,25.50,24.549999,24.59,10454300,22.509813
GM,2012-10-18,25.09,25.719999,24.959999,25.559999,9762100,23.397755
GM,2012-10-17,24.90,25.129999,24.60,25.059999,6002700,22.940053
GM,2012-10-16,24.52,24.85,24.41,24.790001,4252100,22.692895
GM,2012-10-15,24.51,24.58,24.33,24.48,5114300,22.409118
GM,2012-10-12,24.559999,24.83,24.33,24.440001,4230300,22.372502
GM,2012-10-11,24.41,24.99,24.23,24.66,8771700,22.573891
GM,2012-10-10,24.41,24.58,24.10,24.23,6049300,22.180266
GM,2012-10-09,24.74,24.860001,24.27,24.370001,7210000,22.308424
GM,2012-10-08,24.790001,24.809999,24.51,24.57,6249500,22.491504
GM,2012-10-05,24.879999,25.43,24.57,24.799999,14251000,22.702047
GM,2012-10-04,24.549999,24.67,24.32,24.65,8693500,22.564737
GM,2012-10-03,23.709999,24.610001,23.66,24.389999,14739000,22.326731
GM,2012-10-02,23.50,24.10,22.67,23.68,21403400,21.676794
GM,2012-10-01,23.00,23.41,22.85,23.09,7582100,21.136705
GM,2012-09-28,23.00,23.10,22.709999,22.75,8614500,20.825467
GM,2012-09-27,23.67,23.700001,23.139999,23.18,6843400,21.219092
GM,2012-09-26,23.25,23.73,22.85,23.389999,8329400,21.411326
GM,2012-09-25,24.43,24.50,23.280001,23.52,10326800,21.53033
GM,2012-09-24,24.51,24.68,24.120001,24.360001,5689300,22.29927
GM,2012-09-21,24.540001,24.889999,24.50,24.799999,12189300,22.702047
GM,2012-09-20,24.34,24.540001,23.91,24.42,7414900,22.354194
GM,2012-09-19,24.360001,25.15,24.32,24.75,16033600,22.656278
GM,2012-09-18,24.290001,24.450001,24.02,24.43,11308000,22.363348
GM,2012-09-17,23.92,23.950001,23.73,23.799999,6098600,21.786642
GM,2012-09-14,23.690001,24.33,23.629999,24.139999,11881300,22.09788
GM,2012-09-13,23.049999,23.68,22.82,23.530001,9479800,21.539484
GM,2012-09-12,23.139999,23.33,23.049999,23.129999,5201000,21.17332
GM,2012-09-11,22.98,23.25,22.879999,22.969999,5442600,21.026856
GM,2012-09-10,23.280001,23.42,22.940001,22.98,8156800,21.03601
GM,2012-09-07,22.549999,23.42,22.540001,23.370001,12908400,21.393019
GM,2012-09-06,21.790001,22.73,21.75,22.450001,12484800,20.550846
GM,2012-09-05,21.219999,21.76,21.02,21.76,7933000,19.919216
GM,2012-09-04,21.25,21.50,21.02,21.309999,7505300,19.507283
GM,2012-08-31,21.299999,21.48,21.110001,21.35,5826200,19.5439
GM,2012-08-30,21.25,21.26,21.02,21.110001,3882800,19.324203
GM,2012-08-29,20.90,21.639999,20.860001,21.299999,9625000,19.498129
GM,2012-08-28,21.00,21.25,20.91,20.940001,5784600,19.168584
GM,2012-08-27,21.200001,21.370001,21.00,21.219999,6216400,19.424897
GM,2012-08-24,21.209999,21.360001,21.07,21.18,5443300,19.388281
GM,2012-08-23,21.610001,21.610001,21.23,21.34,8960500,19.534746
GM,2012-08-22,21.58,21.75,21.139999,21.73,7180500,19.891754
GM,2012-08-21,21.950001,22.07,21.52,21.629999,6545200,19.800213
GM,2012-08-20,21.75,22.02,21.66,21.870001,6615800,20.019911
GM,2012-08-17,21.35,22.139999,21.34,22.01,17952300,20.148068
GM,2012-08-16,20.120001,21.459999,20.120001,21.33,14407500,19.525592
GM,2012-08-15,20.209999,20.360001,19.98,20.139999,6498600,18.436259
GM,2012-08-14,20.629999,20.790001,20.10,20.209999,7681000,18.500337
GM,2012-08-13,20.52,20.799999,20.360001,20.469999,4027000,18.738343
GM,2012-08-10,20.52,20.700001,20.309999,20.540001,3899800,18.802423
GM,2012-08-09,20.370001,20.82,20.209999,20.65,6651400,18.903116
GM,2012-08-08,20.139999,20.450001,20.049999,20.379999,4702600,18.655956
GM,2012-08-07,19.92,20.52,19.92,20.42,9577200,18.692573
GM,2012-08-06,20.049999,20.10,19.76,19.85,6205800,18.170793
GM,2012-08-03,19.26,20.10,19.25,20.040001,9394800,18.34472
GM,2012-08-02,19.59,20.059999,18.93,19.139999,10881000,17.520854
GM,2012-08-01,19.780001,20.58,19.43,19.66,14831900,17.996865
GM,2012-07-31,19.459999,19.77,19.370001,19.709999,5607600,18.042635
GM,2012-07-30,19.549999,19.65,19.299999,19.360001,4219200,17.722244
GM,2012-07-27,19.139999,19.690001,19.07,19.67,6803900,18.006019
GM,2012-07-26,19.02,19.15,18.75,19.110001,5571600,17.493393
GM,2012-07-25,19.10,19.129999,18.719999,18.799999,6777100,17.209616
GM,2012-07-24,19.25,19.379999,18.85,19.02,8202100,17.411006
GM,2012-07-23,19.09,19.360001,18.85,19.299999,8764600,17.667319
GM,2012-07-20,20.02,20.16,19.33,19.360001,8798000,17.722244
GM,2012-07-19,20.120001,20.35,20.07,20.139999,6855400,18.436259
GM,2012-07-18,19.620001,20.209999,19.57,20.07,8770400,18.372181
GM,2012-07-17,19.549999,19.60,19.299999,19.60,7951200,17.941941
GM,2012-07-16,19.469999,19.549999,19.23,19.379999,9066500,17.740551
GM,2012-07-13,19.33,19.709999,19.27,19.620001,7474700,17.96025
GM,2012-07-12,19.610001,19.77,19.23,19.33,14117000,17.694782
GM,2012-07-11,19.75,20.01,19.60,19.90,6668400,18.216562
GM,2012-07-10,20.25,20.48,19.73,19.799999,9803300,18.125021
GM,2012-07-09,20.209999,20.40,20.049999,20.219999,5520400,18.509492
GM,2012-07-06,20.35,20.60,20.049999,20.309999,6512900,18.591878
GM,2012-07-05,20.75,21.209999,20.540001,20.540001,8075600,18.802423
GM,2012-07-03,19.799999,21.120001,19.67,20.67,10718700,18.921425
GM,2012-07-02,19.700001,19.74,19.299999,19.57,6307700,17.914479
GM,2012-06-29,20.00,20.00,19.24,19.719999,13447400,18.051789
GM,2012-06-28,19.639999,19.92,19.49,19.82,11220900,18.14333
GM,2012-06-27,19.83,19.98,19.620001,19.66,8314800,17.996865
GM,2012-06-26,19.940001,20.040001,19.620001,19.85,8923000,18.170793
GM,2012-06-25,20.32,20.389999,19.91,19.91,9975700,18.225716
GM,2012-06-22,20.950001,20.950001,20.459999,20.60,6972200,18.857347
GM,2012-06-21,21.450001,21.50,20.60,20.639999,9193500,18.893962
GM,2012-06-20,21.780001,21.82,21.280001,21.48,8588900,19.662902
GM,2012-06-19,21.43,22.00,21.40,21.74,7768600,19.900908
GM,2012-06-18,21.540001,21.719999,21.379999,21.43,6394000,19.617133
GM,2012-06-15,21.76,21.809999,21.42,21.74,5714300,19.900908
GM,2012-06-14,21.84,21.99,21.58,21.799999,4534300,19.955832
GM,2012-06-13,22.040001,22.17,21.74,21.870001,8588100,20.019911
GM,2012-06-12,21.92,22.200001,21.68,22.17,6100200,20.294532
GM,2012-06-11,22.280001,22.299999,21.90,21.92,6050800,20.065681
GM,2012-06-08,21.85,22.09,21.50,22.049999,4258600,20.184683
GM,2012-06-07,22.110001,22.379999,21.76,21.85,5951200,20.001603
GM,2012-06-06,21.43,21.940001,21.34,21.83,6122700,19.983294
GM,2012-06-05,20.98,21.469999,20.969999,21.25,5645900,19.45236
GM,2012-06-04,22.01,22.040001,20.66,21.110001,15419800,19.324203
GM,2012-06-01,21.65,23.34,21.450001,22.01,29615400,20.148068
GM,2012-05-31,22.26,22.41,22.00,22.200001,6009300,20.321995
GM,2012-05-30,22.50,22.50,21.98,22.370001,7369500,20.477614
GM,2012-05-29,22.620001,22.93,22.59,22.85,9790400,20.917008
GM,2012-05-25,22.040001,22.459999,22.00,22.440001,5662000,20.541692
GM,2012-05-24,21.98,22.129999,21.82,22.040001,5093400,20.17553
GM,2012-05-23,21.33,22.200001,21.32,22.129999,8340500,20.257915
GM,2012-05-22,21.709999,21.90,21.34,21.50,7021500,19.681211
GM,2012-05-21,21.34,21.68,21.26,21.540001,6295900,19.717828
GM,2012-05-18,21.540001,21.690001,21.09,21.18,7532600,19.388281
GM,2012-05-17,21.940001,22.27,21.549999,21.610001,12132600,19.781906
GM,2012-05-16,22.049999,22.620001,21.85,21.91,13640200,20.056527
GM,2012-05-15,21.57,21.83,21.34,21.42,7410500,19.607978
GM,2012-05-14,21.75,21.969999,21.60,21.629999,9665400,19.800213
GM,2012-05-11,22.00,22.540001,21.98,22.00,8045700,20.138913
GM,2012-05-10,22.690001,22.889999,22.34,22.370001,7235100,20.477614
GM,2012-05-09,21.879999,22.799999,21.85,22.440001,9812900,20.541692
GM,2012-05-08,22.25,22.35,21.870001,22.23,9317900,20.349456
GM,2012-05-07,21.870001,22.50,21.85,22.41,7853500,20.514229
GM,2012-05-04,22.200001,22.41,21.82,22.360001,14830800,20.46846
GM,2012-05-03,23.129999,23.190001,22.190001,22.370001,22816800,20.477614
GM,2012-05-02,23.190001,23.25,22.629999,22.93,14476300,20.99024
GM,2012-05-01,23.040001,23.48,22.60,23.309999,10151600,21.338094
GM,2012-04-30,23.379999,23.49,22.799999,23.00,8279100,21.054319
GM,2012-04-27,23.809999,24.09,23.34,23.530001,10495300,21.539484
GM,2012-04-26,23.16,23.75,23.16,23.719999,8132600,21.71341
GM,2012-04-25,23.15,23.360001,22.889999,23.309999,5548200,21.338094
GM,2012-04-24,23.02,23.40,22.879999,22.889999,8679500,20.953623
GM,2012-04-23,23.17,23.299999,22.90,22.950001,16187700,21.008549
GM,2012-04-20,24.059999,24.059999,23.52,23.60,12948000,21.603562
GM,2012-04-19,24.09,24.870001,23.870001,24.01,11206800,21.978878
GM,2012-04-18,23.870001,24.290001,23.75,24.15,6253300,22.107034
GM,2012-04-17,23.59,24.540001,23.549999,24.040001,10256900,22.006341
GM,2012-04-16,23.780001,23.93,23.360001,23.42,7528500,21.438789
GM,2012-04-13,24.219999,24.290001,23.620001,23.799999,7310900,21.786642
GM,2012-04-12,24.049999,24.49,24.00,24.299999,5041800,22.244345
GM,2012-04-11,23.84,24.280001,23.82,24.030001,9260900,21.997186
GM,2012-04-10,24.110001,24.139999,23.290001,23.709999,11856100,21.704255
GM,2012-04-09,24.219999,24.40,24.030001,24.200001,7242200,22.152805
GM,2012-04-05,24.99,25.18,24.610001,24.809999,8211300,22.711201
GM,2012-04-04,25.10,25.40,24.90,25.10,9785500,22.97667
GM,2012-04-03,26.639999,27.030001,25.27,25.540001,26410400,23.379448
GM,2012-04-02,26.030001,26.91,25.98,26.76,14465300,24.496242
GM,2012-03-30,25.49,25.780001,25.110001,25.65,6035000,23.480142
GM,2012-03-29,25.02,25.370001,24.940001,25.309999,6433300,23.168904
GM,2012-03-28,25.41,25.48,25.02,25.15,5162000,23.022439
GM,2012-03-27,25.42,25.85,25.34,25.35,6632500,23.205521
GM,2012-03-26,25.23,25.629999,25.139999,25.58,7957700,23.416064
GM,2012-03-23,25.040001,25.32,24.77,25.17,5802800,23.040748
GM,2012-03-22,25.01,25.26,24.870001,25.049999,5605800,22.930898
GM,2012-03-21,25.17,25.49,25.10,25.290001,6122800,23.150597
GM,2012-03-20,25.10,25.42,24.60,25.09,10819300,22.967515
GM,2012-03-19,25.50,25.700001,25.24,25.389999,5462700,23.242136
GM,2012-03-16,26.07,26.07,25.26,25.57,11752400,23.40691
GM,2012-03-15,26.370001,26.58,25.879999,26.049999,10133700,23.846304
GM,2012-03-14,26.129999,26.59,26.00,26.32,9082600,24.093463
GM,2012-03-13,25.48,26.10,25.33,26.07,8361200,23.864612
GM,2012-03-12,25.620001,25.709999,25.15,25.389999,4006300,23.242136
GM,2012-03-09,25.700001,25.82,25.389999,25.620001,6323600,23.452681
GM,2012-03-08,25.370001,25.59,25.10,25.450001,8646700,23.297062
GM,2012-03-07,24.75,25.209999,24.75,24.879999,6888800,22.775279
GM,2012-03-06,25.309999,25.34,24.379999,24.58,19071300,22.500659
GM,2012-03-05,26.27,26.40,25.799999,26.00,7650500,23.800534
GM,2012-03-02,26.549999,26.75,26.360001,26.450001,8465700,24.212467
GM,2012-03-01,26.190001,26.799999,26.15,26.469999,8893300,24.230774
GM,2012-02-29,26.07,26.549999,25.92,26.02,12018900,23.818843
GM,2012-02-28,26.49,26.530001,26.10,26.139999,7547000,23.92869
GM,2012-02-27,26.07,26.549999,25.57,26.459999,8600900,24.22162
GM,2012-02-24,26.90,26.950001,26.059999,26.07,9404600,23.864612
GM,2012-02-23,26.690001,27.27,26.26,26.790001,10300900,24.523705
GM,2012-02-22,27.08,27.129999,26.530001,26.549999,10693300,24.304006
GM,2012-02-21,27.299999,27.549999,26.99,27.059999,8593200,24.770863
GM,2012-02-17,27.17,27.68,27.01,27.34,17603600,25.027177
GM,2012-02-16,25.290001,27.26,25.27,27.17,35313600,24.871558
GM,2012-02-15,25.73,25.75,24.90,24.93,13329000,22.821051
GM,2012-02-14,25.209999,25.450001,25.00,25.40,9885800,23.251291
GM,2012-02-13,26.00,26.00,25.209999,25.34,10503600,23.196367
GM,2012-02-10,25.48,25.52,25.25,25.50,9819000,23.342831
GM,2012-02-09,25.959999,26.219999,25.50,25.74,7440000,23.562528
GM,2012-02-08,26.309999,26.42,25.58,25.75,17524300,23.571683
GM,2012-02-07,26.620001,26.620001,26.15,26.219999,10764100,24.001923
GM,2012-02-06,26.469999,26.83,25.950001,26.700001,17264100,24.441318
GM,2012-02-03,25.00,26.440001,24.790001,26.18,25528100,23.965307
GM,2012-02-02,24.65,24.690001,24.299999,24.309999,6670900,22.253499
GM,2012-02-01,24.33,24.58,24.07,24.370001,13337500,22.308424
GM,2012-01-31,24.530001,24.59,23.950001,24.02,9190800,21.988032
GM,2012-01-30,24.059999,24.57,23.950001,24.23,6319800,22.180266
GM,2012-01-27,23.799999,24.540001,23.33,24.370001,14784100,22.308424
GM,2012-01-26,25.10,25.50,24.60,24.719999,11585300,22.628815
GM,2012-01-25,24.889999,25.01,24.379999,24.92,13441000,22.811897
GM,2012-01-24,24.84,24.93,24.50,24.790001,8350000,22.692895
GM,2012-01-23,25.139999,25.25,24.790001,24.92,8923500,22.811897
GM,2012-01-20,24.93,25.110001,24.84,25.00,9896400,22.885129
GM,2012-01-19,24.690001,24.98,24.450001,24.82,15222800,22.720356
GM,2012-01-18,24.27,24.58,24.02,24.51,8919200,22.436581
GM,2012-01-17,24.60,24.68,24.17,24.200001,9385800,22.152805
GM,2012-01-13,24.27,24.65,23.91,24.290001,12963100,22.235192
GM,2012-01-12,24.35,24.82,23.76,24.67,16750800,22.583045
GM,2012-01-11,23.370001,24.639999,23.34,24.469999,21947000,22.399963
GM,2012-01-10,23.219999,23.40,22.780001,23.24,13538300,21.274016
GM,2012-01-09,23.200001,23.43,22.700001,22.84,12084500,20.907854
GM,2012-01-06,22.26,23.030001,22.24,22.92,18234500,20.981086
GM,2012-01-05,21.10,22.290001,20.959999,22.17,17880600,20.294532
GM,2012-01-04,21.049999,21.370001,20.75,21.15,7856700,19.360819
GM,2012-01-03,20.83,21.18,20.75,21.049999,9321300,19.269278
GM,2011-12-30,20.120001,20.370001,20.049999,20.27,6971400,18.555263
GM,2011-12-29,19.85,20.25,19.709999,20.209999,6891400,18.500337
GM,2011-12-28,20.08,20.129999,19.76,19.860001,7116200,18.179947
GM,2011-12-27,20.43,20.43,20.08,20.09,5866200,18.39049
GM,2011-12-23,20.809999,20.889999,20.450001,20.50,6480600,18.765806
GM,2011-12-22,20.25,20.85,20.17,20.700001,7287200,18.948887
GM,2011-12-21,19.74,20.440001,19.58,20.32,13054600,18.601032
GM,2011-12-20,19.42,19.90,19.35,19.690001,13952500,18.024328
GM,2011-12-19,20.120001,20.23,19.00,19.049999,15608900,17.438467
GM,2011-12-16,20.16,20.52,19.969999,20.15,9109900,18.445414
GM,2011-12-15,19.76,20.219999,19.51,20.10,10152400,18.399644
GM,2011-12-14,19.950001,20.01,19.42,19.469999,15053700,17.822938
GM,2011-12-13,20.959999,21.00,19.950001,20.110001,12647100,18.408798
GM,2011-12-12,20.66,20.90,20.559999,20.799999,6281600,19.040427
GM,2011-12-09,21.09,21.40,21.059999,21.15,6491100,19.360819
GM,2011-12-08,21.76,21.76,20.85,20.98,11508500,19.2052
GM,2011-12-07,21.620001,22.110001,21.48,21.940001,9194700,20.08399
GM,2011-12-06,21.60,21.879999,21.280001,21.68,10668900,19.845984
GM,2011-12-05,21.52,21.99,21.43,21.59,9808700,19.763597
GM,2011-12-02,21.35,21.73,21.129999,21.280001,9781200,19.479822
GM,2011-12-01,21.24,21.77,20.93,20.959999,12128500,19.186891
GM,2011-11-30,21.02,21.309999,20.940001,21.290001,11147700,19.488977
GM,2011-11-29,20.73,20.85,20.299999,20.309999,7665000,18.591878
GM,2011-11-28,20.950001,21.43,20.65,20.74,8959100,18.985503
GM,2011-11-25,20.219999,20.709999,20.209999,20.34,2757600,18.619341
GM,2011-11-23,20.48,20.690001,20.059999,20.24,9594500,18.5278
GM,2011-11-22,20.92,21.120001,20.700001,20.73,7288600,18.976348
GM,2011-11-21,21.10,21.18,20.540001,21.049999,11757900,19.269278
GM,2011-11-18,22.01,22.18,21.620001,21.68,6592500,19.845984
GM,2011-11-17,22.719999,22.75,21.559999,21.790001,12692700,19.946679
GM,2011-11-16,23.24,23.35,22.620001,22.65,9297200,20.733926
GM,2011-11-15,22.809999,23.530001,22.60,23.35,13867200,21.374711
GM,2011-11-14,22.559999,23.290001,22.51,22.99,13433300,21.045164
GM,2011-11-11,22.950001,23.10,22.219999,22.51,15438300,20.60577
GM,2011-11-10,22.440001,22.85,21.93,22.700001,15866600,20.779698
GM,2011-11-09,23.07,23.57,22.15,22.309999,32911600,20.422689
GM,2011-11-08,24.200001,25.17,23.98,25.040001,19891800,22.921746
GM,2011-11-07,23.93,24.15,23.52,24.01,9802800,21.978878
GM,2011-11-04,23.889999,23.92,23.309999,23.610001,9452000,21.612716
GM,2011-11-03,23.82,24.120001,22.76,24.030001,19953000,21.997186
GM,2011-11-02,23.700001,23.73,22.92,23.200001,14355800,21.2374
GM,2011-11-01,24.82,24.90,23.25,23.33,25365200,21.356402
GM,2011-10-31,25.92,26.16,25.610001,25.85,8853600,23.663224
GM,2011-10-28,26.219999,26.549999,26.00,26.450001,10718700,24.212467
GM,2011-10-27,25.870001,26.469999,25.200001,26.32,18428600,24.093463
GM,2011-10-26,25.02,25.280001,24.690001,24.99,17497500,22.875975
GM,2011-10-25,24.860001,25.190001,24.16,24.860001,11384500,22.756973
GM,2011-10-24,24.280001,25.24,24.25,24.98,13534100,22.86682
GM,2011-10-21,23.40,24.379999,23.200001,24.35,12352500,22.290116
GM,2011-10-20,23.02,23.18,22.51,22.959999,9488400,21.017702
GM,2011-10-19,23.52,23.549999,22.959999,23.09,7600700,21.136705
GM,2011-10-18,23.190001,23.870001,22.77,23.540001,14135700,21.548638
GM,2011-10-17,24.17,24.190001,23.15,23.18,8633400,21.219092
GM,2011-10-14,23.68,24.16,23.360001,24.16,14753200,22.116188
GM,2011-10-13,23.379999,23.379999,22.50,23.15,9858600,21.191629
GM,2011-10-12,22.940001,23.969999,22.860001,23.41,17303900,21.429635
GM,2011-10-11,22.43,22.690001,22.280001,22.50,10258300,20.596616
GM,2011-10-10,22.51,22.969999,22.360001,22.620001,11291700,20.706465
GM,2011-10-07,22.58,22.93,21.82,22.01,14476800,20.148068
GM,2011-10-06,22.299999,22.60,21.75,22.35,13553000,20.459306
GM,2011-10-05,21.33,22.290001,20.76,22.27,17155800,20.386073
GM,2011-10-04,19.450001,21.459999,19.049999,21.42,23800000,19.607978
GM,2011-10-03,20.129999,20.90,19.65,19.73,13950700,18.060943
GM,2011-09-30,20.440001,20.50,20.10,20.18,10151100,18.472876
GM,2011-09-29,20.719999,20.969999,20.120001,20.76,10781000,19.003811
GM,2011-09-28,21.200001,21.440001,20.370001,20.41,10120900,18.683419
GM,2011-09-27,21.60,21.83,21.08,21.190001,11170900,19.397436
GM,2011-09-26,21.32,21.440001,20.530001,21.08,8503500,19.296741
GM,2011-09-23,19.77,21.280001,19.77,21.00,13722000,19.223508
GM,2011-09-22,20.59,20.99,20.040001,20.24,17284200,18.5278
GM,2011-09-21,22.389999,22.700001,21.219999,21.280001,9850700,19.479822
GM,2011-09-20,23.049999,23.10,22.42,22.43,9507100,20.532538
GM,2011-09-19,22.15,23.17,22.049999,23.049999,14082400,21.100088
GM,2011-09-16,22.68,22.77,22.34,22.610001,7932400,20.697311
GM,2011-09-15,22.59,22.790001,22.15,22.700001,8039200,20.779698
GM,2011-09-14,22.219999,22.49,21.620001,22.18,11623100,20.303687
GM,2011-09-13,21.870001,22.33,21.50,22.00,11189600,20.138913
GM,2011-09-12,21.15,21.950001,21.00,21.870001,9325700,20.019911
GM,2011-09-09,22.360001,22.450001,21.469999,21.76,11920600,19.919216
GM,2011-09-08,22.790001,23.129999,22.24,22.48,11782500,20.578307
GM,2011-09-07,21.82,23.040001,21.82,22.860001,13412200,20.926162
GM,2011-09-06,21.360001,21.58,20.879999,21.440001,14282500,19.626287
GM,2011-09-02,22.41,22.549999,21.73,22.07,14086700,20.202991
GM,2011-09-01,24.09,24.25,22.91,23.030001,16926200,21.081781
GM,2011-08-31,23.870001,24.49,23.83,24.030001,12329600,21.997186
GM,2011-08-30,23.459999,23.74,23.049999,23.58,8142900,21.585253
GM,2011-08-29,23.299999,23.959999,23.27,23.790001,10642100,21.777489
GM,2011-08-26,22.200001,23.08,21.799999,22.870001,10278000,20.935317
GM,2011-08-25,22.49,22.74,22.10,22.299999,11099900,20.413534
GM,2011-08-24,21.889999,22.389999,21.57,22.370001,14527400,20.477614
GM,2011-08-23,21.780001,22.059999,21.209999,22.059999,20007100,20.193837
GM,2011-08-22,22.540001,22.719999,21.18,21.709999,27158700,19.873445
GM,2011-08-19,23.25,23.440001,21.709999,22.16,34432900,20.285378
GM,2011-08-18,23.99,24.08,23.27,23.60,15853700,21.603562
GM,2011-08-17,26.00,26.09,24.90,24.940001,12062000,22.830205
GM,2011-08-16,26.219999,26.690001,25.690001,25.83,10145500,23.644915
GM,2011-08-15,26.030001,26.540001,25.790001,26.42,12994800,24.185004
GM,2011-08-12,26.299999,26.50,25.49,25.75,18861500,23.571683
GM,2011-08-11,24.110001,26.17,24.110001,25.809999,25179600,23.626607
GM,2011-08-10,24.66,25.00,23.83,23.92,20642400,21.896491
GM,2011-08-09,25.09,25.559999,24.00,25.540001,26704600,23.379448
GM,2011-08-08,24.610001,25.35,23.790001,24.57,32608700,22.491504
GM,2011-08-05,26.07,26.459999,24.49,26.309999,34926100,24.084309
GM,2011-08-04,27.16,27.200001,25.709999,25.99,38839500,23.79138
GM,2011-08-03,27.030001,27.17,26.129999,27.17,15790400,24.871558
GM,2011-08-02,27.75,28.09,27.02,27.049999,18222000,24.761709
GM,2011-08-01,28.879999,28.879999,27.700001,28.07,12825600,25.695422
GM,2011-07-29,27.620001,28.10,27.309999,27.68,12182900,25.338415
GM,2011-07-28,28.219999,28.90,28.02,28.10,11029000,25.722885
GM,2011-07-27,28.90,29.00,28.030001,28.139999,14552900,25.7595
GM,2011-07-26,29.67,29.700001,28.959999,29.09,9268400,26.629136
GM,2011-07-25,29.530001,29.84,29.389999,29.50,8690700,27.004452
GM,2011-07-22,29.969999,30.290001,29.879999,30.10,7820100,27.553695
GM,2011-07-21,29.389999,30.02,29.16,29.959999,12231600,27.425538
GM,2011-07-20,29.450001,29.48,29.049999,29.24,6997900,26.766447
GM,2011-07-19,29.200001,29.49,28.76,29.33,10283400,26.848833
GM,2011-07-18,29.57,29.65,28.620001,29.10,13850000,26.63829
GM,2011-07-15,30.389999,30.620001,29.52,29.76,10400000,27.242458
GM,2011-07-14,30.85,30.969999,30.030001,30.10,10800200,27.553695
GM,2011-07-13,30.870001,31.299999,30.610001,30.75,8093200,28.148708
GM,2011-07-12,30.24,30.940001,30.02,30.68,10536600,28.08463
GM,2011-07-11,30.98,31.200001,30.549999,30.75,8376600,28.148708
GM,2011-07-08,31.25,31.700001,31.16,31.58,9872100,28.908495
GM,2011-07-07,31.790001,32.080002,31.65,31.799999,13339400,29.109883
GM,2011-07-06,31.370001,31.68,31.09,31.190001,14223700,28.551487
GM,2011-07-05,30.870001,31.360001,30.58,30.860001,8836900,28.249404
GM,2011-07-01,30.35,30.860001,29.92,30.58,18098400,27.99309
GM,2011-06-30,30.299999,30.559999,30.219999,30.360001,18645700,27.791701
GM,2011-06-29,30.790001,30.790001,30.25,30.299999,12716100,27.736775
GM,2011-06-28,30.209999,30.790001,30.18,30.50,12698300,27.919857
GM,2011-06-27,29.790001,30.459999,29.60,30.26,15348000,27.70016
GM,2011-06-24,30.15,30.299999,29.66,29.92,50062300,27.388922
GM,2011-06-23,29.530001,30.200001,29.32,30.139999,13780400,27.590311
GM,2011-06-22,29.620001,30.18,29.50,29.969999,15520300,27.434692
GM,2011-06-21,29.51,30.00,29.43,29.59,12648300,27.086839
GM,2011-06-20,28.870001,29.60,28.77,29.52,9038000,27.022761
GM,2011-06-17,28.73,29.059999,28.57,29.00,16732300,26.546749
GM,2011-06-16,28.700001,28.99,28.17,28.59,14079400,26.171433
GM,2011-06-15,28.77,29.110001,28.639999,28.950001,11669900,26.50098
GM,2011-06-14,28.92,29.49,28.860001,29.110001,10948400,26.647445
GM,2011-06-13,28.90,29.08,28.290001,28.59,9791900,26.171433
GM,2011-06-10,29.299999,29.299999,28.65,28.85,11734000,26.409439
GM,2011-06-09,29.200001,29.58,28.91,29.450001,13593600,26.958682
GM,2011-06-08,28.52,29.34,28.40,28.860001,16534000,26.418593
GM,2011-06-07,28.889999,29.040001,28.389999,28.780001,15237900,26.345361
GM,2011-06-06,29.02,29.41,28.549999,28.559999,13416100,26.143971
GM,2011-06-03,29.280001,29.559999,28.90,29.120001,21968400,26.656599
GM,2011-06-02,30.33,30.559999,29.40,29.60,22440900,27.095993
GM,2011-06-01,31.700001,31.700001,30.15,30.23,19134400,27.672697
GM,2011-05-31,31.440001,31.870001,31.129999,31.809999,22938900,29.119037
GM,2011-05-27,30.77,31.48,30.59,31.280001,9114200,28.633874
GM,2011-05-26,31.08,31.10,30.52,30.68,12244400,28.08463
GM,2011-05-25,30.559999,31.379999,30.50,31.27,14390800,28.62472
GM,2011-05-24,31.129999,31.200001,30.50,30.83,8779100,28.221941
GM,2011-05-23,30.68,31.16,30.50,30.959999,8971700,28.340943
GM,2011-05-20,31.360001,31.50,31.10,31.18,7224100,28.542333
GM,2011-05-19,31.530001,31.790001,31.309999,31.469999,9575300,28.8078
GM,2011-05-18,31.07,31.620001,31.00,31.52,9949400,28.853571
GM,2011-05-17,31.059999,31.379999,30.83,31.10,11191200,28.469101
GM,2011-05-16,31.25,31.50,31.08,31.10,7291700,28.469101
GM,2011-05-13,31.459999,31.540001,30.85,31.07,10837200,28.441638
GM,2011-05-12,31.07,31.60,30.93,31.42,14128200,28.76203
GM,2011-05-11,31.57,31.860001,31.110001,31.299999,9073300,28.652181
GM,2011-05-10,31.469999,31.639999,31.33,31.610001,7841900,28.935957
GM,2011-05-09,31.74,32.060001,31.360001,31.389999,10716400,28.734567
GM,2011-05-06,32.50,32.599998,31.84,31.91,12801800,29.210578
GM,2011-05-05,32.060001,32.68,31.49,32.02,26623400,29.311273
GM,2011-05-04,33.16,33.470001,32.709999,33.040001,20492000,30.244987
GM,2011-05-03,32.380001,33.200001,32.360001,32.990002,29894800,30.199218
GM,2011-05-02,32.41,32.50,31.92,32.18,11014500,29.457738
GM,2011-04-29,31.99,32.580002,31.91,32.09,13774600,29.375352
GM,2011-04-28,31.76,32.099998,31.48,31.91,15810100,29.210578
GM,2011-04-27,31.469999,31.790001,31.280001,31.780001,14945600,29.091576
GM,2011-04-26,31.389999,31.51,30.959999,31.27,15700000,28.62472
GM,2011-04-25,31.00,31.190001,30.32,31.139999,15442500,28.505716
GM,2011-04-21,30.049999,31.00,30.01,30.950001,18920800,28.33179
GM,2011-04-20,29.76,30.379999,29.42,29.93,22038100,27.398077
GM,2011-04-19,29.809999,29.91,29.17,29.59,19914800,27.086839
GM,2011-04-18,30.059999,30.34,29.90,29.969999,12745600,27.434692
GM,2011-04-15,30.59,30.719999,30.18,30.24,9882800,27.681852
GM,2011-04-14,30.65,30.860001,30.35,30.58,9044800,27.99309
GM,2011-04-13,31.23,31.32,30.59,30.860001,13781100,28.249404
GM,2011-04-12,30.40,31.34,30.10,31.15,19648600,28.51487
GM,2011-04-11,31.34,31.450001,30.549999,30.77,15179100,28.167017
GM,2011-04-08,32.400002,32.75,31.33,31.52,16057700,28.853571
GM,2011-04-07,32.84,32.84,32.07,32.310001,11242400,29.576742
GM,2011-04-06,33.00,33.279999,32.52,32.869999,8160100,30.089366
GM,2011-04-05,32.32,32.869999,32.099998,32.869999,10106900,30.089366
GM,2011-04-04,32.50,32.720001,32.200001,32.389999,12331400,29.649972
GM,2011-04-01,31.389999,32.630001,30.84,32.41,29883100,29.668281
GM,2011-03-31,31.40,31.549999,31.00,31.030001,8976600,28.405023
GM,2011-03-30,31.16,31.639999,31.040001,31.549999,7657000,28.881032
GM,2011-03-29,30.93,31.17,30.68,31.10,9756700,28.469101
GM,2011-03-28,31.58,31.58,30.85,30.85,10302600,28.240249
GM,2011-03-25,31.49,31.700001,31.09,31.469999,15242300,28.8078
GM,2011-03-24,31.32,31.60,31.24,31.389999,15743100,28.734567
GM,2011-03-23,30.60,31.280001,30.200001,31.16,23016000,28.524024
GM,2011-03-22,31.280001,31.35,30.51,30.74,16982100,28.139554
GM,2011-03-21,32.240002,32.299999,31.23,31.280001,13196500,28.633874
GM,2011-03-18,31.74,31.950001,31.42,31.85,9861200,29.155655
GM,2011-03-17,32.18,32.389999,31.33,31.440001,11025600,28.780339
GM,2011-03-16,32.419998,32.529999,31.40,31.780001,14148900,29.091576
GM,2011-03-15,30.98,32.490002,30.65,32.349998,21471300,29.613355
GM,2011-03-14,32.139999,32.299999,31.43,31.59,9976500,28.917649
GM,2011-03-11,31.25,32.060001,31.24,31.93,14024000,29.228887
GM,2011-03-10,31.469999,31.780001,30.950001,31.42,38333600,28.76203
GM,2011-03-09,32.740002,32.759998,32.099998,32.25,11225600,29.521816
GM,2011-03-08,31.74,32.82,31.690001,32.720001,14509400,29.952058
GM,2011-03-07,32.349998,32.50,31.52,31.700001,15077100,29.018344
GM,2011-03-04,33.07,33.080002,32.009998,32.389999,24240900,29.649972
GM,2011-03-03,33.029999,33.169998,32.650002,33.029999,17614800,30.235831
GM,2011-03-02,32.900002,33.169998,32.59,32.880001,14306700,30.098522
GM,2011-03-01,33.689999,33.75,32.43,32.950001,27321600,30.162601
GM,2011-02-28,33.490002,33.740002,32.860001,33.529999,15886400,30.693534
GM,2011-02-25,33.669998,34.200001,33.049999,33.25,29017800,30.437221
GM,2011-02-24,34.900002,35.00,32.049999,33.02,63562800,30.226679
GM,2011-02-23,35.849998,35.939999,33.799999,34.59,28192500,31.663864
GM,2011-02-22,35.860001,36.150002,35.450001,35.77,13937400,32.744043
GM,2011-02-18,36.419998,36.759998,36.380001,36.509998,6815800,33.421441
GM,2011-02-17,36.549999,36.700001,36.299999,36.369999,7463000,33.293284
GM,2011-02-16,36.110001,36.84,36.02,36.75,8680900,33.641139
GM,2011-02-15,36.189999,36.41,35.799999,36.110001,10336500,33.055281
GM,2011-02-14,36.549999,36.560001,35.470001,36.290001,7121200,33.220054
GM,2011-02-11,35.759998,36.57,35.549999,36.450001,13508300,33.366519
GM,2011-02-10,36.169998,36.639999,35.52,35.880001,11542400,32.844738
GM,2011-02-09,36.82,36.91,36.279999,36.41,6399300,33.329902
GM,2011-02-08,36.970001,37.049999,36.400002,36.889999,6243000,33.769296
GM,2011-02-07,36.950001,37.09,36.610001,36.700001,7328800,33.59537
GM,2011-02-04,36.25,36.73,35.889999,36.59,11115000,33.494675
GM,2011-02-03,35.970001,36.060001,35.130001,36.060001,19350000,33.009511
GM,2011-02-02,36.459999,36.560001,35.580002,35.68,17434700,32.661656
GM,2011-02-01,36.93,37.23,36.130001,36.450001,28091600,33.366519
GM,2011-01-31,36.889999,37.049999,35.889999,36.490002,13954800,33.403136
GM,2011-01-28,38.00,38.02,36.009998,36.599998,37134600,33.503827
GM,2011-01-27,38.200001,38.950001,38.029999,38.669998,13950000,35.398716
GM,2011-01-26,38.75,38.91,37.860001,37.889999,11534600,34.684701
GM,2011-01-25,37.849998,38.490002,37.709999,38.400002,12318700,35.151559
GM,2011-01-24,37.709999,37.860001,37.029999,37.639999,12202800,34.455849
GM,2011-01-21,37.330002,37.849998,36.82,37.240002,9548500,34.089689
GM,2011-01-20,37.110001,37.290001,36.27,37.18,15844900,34.034764
GM,2011-01-19,37.779999,37.93,37.259998,37.400002,12667700,34.236154
GM,2011-01-18,38.049999,38.330002,37.32,38.029999,8918200,34.812857
GM,2011-01-14,38.18,38.470001,38.040001,38.200001,5894200,34.968478
GM,2011-01-13,38.66,38.709999,38.110001,38.27,11358300,35.032556
GM,2011-01-12,38.950001,39.369999,38.369999,38.619999,16773900,35.352946
GM,2011-01-11,38.66,39.43,38.509998,38.75,14856500,35.47195
GM,2011-01-10,39.34,39.360001,38.439999,38.560001,18341600,35.298024
GM,2011-01-07,38.84,39.330002,38.509998,38.98,19901100,35.682492
GM,2011-01-06,38.240002,39.48,38.07,38.900002,38556900,35.609262
GM,2011-01-05,37.470001,38.299999,37.470001,38.07,22503900,34.849474
GM,2011-01-04,37.099998,37.990002,36.68,37.900002,32363400,34.693857
GM,2011-01-03,37.32,38.00,37.029999,37.060001,24874900,33.924916
GM,2010-12-31,36.84,36.959999,36.57,36.860001,6163900,33.741835
GM,2010-12-30,36.099998,36.98,36.02,36.82,16980800,33.705217
GM,2010-12-29,35.470001,36.299999,35.25,36.02,20960800,32.972894
GM,2010-12-28,35.380001,35.669998,35.07,35.32,23489000,32.33211
GM,2010-12-27,34.41,34.889999,34.189999,34.599998,7368300,31.673017
GM,2010-12-23,34.669998,35.52,34.619999,34.810001,20529200,31.865255
GM,2010-12-22,33.720001,34.950001,33.529999,34.919998,20935100,31.965946
GM,2010-12-21,33.860001,33.939999,33.720001,33.849998,9012400,30.986463
GM,2010-12-20,33.91,34.049999,33.740002,33.759998,12476400,30.904076
GM,2010-12-17,33.529999,34.00,33.189999,34.00,35681600,31.123775
GM,2010-12-16,33.57,33.860001,33.560001,33.610001,9885700,30.766768
GM,2010-12-15,33.810001,34.009998,33.610001,33.610001,10182700,30.766768
GM,2010-12-14,33.73,33.919998,33.450001,33.889999,15165600,31.02308
GM,2010-12-13,33.959999,34.049999,33.700001,33.799999,11029300,30.940694
GM,2010-12-10,33.849998,33.990002,33.529999,33.810001,11741700,30.94985
GM,2010-12-09,34.360001,34.43,33.619999,33.740002,18402200,30.885771
GM,2010-12-08,34.610001,34.73,34.330002,34.450001,12603900,31.535708
GM,2010-12-07,34.75,34.889999,34.459999,34.68,20823000,31.746251
GM,2010-12-06,34.48,34.779999,34.41,34.48,11676500,31.563169
GM,2010-12-03,34.549999,34.599998,33.970001,34.549999,19395200,31.627247
GM,2010-12-02,34.919998,34.98,34.509998,34.68,23196100,31.746251
GM,2010-12-01,34.650002,34.950001,34.419998,34.779999,34633200,31.83779
GM,2010-11-30,33.529999,34.25,33.360001,34.200001,57476900,31.306857
GM,2010-11-29,33.799999,33.810001,33.07,33.799999,27776900,30.940694
GM,2010-11-26,33.41,33.810001,33.209999,33.799999,12301200,30.940694
GM,2010-11-24,33.73,33.799999,33.220001,33.48,26138000,30.647764
GM,2010-11-23,33.950001,33.990002,33.189999,33.25,31170200,30.437221
GM,2010-11-22,34.200001,34.48,33.810001,34.080002,36650600,31.197009
GM,2010-11-19,34.150002,34.50,33.110001,34.259998,107842000,31.361779
GM,2010-11-18,35.00,35.990002,33.889999,34.189999,457044300,31.297701
