GM,2016-04-28,09:30:00,31.97,31.98,31.95,31.95,135669
GM,2016-04-28,09:31:00,32.00,32.02,31.95,31.95,31267
GM,2016-04-28,09:32:00,31.96,31.99,31.93,31.93,20293
GM,2016-04-28,09:33:00,31.93,31.98,31.90,31.97,23052
GM,2016-04-28,09:34:00,31.97,32.00,31.79,31.85,48391
GM,2016-04-28,09:35:00,31.84,31.90,31.81,31.85,25671
GM,2016-04-28,09:36:00,31.84,31.89,31.75,31.81,151041
GM,2016-04-28,09:37:00,31.81,31.81,31.73,31.75,56605
GM,2016-04-28,09:38:00,31.75,31.81,31.75,31.78,70866
GM,2016-04-28,09:39:00,31.77,31.81,31.77,31.79,59731
GM,2016-04-28,09:40:00,31.79,31.80,31.77,31.79,46702
GM,2016-04-28,09:41:00,31.79,31.80,31.77,31.80,22288
GM,2016-04-28,09:42:00,31.79,31.87,31.79,31.84,29876
GM,2016-04-28,09:43:00,31.84,31.85,31.79,31.79,25483
GM,2016-04-28,09:44:00,31.79,31.81,31.79,31.80,54030
GM,2016-04-28,09:45:00,31.80,31.81,31.79,31.80,46131
GM,2016-04-28,09:46:00,31.80,31.81,31.77,31.78,50905
GM,2016-04-28,09:47:00,31.78,31.79,31.75,31.77,54156
GM,2016-04-28,09:48:00,31.76,31.79,31.76,31.78,29742
GM,2016-04-28,09:49:00,31.78,31.78,31.73,31.76,66253
GM,2016-04-28,09:50:00,31.77,31.79,31.77,31.79,49611
GM,2016-04-28,09:51:00,31.79,31.82,31.79,31.80,40291
GM,2016-04-28,09:52:00,31.80,31.82,31.80,31.81,66646
GM,2016-04-28,09:53:00,31.80,31.85,31.79,31.83,87352
GM,2016-04-28,09:54:00,31.83,31.91,31.83,31.88,52109
GM,2016-04-28,09:55:00,31.89,31.90,31.88,31.88,29224
GM,2016-04-28,09:56:00,31.88,31.88,31.86,31.87,21033
GM,2016-04-28,09:57:00,31.88,31.91,31.87,31.89,18482
GM,2016-04-28,09:58:00,31.89,31.91,31.89,31.90,19468
GM,2016-04-28,09:59:00,31.89,31.94,31.89,31.94,12467
GM,2016-04-28,10:00:00,31.94,31.95,31.93,31.95,27195
GM,2016-04-28,10:01:00,31.95,31.98,31.94,31.98,30391
GM,2016-04-28,10:02:00,31.98,32.01,31.97,32.00,74622
GM,2016-04-28,10:03:00,32.00,32.02,31.98,32.01,27775
GM,2016-04-28,10:04:00,32.02,32.08,32.02,32.05,27713
GM,2016-04-28,10:05:00,32.05,32.10,32.05,32.10,17930
GM,2016-04-28,10:06:00,32.10,32.12,32.10,32.12,34248
GM,2016-04-28,10:07:00,32.12,32.14,32.12,32.13,14291
GM,2016-04-28,10:08:00,32.13,32.15,32.09,32.09,51631
GM,2016-04-28,10:09:00,32.10,32.10,32.09,32.10,20296
GM,2016-04-28,10:10:00,32.09,32.14,32.09,32.12,43250
GM,2016-04-28,10:11:00,32.11,32.11,32.09,32.09,12600
GM,2016-04-28,10:12:00,32.09,32.12,32.08,32.11,28434
GM,2016-04-28,10:13:00,32.12,32.18,32.12,32.17,26286
GM,2016-04-28,10:14:00,32.16,32.21,32.16,32.20,35516
GM,2016-04-28,10:15:00,32.20,32.21,32.15,32.16,35148
GM,2016-04-28,10:16:00,32.15,32.15,32.12,32.12,11250
GM,2016-04-28,10:17:00,32.12,32.14,32.10,32.13,30205
GM,2016-04-28,10:18:00,32.13,32.14,32.12,32.12,7142
GM,2016-04-28,10:19:00,32.12,32.16,32.12,32.15,51134
GM,2016-04-28,10:20:00,32.15,32.15,32.13,32.13,8065
GM,2016-04-28,10:21:00,32.14,32.14,32.11,32.12,16314
GM,2016-04-28,10:22:00,32.12,32.13,32.10,32.10,11588
GM,2016-04-28,10:23:00,32.10,32.13,32.10,32.13,27462
GM,2016-04-28,10:24:00,32.12,32.15,32.12,32.12,35115
GM,2016-04-28,10:25:00,32.12,32.13,32.11,32.12,17094
GM,2016-04-28,10:26:00,32.12,32.13,32.11,32.12,15871
GM,2016-04-28,10:27:00,32.12,32.16,32.12,32.15,26152
GM,2016-04-28,10:28:00,32.15,32.18,32.15,32.17,13381
GM,2016-04-28,10:29:00,32.17,32.18,32.16,32.16,13399
GM,2016-04-28,10:30:00,32.16,32.18,32.15,32.18,22316
GM,2016-04-28,10:31:00,32.18,32.21,32.18,32.21,31246
GM,2016-04-28,10:32:00,32.20,32.23,32.20,32.22,24004
GM,2016-04-28,10:33:00,32.23,32.24,32.22,32.22,44131
GM,2016-04-28,10:34:00,32.23,32.24,32.22,32.23,22057
GM,2016-04-28,10:35:00,32.23,32.25,32.23,32.25,61938
GM,2016-04-28,10:36:00,32.25,32.27,32.24,32.27,38795
GM,2016-04-28,10:37:00,32.28,32.29,32.27,32.29,27489
GM,2016-04-28,10:38:00,32.29,32.33,32.27,32.33,47942
GM,2016-04-28,10:39:00,32.32,32.35,32.32,32.35,18795
GM,2016-04-28,10:40:00,32.35,32.36,32.34,32.36,41648
GM,2016-04-28,10:41:00,32.36,32.38,32.35,32.37,42836
GM,2016-04-28,10:42:00,32.38,32.38,32.35,32.37,63176
GM,2016-04-28,10:43:00,32.37,32.38,32.33,32.33,33014
GM,2016-04-28,10:44:00,32.33,32.33,32.29,32.30,25711
GM,2016-04-28,10:45:00,32.30,32.33,32.28,32.30,24323
GM,2016-04-28,10:46:00,32.30,32.32,32.29,32.32,13453
GM,2016-04-28,10:47:00,32.32,32.33,32.31,32.33,13707
GM,2016-04-28,10:48:00,32.31,32.39,32.31,32.39,92306
GM,2016-04-28,10:49:00,32.38,32.38,32.36,32.36,23301
GM,2016-04-28,10:50:00,32.37,32.41,32.37,32.41,58987
GM,2016-04-28,10:51:00,32.41,32.50,32.40,32.49,201145
GM,2016-04-28,10:52:00,32.49,32.50,32.42,32.44,60624
GM,2016-04-28,10:53:00,32.43,32.46,32.42,32.46,27423
GM,2016-04-28,10:54:00,32.45,32.46,32.42,32.42,80246
GM,2016-04-28,10:55:00,32.43,32.46,32.43,32.44,45233
GM,2016-04-28,10:56:00,32.44,32.48,32.43,32.47,22098
GM,2016-04-28,10:57:00,32.47,32.47,32.46,32.46,34079
GM,2016-04-28,10:58:00,32.46,32.46,32.44,32.44,21860
GM,2016-04-28,10:59:00,32.45,32.47,32.45,32.46,41715
GM,2016-04-28,11:00:00,32.47,32.47,32.45,32.46,36371
GM,2016-04-28,11:01:00,32.46,32.46,32.44,32.45,30435
GM,2016-04-28,11:02:00,32.45,32.47,32.45,32.45,15871
GM,2016-04-28,11:03:00,32.46,32.47,32.45,32.46,22582
GM,2016-04-28,11:04:00,32.46,32.49,32.46,32.49,17268
GM,2016-04-28,11:05:00,32.49,32.52,32.49,32.50,51804
GM,2016-04-28,11:06:00,32.49,32.52,32.49,32.49,18540
GM,2016-04-28,11:07:00,32.49,32.50,32.48,32.50,29190
GM,2016-04-28,11:08:00,32.49,32.49,32.44,32.48,42306
GM,2016-04-28,11:09:00,32.48,32.53,32.48,32.52,30005
GM,2016-04-28,11:10:00,32.52,32.53,32.50,32.50,14988
GM,2016-04-28,11:11:00,32.50,32.53,32.50,32.53,22778
GM,2016-04-28,11:12:00,32.53,32.53,32.51,32.52,19451
GM,2016-04-28,11:13:00,32.52,32.53,32.50,32.53,20367
GM,2016-04-28,11:14:00,32.52,32.52,32.51,32.51,11200
GM,2016-04-28,11:15:00,32.52,32.54,32.52,32.54,22698
GM,2016-04-28,11:16:00,32.55,32.57,32.55,32.57,25551
GM,2016-04-28,11:17:00,32.56,32.56,32.54,32.54,15399
GM,2016-04-28,11:18:00,32.54,32.54,32.51,32.52,20445
GM,2016-04-28,11:19:00,32.52,32.55,32.52,32.55,14666
GM,2016-04-28,11:20:00,32.55,32.57,32.54,32.54,13421
GM,2016-04-28,11:21:00,32.54,32.55,32.54,32.55,39053
GM,2016-04-28,11:22:00,32.55,32.56,32.53,32.53,16591
GM,2016-04-28,11:23:00,32.53,32.55,32.52,32.52,18348
GM,2016-04-28,11:24:00,32.52,32.54,32.52,32.53,21377
GM,2016-04-28,11:25:00,32.53,32.57,32.52,32.57,70995
GM,2016-04-28,11:26:00,32.57,32.58,32.54,32.55,44891
GM,2016-04-28,11:27:00,32.55,32.55,32.52,32.55,60813
GM,2016-04-28,11:28:00,32.54,32.55,32.53,32.53,50356
GM,2016-04-28,11:29:00,32.53,32.55,32.53,32.53,33118
GM,2016-04-28,11:30:00,32.54,32.55,32.53,32.54,12320
GM,2016-04-28,11:31:00,32.54,32.61,32.52,32.61,182746
GM,2016-04-28,11:32:00,32.60,32.63,32.60,32.62,35723
GM,2016-04-28,11:33:00,32.63,32.67,32.62,32.66,78179
GM,2016-04-28,11:34:00,32.66,32.66,32.59,32.62,76995
GM,2016-04-28,11:35:00,32.62,32.65,32.62,32.64,19525
GM,2016-04-28,11:36:00,32.65,32.66,32.63,32.66,69811
GM,2016-04-28,11:37:00,32.66,32.68,32.64,32.66,86611
GM,2016-04-28,11:38:00,32.66,32.70,32.66,32.70,28700
GM,2016-04-28,11:39:00,32.70,32.73,32.68,32.68,56004
GM,2016-04-28,11:40:00,32.69,32.72,32.69,32.72,14207
GM,2016-04-28,11:41:00,32.72,32.73,32.71,32.73,26364
GM,2016-04-28,11:42:00,32.73,32.73,32.71,32.72,33494
GM,2016-04-28,11:43:00,32.71,32.71,32.70,32.70,10595
GM,2016-04-28,11:44:00,32.70,32.71,32.69,32.70,30606
GM,2016-04-28,11:45:00,32.70,32.71,32.69,32.70,18333
GM,2016-04-28,11:46:00,32.71,32.71,32.67,32.67,23624
GM,2016-04-28,11:47:00,32.67,32.68,32.66,32.68,19979
GM,2016-04-28,11:48:00,32.67,32.68,32.64,32.64,55146
GM,2016-04-28,11:49:00,32.64,32.67,32.64,32.66,27446
GM,2016-04-28,11:50:00,32.65,32.66,32.63,32.63,22403
GM,2016-04-28,11:51:00,32.63,32.67,32.63,32.65,39641
GM,2016-04-28,11:52:00,32.65,32.65,32.63,32.63,20544
GM,2016-04-28,11:53:00,32.63,32.64,32.62,32.62,30888
GM,2016-04-28,11:54:00,32.61,32.64,32.61,32.62,14311
GM,2016-04-28,11:55:00,32.62,32.62,32.59,32.59,9414
GM,2016-04-28,11:56:00,32.59,32.60,32.58,32.59,9084
GM,2016-04-28,11:57:00,32.60,32.62,32.59,32.61,18724
GM,2016-04-28,11:58:00,32.62,32.62,32.61,32.62,13318
GM,2016-04-28,11:59:00,32.62,32.63,32.61,32.61,7494
GM,2016-04-28,12:00:00,32.62,32.62,32.59,32.59,14505
GM,2016-04-28,12:01:00,32.59,32.59,32.57,32.58,41887
GM,2016-04-28,12:02:00,32.58,32.59,32.56,32.56,22315
GM,2016-04-28,12:03:00,32.55,32.55,32.54,32.54,9511
GM,2016-04-28,12:04:00,32.54,32.54,32.52,32.52,54094
GM,2016-04-28,12:05:00,32.53,32.54,32.52,32.53,18183
GM,2016-04-28,12:06:00,32.53,32.55,32.53,32.55,21378
GM,2016-04-28,12:07:00,32.55,32.55,32.54,32.54,27368
GM,2016-04-28,12:08:00,32.54,32.55,32.54,32.54,8212
GM,2016-04-28,12:09:00,32.55,32.55,32.54,32.55,6900
GM,2016-04-28,12:10:00,32.54,32.55,32.54,32.54,7525
GM,2016-04-28,12:11:00,32.54,32.55,32.54,32.54,3671
GM,2016-04-28,12:12:00,32.54,32.55,32.54,32.55,5381
GM,2016-04-28,12:13:00,32.55,32.55,32.54,32.54,6802
GM,2016-04-28,12:14:00,32.55,32.57,32.55,32.56,18426
GM,2016-04-28,12:15:00,32.56,32.57,32.55,32.55,10190
GM,2016-04-28,12:16:00,32.55,32.55,32.52,32.52,6993
GM,2016-04-28,12:17:00,32.52,32.52,32.48,32.49,26432
GM,2016-04-28,12:18:00,32.49,32.50,32.49,32.49,7949
GM,2016-04-28,12:19:00,32.49,32.51,32.49,32.51,36333
GM,2016-04-28,12:20:00,32.50,32.52,32.50,32.51,17393
GM,2016-04-28,12:21:00,32.51,32.53,32.51,32.52,12594
GM,2016-04-28,12:22:00,32.53,32.56,32.53,32.55,37888
GM,2016-04-28,12:23:00,32.53,32.55,32.52,32.55,13521
GM,2016-04-28,12:24:00,32.55,32.55,32.53,32.54,32008
GM,2016-04-28,12:25:00,32.54,32.55,32.54,32.54,17090
GM,2016-04-28,12:26:00,32.54,32.54,32.52,32.52,31671
GM,2016-04-28,12:27:00,32.52,32.57,32.52,32.56,28623
GM,2016-04-28,12:28:00,32.55,32.56,32.55,32.55,8922
GM,2016-04-28,12:29:00,32.55,32.55,32.54,32.54,7052
GM,2016-04-28,12:30:00,32.55,32.55,32.53,32.53,11596
GM,2016-04-28,12:31:00,32.53,32.54,32.52,32.53,10392
GM,2016-04-28,12:32:00,32.52,32.52,32.51,32.52,9000
GM,2016-04-28,12:33:00,32.52,32.55,32.51,32.55,26013
GM,2016-04-28,12:34:00,32.55,32.56,32.55,32.55,6327
GM,2016-04-28,12:35:00,32.55,32.56,32.54,32.54,16971
GM,2016-04-28,12:36:00,32.54,32.55,32.53,32.53,13456
GM,2016-04-28,12:37:00,32.54,32.55,32.53,32.55,26284
GM,2016-04-28,12:38:00,32.55,32.55,32.53,32.53,41010
GM,2016-04-28,12:39:00,32.53,32.56,32.53,32.56,9145
GM,2016-04-28,12:40:00,32.57,32.60,32.56,32.59,17762
GM,2016-04-28,12:41:00,32.59,32.59,32.58,32.59,8950
GM,2016-04-28,12:42:00,32.58,32.59,32.58,32.58,7912
GM,2016-04-28,12:43:00,32.58,32.60,32.58,32.59,16768
GM,2016-04-28,12:44:00,32.58,32.58,32.57,32.58,5620
GM,2016-04-28,12:45:00,32.58,32.59,32.56,32.59,9963
GM,2016-04-28,12:46:00,32.59,32.59,32.58,32.59,4702
GM,2016-04-28,12:47:00,32.59,32.59,32.58,32.58,18065
GM,2016-04-28,12:48:00,32.59,32.59,32.57,32.59,10330
GM,2016-04-28,12:49:00,32.58,32.61,32.58,32.60,21483
GM,2016-04-28,12:50:00,32.60,32.64,32.60,32.63,27395
GM,2016-04-28,12:51:00,32.63,32.64,32.63,32.64,12082
GM,2016-04-28,12:52:00,32.64,32.64,32.63,32.64,3753
GM,2016-04-28,12:53:00,32.64,32.64,32.62,32.63,17020
GM,2016-04-28,12:54:00,32.63,32.64,32.63,32.63,5300
GM,2016-04-28,12:55:00,32.64,32.66,32.64,32.65,23354
GM,2016-04-28,12:56:00,32.65,32.66,32.64,32.65,12302
GM,2016-04-28,12:57:00,32.64,32.65,32.63,32.63,12825
GM,2016-04-28,12:58:00,32.63,32.64,32.62,32.64,12231
GM,2016-04-28,12:59:00,32.63,32.65,32.63,32.65,9465
GM,2016-04-28,13:00:00,32.65,32.65,32.64,32.65,5626
GM,2016-04-28,13:01:00,32.64,32.65,32.63,32.63,28595
GM,2016-04-28,13:02:00,32.62,32.63,32.62,32.63,10200
GM,2016-04-28,13:03:00,32.62,32.65,32.62,32.62,25531
GM,2016-04-28,13:04:00,32.62,32.63,32.62,32.62,5480
GM,2016-04-28,13:05:00,32.62,32.63,32.59,32.59,20770
GM,2016-04-28,13:06:00,32.60,32.60,32.59,32.60,9235
GM,2016-04-28,13:07:00,32.61,32.62,32.60,32.62,18058
GM,2016-04-28,13:08:00,32.62,32.63,32.61,32.63,6024
GM,2016-04-28,13:09:00,32.62,32.62,32.60,32.61,20346
GM,2016-04-28,13:10:00,32.60,32.60,32.59,32.59,3005
GM,2016-04-28,13:11:00,32.59,32.60,32.57,32.58,9680
GM,2016-04-28,13:12:00,32.58,32.59,32.56,32.59,57064
GM,2016-04-28,13:13:00,32.58,32.60,32.58,32.60,3221
GM,2016-04-28,13:14:00,32.60,32.62,32.60,32.62,10185
GM,2016-04-28,13:15:00,32.61,32.62,32.60,32.62,19253
GM,2016-04-28,13:16:00,32.62,32.62,32.60,32.60,4730
GM,2016-04-28,13:17:00,32.60,32.60,32.59,32.60,16504
GM,2016-04-28,13:18:00,32.61,32.61,32.59,32.60,5457
GM,2016-04-28,13:19:00,32.60,32.63,32.60,32.61,36280
GM,2016-04-28,13:20:00,32.62,32.62,32.59,32.59,31477
GM,2016-04-28,13:21:00,32.59,32.61,32.59,32.60,21286
GM,2016-04-28,13:22:00,32.60,32.61,32.60,32.60,7320
GM,2016-04-28,13:23:00,32.60,32.60,32.59,32.60,8289
GM,2016-04-28,13:24:00,32.60,32.61,32.60,32.60,6100
GM,2016-04-28,13:25:00,32.60,32.60,32.59,32.60,13620
GM,2016-04-28,13:26:00,32.60,32.60,32.59,32.59,19399
GM,2016-04-28,13:27:00,32.59,32.61,32.59,32.61,16399
GM,2016-04-28,13:28:00,32.61,32.62,32.60,32.62,11967
GM,2016-04-28,13:29:00,32.62,32.62,32.59,32.59,9850
GM,2016-04-28,13:30:00,32.59,32.61,32.59,32.61,8539
GM,2016-04-28,13:31:00,32.61,32.62,32.59,32.60,14698
GM,2016-04-28,13:32:00,32.61,32.61,32.60,32.60,2800
GM,2016-04-28,13:33:00,32.60,32.62,32.60,32.62,6482
GM,2016-04-28,13:34:00,32.61,32.64,32.61,32.63,16513
GM,2016-04-28,13:35:00,32.63,32.65,32.63,32.63,15714
GM,2016-04-28,13:36:00,32.63,32.64,32.63,32.63,1760
GM,2016-04-28,13:37:00,32.64,32.64,32.63,32.63,5750
GM,2016-04-28,13:38:00,32.64,32.64,32.63,32.63,5043
GM,2016-04-28,13:39:00,32.63,32.63,32.62,32.63,10159
GM,2016-04-28,13:40:00,32.63,32.63,32.62,32.63,9105
GM,2016-04-28,13:41:00,32.63,32.64,32.62,32.64,3900
GM,2016-04-28,13:42:00,32.64,32.65,32.64,32.64,16188
GM,2016-04-28,13:43:00,32.65,32.65,32.64,32.64,8220
GM,2016-04-28,13:44:00,32.65,32.67,32.65,32.66,27780
GM,2016-04-28,13:45:00,32.66,32.67,32.66,32.66,4646
GM,2016-04-28,13:46:00,32.66,32.67,32.64,32.65,12414
GM,2016-04-28,13:47:00,32.64,32.65,32.64,32.65,6596
GM,2016-04-28,13:48:00,32.65,32.66,32.65,32.65,3041
GM,2016-04-28,13:49:00,32.66,32.66,32.65,32.66,700
GM,2016-04-28,13:50:00,32.66,32.66,32.65,32.66,12998
GM,2016-04-28,13:51:00,32.66,32.66,32.65,32.66,1167
GM,2016-04-28,13:52:00,32.66,32.66,32.65,32.66,2430
GM,2016-04-28,13:53:00,32.66,32.66,32.65,32.66,4933
GM,2016-04-28,13:54:00,32.66,32.68,32.65,32.67,22442
GM,2016-04-28,13:55:00,32.67,32.68,32.66,32.66,7408
GM,2016-04-28,13:56:00,32.66,32.68,32.66,32.67,7129
GM,2016-04-28,13:57:00,32.67,32.70,32.67,32.70,43492
GM,2016-04-28,13:58:00,32.70,32.70,32.69,32.70,1450
GM,2016-04-28,13:59:00,32.70,32.70,32.69,32.70,3403
GM,2016-04-28,14:00:00,32.70,32.70,32.69,32.69,11488
GM,2016-04-28,14:01:00,32.69,32.70,32.66,32.66,23701
GM,2016-04-28,14:02:00,32.67,32.69,32.66,32.69,29140
GM,2016-04-28,14:03:00,32.68,32.70,32.68,32.70,6744
GM,2016-04-28,14:04:00,32.70,32.70,32.68,32.69,19845
GM,2016-04-28,14:05:00,32.69,32.70,32.68,32.69,33957
GM,2016-04-28,14:06:00,32.68,32.69,32.67,32.69,24366
GM,2016-04-28,14:07:00,32.69,32.70,32.69,32.70,19952
GM,2016-04-28,14:08:00,32.70,32.70,32.68,32.68,7508
GM,2016-04-28,14:09:00,32.69,32.70,32.68,32.69,13048
GM,2016-04-28,14:10:00,32.69,32.69,32.66,32.66,21523
GM,2016-04-28,14:11:00,32.66,32.67,32.63,32.64,26244
GM,2016-04-28,14:12:00,32.63,32.64,32.62,32.63,10102
GM,2016-04-28,14:13:00,32.63,32.63,32.61,32.62,4571
GM,2016-04-28,14:14:00,32.62,32.64,32.62,32.63,14092
GM,2016-04-28,14:15:00,32.63,32.65,32.63,32.64,5841
GM,2016-04-28,14:16:00,32.64,32.64,32.60,32.60,33751
GM,2016-04-28,14:17:00,32.60,32.63,32.60,32.61,13793
GM,2016-04-28,14:18:00,32.60,32.62,32.59,32.62,12686
GM,2016-04-28,14:19:00,32.63,32.63,32.62,32.62,12930
GM,2016-04-28,14:20:00,32.63,32.63,32.59,32.59,6665
GM,2016-04-28,14:21:00,32.59,32.60,32.56,32.57,21006
GM,2016-04-28,14:22:00,32.56,32.61,32.56,32.59,32534
GM,2016-04-28,14:23:00,32.59,32.61,32.58,32.61,8775
GM,2016-04-28,14:24:00,32.60,32.61,32.60,32.60,1193
GM,2016-04-28,14:25:00,32.61,32.62,32.60,32.62,14331
GM,2016-04-28,14:26:00,32.61,32.63,32.60,32.61,17069
GM,2016-04-28,14:27:00,32.61,32.62,32.59,32.61,12650
GM,2016-04-28,14:28:00,32.61,32.62,32.59,32.62,18465
GM,2016-04-28,14:29:00,32.61,32.62,32.60,32.61,8729
GM,2016-04-28,14:30:00,32.61,32.62,32.60,32.61,5200
GM,2016-04-28,14:31:00,32.61,32.62,32.60,32.61,21862
GM,2016-04-28,14:32:00,32.61,32.63,32.61,32.62,9411
GM,2016-04-28,14:33:00,32.62,32.62,32.62,32.62,800
GM,2016-04-28,14:34:00,32.61,32.63,32.60,32.62,19934
GM,2016-04-28,14:35:00,32.63,32.63,32.60,32.60,10260
GM,2016-04-28,14:36:00,32.60,32.62,32.60,32.61,4950
GM,2016-04-28,14:37:00,32.62,32.62,32.60,32.60,8531
GM,2016-04-28,14:38:00,32.60,32.60,32.59,32.59,7706
GM,2016-04-28,14:39:00,32.59,32.60,32.59,32.59,7911
GM,2016-04-28,14:40:00,32.59,32.60,32.59,32.59,1160
GM,2016-04-28,14:41:00,32.59,32.60,32.59,32.60,1900
GM,2016-04-28,14:42:00,32.60,32.60,32.59,32.59,3700
GM,2016-04-28,14:43:00,32.60,32.61,32.59,32.61,11343
GM,2016-04-28,14:44:00,32.60,32.61,32.60,32.60,2372
GM,2016-04-28,14:45:00,32.60,32.62,32.59,32.60,27596
GM,2016-04-28,14:46:00,32.60,32.61,32.59,32.59,27975
GM,2016-04-28,14:47:00,32.60,32.60,32.59,32.59,11274
GM,2016-04-28,14:48:00,32.59,32.60,32.59,32.60,8494
GM,2016-04-28,14:49:00,32.59,32.60,32.59,32.60,4506
GM,2016-04-28,14:50:00,32.60,32.63,32.59,32.63,34221
GM,2016-04-28,14:51:00,32.62,32.62,32.60,32.61,17284
GM,2016-04-28,14:52:00,32.61,32.63,32.60,32.60,39109
GM,2016-04-28,14:53:00,32.59,32.60,32.59,32.60,11337
GM,2016-04-28,14:54:00,32.59,32.61,32.59,32.60,12053
GM,2016-04-28,14:55:00,32.61,32.61,32.56,32.58,34602
GM,2016-04-28,14:56:00,32.57,32.58,32.56,32.58,11429
GM,2016-04-28,14:57:00,32.58,32.58,32.56,32.56,11305
GM,2016-04-28,14:58:00,32.56,32.58,32.55,32.56,72046
GM,2016-04-28,14:59:00,32.55,32.55,32.54,32.55,71869
GM,2016-04-28,15:00:00,32.55,32.56,32.55,32.55,10200
GM,2016-04-28,15:01:00,32.55,32.56,32.54,32.55,20085
GM,2016-04-28,15:02:00,32.55,32.56,32.55,32.55,9457
GM,2016-04-28,15:03:00,32.55,32.55,32.55,32.55,3300
GM,2016-04-28,15:04:00,32.56,32.56,32.53,32.53,25358
GM,2016-04-28,15:05:00,32.53,32.55,32.51,32.55,45411
GM,2016-04-28,15:06:00,32.55,32.55,32.52,32.52,29744
GM,2016-04-28,15:07:00,32.53,32.53,32.51,32.52,125613
GM,2016-04-28,15:08:00,32.52,32.52,32.50,32.52,39197
GM,2016-04-28,15:09:00,32.52,32.53,32.51,32.52,52259
GM,2016-04-28,15:10:00,32.53,32.53,32.51,32.51,17988
GM,2016-04-28,15:11:00,32.51,32.51,32.50,32.51,8700
GM,2016-04-28,15:12:00,32.50,32.53,32.49,32.52,50812
GM,2016-04-28,15:13:00,32.52,32.52,32.50,32.50,32395
GM,2016-04-28,15:14:00,32.51,32.51,32.45,32.48,42120
GM,2016-04-28,15:15:00,32.48,32.48,32.45,32.45,29156
GM,2016-04-28,15:16:00,32.45,32.47,32.43,32.47,30455
GM,2016-04-28,15:17:00,32.47,32.47,32.44,32.45,39186
GM,2016-04-28,15:18:00,32.46,32.47,32.45,32.46,4057
GM,2016-04-28,15:19:00,32.47,32.50,32.47,32.48,34524
GM,2016-04-28,15:20:00,32.48,32.50,32.48,32.48,20566
GM,2016-04-28,15:21:00,32.48,32.50,32.48,32.49,12465
GM,2016-04-28,15:22:00,32.48,32.48,32.45,32.47,22587
GM,2016-04-28,15:23:00,32.47,32.48,32.41,32.42,89677
GM,2016-04-28,15:24:00,32.43,32.45,32.41,32.41,48634
GM,2016-04-28,15:25:00,32.41,32.43,32.40,32.41,49127
GM,2016-04-28,15:26:00,32.41,32.41,32.35,32.36,66644
GM,2016-04-28,15:27:00,32.36,32.37,32.32,32.36,102478
GM,2016-04-28,15:28:00,32.37,32.37,32.35,32.36,26597
GM,2016-04-28,15:29:00,32.36,32.36,32.30,32.30,52454
GM,2016-04-28,15:30:00,32.30,32.31,32.29,32.30,51982
GM,2016-04-28,15:31:00,32.31,32.35,32.30,32.34,82195
GM,2016-04-28,15:32:00,32.34,32.36,32.32,32.34,34980
GM,2016-04-28,15:33:00,32.33,32.35,32.32,32.34,70434
GM,2016-04-28,15:34:00,32.33,32.34,32.29,32.29,68281
GM,2016-04-28,15:35:00,32.30,32.34,32.30,32.33,45310
GM,2016-04-28,15:36:00,32.32,32.35,32.32,32.35,25552
GM,2016-04-28,15:37:00,32.34,32.42,32.34,32.40,85434
GM,2016-04-28,15:38:00,32.40,32.43,32.39,32.42,150250
GM,2016-04-28,15:39:00,32.41,32.44,32.41,32.44,19129
GM,2016-04-28,15:40:00,32.43,32.44,32.40,32.40,54340
GM,2016-04-28,15:41:00,32.41,32.43,32.40,32.41,28828
GM,2016-04-28,15:42:00,32.42,32.44,32.40,32.42,81272
GM,2016-04-28,15:43:00,32.42,32.44,32.41,32.43,52108
GM,2016-04-28,15:44:00,32.44,32.48,32.42,32.48,56670
GM,2016-04-28,15:45:00,32.48,32.48,32.43,32.44,37435
GM,2016-04-28,15:46:00,32.43,32.47,32.43,32.47,51393
GM,2016-04-28,15:47:00,32.46,32.47,32.44,32.45,36512
GM,2016-04-28,15:48:00,32.44,32.48,32.44,32.45,76970
GM,2016-04-28,15:49:00,32.45,32.46,32.44,32.44,56902
GM,2016-04-28,15:50:00,32.45,32.45,32.42,32.43,65272
GM,2016-04-28,15:51:00,32.43,32.44,32.42,32.44,42171
GM,2016-04-28,15:52:00,32.44,32.44,32.41,32.43,179593
GM,2016-04-28,15:53:00,32.42,32.43,32.40,32.40,43713
GM,2016-04-28,15:54:00,32.41,32.41,32.39,32.40,46125
GM,2016-04-28,15:55:00,32.40,32.40,32.37,32.39,99009
GM,2016-04-28,15:56:00,32.38,32.41,32.37,32.38,126174
GM,2016-04-28,15:57:00,32.38,32.39,32.38,32.39,38131
GM,2016-04-28,15:58:00,32.39,32.39,32.36,32.38,90664
GM,2016-04-28,15:59:00,32.38,32.40,32.38,32.40,121759
GM,2016-04-28,16:00:00,32.40,32.45,32.39,32.45,218252
GM,2016-04-29,09:30:00,32.35,32.35,32.35,32.35,1000
GM,2016-04-29,09:31:00,32.31,32.31,32.25,32.27,1570
GM,2016-04-29,09:32:00,32.26,32.29,32.15,32.16,214131
GM,2016-04-29,09:33:00,32.14,32.23,32.14,32.19,20437
GM,2016-04-29,09:34:00,32.19,32.20,32.14,32.14,21861
GM,2016-04-29,09:35:00,32.14,32.19,32.14,32.18,34763
GM,2016-04-29,09:36:00,32.19,32.20,32.10,32.11,64222
GM,2016-04-29,09:37:00,32.12,32.14,32.11,32.14,16973
GM,2016-04-29,09:38:00,32.14,32.19,32.12,32.18,51193
GM,2016-04-29,09:39:00,32.18,32.18,32.15,32.15,14848
GM,2016-04-29,09:40:00,32.14,32.14,32.10,32.12,22835
GM,2016-04-29,09:41:00,32.13,32.15,32.10,32.14,41433
GM,2016-04-29,09:42:00,32.14,32.21,32.13,32.20,92662
GM,2016-04-29,09:43:00,32.19,32.22,32.19,32.20,21451
GM,2016-04-29,09:44:00,32.21,32.21,32.16,32.17,51158
GM,2016-04-29,09:45:00,32.18,32.20,32.17,32.17,11238
GM,2016-04-29,09:46:00,32.17,32.19,32.16,32.18,97752
GM,2016-04-29,09:47:00,32.17,32.17,32.13,32.15,24394
GM,2016-04-29,09:48:00,32.14,32.15,32.12,32.13,15907
GM,2016-04-29,09:49:00,32.13,32.15,32.11,32.12,76295
GM,2016-04-29,09:50:00,32.11,32.13,32.10,32.11,30365
GM,2016-04-29,09:51:00,32.11,32.12,32.08,32.10,21807
GM,2016-04-29,09:52:00,32.10,32.10,32.03,32.03,60112
GM,2016-04-29,09:53:00,32.02,32.04,32.02,32.04,13864
GM,2016-04-29,09:54:00,32.05,32.05,32.01,32.01,15272
GM,2016-04-29,09:55:00,32.01,32.03,31.98,32.02,89189
GM,2016-04-29,09:56:00,32.02,32.05,32.01,32.02,39362
GM,2016-04-29,09:57:00,32.02,32.04,31.98,31.98,29613
GM,2016-04-29,09:58:00,31.99,31.99,31.91,31.93,35373
GM,2016-04-29,09:59:00,31.92,31.93,31.87,31.88,63423
GM,2016-04-29,10:00:00,31.87,31.88,31.86,31.87,37417
GM,2016-04-29,10:01:00,31.88,31.89,31.84,31.85,71088
GM,2016-04-29,10:02:00,31.86,31.86,31.82,31.83,28881
GM,2016-04-29,10:03:00,31.83,31.91,31.83,31.90,24531
GM,2016-04-29,10:04:00,31.91,31.94,31.91,31.94,22875
GM,2016-04-29,10:05:00,31.94,31.95,31.91,31.93,36911
GM,2016-04-29,10:06:00,31.93,31.94,31.91,31.93,35558
GM,2016-04-29,10:07:00,31.93,31.95,31.92,31.95,12328
GM,2016-04-29,10:08:00,31.93,31.95,31.92,31.95,28214
GM,2016-04-29,10:09:00,31.95,31.95,31.93,31.95,18734
GM,2016-04-29,10:10:00,31.94,31.95,31.93,31.95,12640
GM,2016-04-29,10:11:00,31.94,31.95,31.93,31.95,10611
GM,2016-04-29,10:12:00,31.95,32.01,31.95,32.00,51572
GM,2016-04-29,10:13:00,32.00,32.02,31.98,31.98,46981
GM,2016-04-29,10:14:00,31.99,32.01,31.97,31.98,16315
GM,2016-04-29,10:15:00,31.99,31.99,31.95,31.98,20788
GM,2016-04-29,10:16:00,31.99,32.02,31.97,32.02,20461
GM,2016-04-29,10:17:00,32.02,32.04,32.01,32.04,6500
GM,2016-04-29,10:18:00,32.04,32.05,32.02,32.05,20427
GM,2016-04-29,10:19:00,32.05,32.05,32.02,32.03,19263
GM,2016-04-29,10:20:00,32.03,32.05,32.01,32.05,17682
GM,2016-04-29,10:21:00,32.04,32.09,32.03,32.09,9284
GM,2016-04-29,10:22:00,32.09,32.10,32.07,32.07,41425
GM,2016-04-29,10:23:00,32.06,32.09,32.06,32.09,12705
GM,2016-04-29,10:24:00,32.09,32.09,32.06,32.07,12005
GM,2016-04-29,10:25:00,32.08,32.09,32.07,32.09,20846
GM,2016-04-29,10:26:00,32.08,32.10,32.06,32.06,18839
GM,2016-04-29,10:27:00,32.06,32.10,32.05,32.08,22399
GM,2016-04-29,10:28:00,32.08,32.08,32.05,32.06,15533
GM,2016-04-29,10:29:00,32.06,32.09,32.06,32.07,10941
GM,2016-04-29,10:30:00,32.08,32.08,32.05,32.08,10049
GM,2016-04-29,10:31:00,32.07,32.08,32.05,32.05,8028
GM,2016-04-29,10:32:00,32.05,32.08,32.04,32.08,21104
GM,2016-04-29,10:33:00,32.07,32.07,32.05,32.06,14455
GM,2016-04-29,10:34:00,32.06,32.07,32.05,32.05,7050
GM,2016-04-29,10:35:00,32.05,32.06,32.04,32.06,15192
GM,2016-04-29,10:36:00,32.06,32.09,32.06,32.09,11569
GM,2016-04-29,10:37:00,32.09,32.10,32.06,32.06,17125
GM,2016-04-29,10:38:00,32.06,32.09,32.06,32.09,12194
GM,2016-04-29,10:39:00,32.09,32.10,32.08,32.09,52889
GM,2016-04-29,10:40:00,32.09,32.10,32.06,32.08,13288
GM,2016-04-29,10:41:00,32.08,32.09,32.07,32.07,19496
GM,2016-04-29,10:42:00,32.07,32.08,32.05,32.07,12012
GM,2016-04-29,10:43:00,32.07,32.08,32.04,32.05,10567
GM,2016-04-29,10:44:00,32.04,32.05,32.02,32.02,21001
GM,2016-04-29,10:45:00,32.02,32.04,32.01,32.03,9208
GM,2016-04-29,10:46:00,32.03,32.03,32.00,32.02,36159
GM,2016-04-29,10:47:00,32.02,32.03,32.01,32.01,15175
GM,2016-04-29,10:48:00,32.02,32.02,31.97,31.98,18359
GM,2016-04-29,10:49:00,31.98,31.99,31.98,31.99,7406
GM,2016-04-29,10:50:00,31.98,31.98,31.96,31.97,10801
GM,2016-04-29,10:51:00,31.96,31.97,31.92,31.92,20182
GM,2016-04-29,10:52:00,31.92,31.95,31.92,31.92,19772
GM,2016-04-29,10:53:00,31.92,31.95,31.92,31.93,9290
GM,2016-04-29,10:54:00,31.93,31.95,31.91,31.91,13288
GM,2016-04-29,10:55:00,31.91,31.92,31.91,31.92,12496
GM,2016-04-29,10:56:00,31.92,31.93,31.89,31.89,28252
GM,2016-04-29,10:57:00,31.89,31.91,31.88,31.91,22122
GM,2016-04-29,10:58:00,31.91,31.91,31.88,31.90,15331
GM,2016-04-29,10:59:00,31.90,31.93,31.89,31.93,10930
GM,2016-04-29,11:00:00,31.93,31.94,31.92,31.92,9934
GM,2016-04-29,11:01:00,31.92,31.93,31.91,31.93,15027
GM,2016-04-29,11:02:00,31.94,31.94,31.93,31.93,4460
GM,2016-04-29,11:03:00,31.94,31.94,31.90,31.93,22739
GM,2016-04-29,11:04:00,31.93,31.95,31.93,31.95,20293
GM,2016-04-29,11:05:00,31.95,31.97,31.95,31.95,13281
GM,2016-04-29,11:06:00,31.95,31.98,31.95,31.97,21540
GM,2016-04-29,11:07:00,31.96,31.97,31.95,31.96,6382
GM,2016-04-29,11:08:00,31.96,31.99,31.96,31.99,37447
GM,2016-04-29,11:09:00,32.00,32.00,31.96,31.96,33945
GM,2016-04-29,11:10:00,31.96,31.96,31.93,31.95,18496
GM,2016-04-29,11:11:00,31.95,31.95,31.91,31.91,16319
GM,2016-04-29,11:12:00,31.91,31.93,31.91,31.93,21560
GM,2016-04-29,11:13:00,31.93,31.94,31.91,31.93,20880
GM,2016-04-29,11:14:00,31.93,31.93,31.91,31.93,36348
GM,2016-04-29,11:15:00,31.93,31.93,31.89,31.90,47121
GM,2016-04-29,11:16:00,31.89,31.92,31.89,31.90,53774
GM,2016-04-29,11:17:00,31.90,31.91,31.89,31.91,30883
GM,2016-04-29,11:18:00,31.90,31.91,31.84,31.84,45087
GM,2016-04-29,11:19:00,31.84,31.85,31.82,31.82,16485
GM,2016-04-29,11:20:00,31.82,31.82,31.79,31.80,41840
GM,2016-04-29,11:21:00,31.79,31.80,31.75,31.76,43242
GM,2016-04-29,11:22:00,31.75,31.79,31.75,31.76,172906
GM,2016-04-29,11:23:00,31.77,31.77,31.75,31.75,51375
GM,2016-04-29,11:24:00,31.75,31.76,31.72,31.72,62506
GM,2016-04-29,11:25:00,31.73,31.73,31.71,31.71,48710
GM,2016-04-29,11:26:00,31.72,31.73,31.71,31.73,39982
GM,2016-04-29,11:27:00,31.73,31.73,31.71,31.72,32172
GM,2016-04-29,11:28:00,31.73,31.75,31.73,31.75,51117
GM,2016-04-29,11:29:00,31.76,31.76,31.75,31.76,8390
GM,2016-04-29,11:30:00,31.75,31.76,31.71,31.72,34080
GM,2016-04-29,11:31:00,31.72,31.75,31.72,31.75,33143
GM,2016-04-29,11:32:00,31.75,31.75,31.74,31.74,15555
GM,2016-04-29,11:33:00,31.74,31.75,31.73,31.73,10298
GM,2016-04-29,11:34:00,31.73,31.75,31.72,31.74,53681
GM,2016-04-29,11:35:00,31.73,31.75,31.73,31.74,18238
GM,2016-04-29,11:36:00,31.75,31.75,31.70,31.71,22719
GM,2016-04-29,11:37:00,31.71,31.72,31.70,31.71,39549
GM,2016-04-29,11:38:00,31.71,31.72,31.70,31.71,20524
GM,2016-04-29,11:39:00,31.71,31.71,31.67,31.68,45569
GM,2016-04-29,11:40:00,31.68,31.70,31.66,31.66,29654
GM,2016-04-29,11:41:00,31.67,31.67,31.65,31.66,18750
GM,2016-04-29,11:42:00,31.66,31.66,31.61,31.61,40360
GM,2016-04-29,11:43:00,31.61,31.62,31.59,31.59,190418
GM,2016-04-29,11:44:00,31.59,31.60,31.56,31.59,48075
GM,2016-04-29,11:45:00,31.59,31.59,31.57,31.57,30582
GM,2016-04-29,11:46:00,31.57,31.58,31.57,31.57,59335
GM,2016-04-29,11:47:00,31.58,31.58,31.54,31.55,36491
GM,2016-04-29,11:48:00,31.54,31.60,31.54,31.60,63218
GM,2016-04-29,11:49:00,31.61,31.61,31.56,31.57,46552
GM,2016-04-29,11:50:00,31.57,31.59,31.56,31.57,64846
GM,2016-04-29,11:51:00,31.56,31.57,31.55,31.57,31837
GM,2016-04-29,11:52:00,31.57,31.57,31.55,31.56,187393
GM,2016-04-29,11:53:00,31.57,31.60,31.56,31.59,85413
GM,2016-04-29,11:54:00,31.59,31.60,31.59,31.59,6978
GM,2016-04-29,11:55:00,31.59,31.67,31.59,31.67,103569
GM,2016-04-29,11:56:00,31.67,31.70,31.66,31.70,33991
GM,2016-04-29,11:57:00,31.70,31.70,31.67,31.69,13231
GM,2016-04-29,11:58:00,31.68,31.69,31.67,31.69,11643
GM,2016-04-29,11:59:00,31.68,31.69,31.68,31.69,11654
GM,2016-04-29,12:00:00,31.69,31.69,31.68,31.68,7668
GM,2016-04-29,12:01:00,31.69,31.70,31.67,31.70,56584
GM,2016-04-29,12:02:00,31.69,31.70,31.67,31.68,9887
GM,2016-04-29,12:03:00,31.68,31.68,31.66,31.67,17132
GM,2016-04-29,12:04:00,31.67,31.68,31.66,31.66,3471
GM,2016-04-29,12:05:00,31.67,31.67,31.65,31.66,3650
GM,2016-04-29,12:06:00,31.66,31.66,31.64,31.66,32775
GM,2016-04-29,12:07:00,31.66,31.67,31.64,31.67,7101
GM,2016-04-29,12:08:00,31.67,31.70,31.66,31.70,18149
GM,2016-04-29,12:09:00,31.69,31.69,31.66,31.67,23801
GM,2016-04-29,12:10:00,31.68,31.68,31.66,31.66,7322
GM,2016-04-29,12:11:00,31.66,31.68,31.66,31.67,17484
GM,2016-04-29,12:12:00,31.66,31.67,31.63,31.64,8300
GM,2016-04-29,12:13:00,31.63,31.64,31.63,31.64,20489
GM,2016-04-29,12:14:00,31.63,31.65,31.63,31.65,9072
GM,2016-04-29,12:15:00,31.64,31.66,31.64,31.64,32120
GM,2016-04-29,12:16:00,31.64,31.65,31.63,31.64,18849
GM,2016-04-29,12:17:00,31.64,31.69,31.64,31.67,62020
GM,2016-04-29,12:18:00,31.67,31.70,31.66,31.69,32658
GM,2016-04-29,12:19:00,31.69,31.70,31.69,31.70,11751
GM,2016-04-29,12:20:00,31.70,31.73,31.70,31.71,12380
GM,2016-04-29,12:21:00,31.72,31.74,31.72,31.73,13373
GM,2016-04-29,12:22:00,31.73,31.75,31.73,31.75,12810
GM,2016-04-29,12:23:00,31.74,31.74,31.73,31.74,7200
GM,2016-04-29,12:24:00,31.73,31.74,31.70,31.70,20516
GM,2016-04-29,12:25:00,31.70,31.70,31.68,31.68,14085
GM,2016-04-29,12:26:00,31.68,31.69,31.67,31.68,8310
GM,2016-04-29,12:27:00,31.68,31.70,31.67,31.68,16924
GM,2016-04-29,12:28:00,31.68,31.68,31.66,31.66,10742
GM,2016-04-29,12:29:00,31.67,31.67,31.66,31.66,22657
GM,2016-04-29,12:30:00,31.65,31.65,31.64,31.64,17255
GM,2016-04-29,12:31:00,31.65,31.66,31.63,31.64,10271
GM,2016-04-29,12:32:00,31.64,31.69,31.63,31.69,75548
GM,2016-04-29,12:33:00,31.69,31.70,31.69,31.69,6713
GM,2016-04-29,12:34:00,31.69,31.69,31.68,31.68,10366
GM,2016-04-29,12:35:00,31.68,31.70,31.68,31.70,32942
GM,2016-04-29,12:36:00,31.70,31.70,31.68,31.68,1424
GM,2016-04-29,12:37:00,31.69,31.70,31.68,31.70,8349
GM,2016-04-29,12:38:00,31.70,31.70,31.68,31.69,11565
GM,2016-04-29,12:39:00,31.69,31.72,31.69,31.70,19896
GM,2016-04-29,12:40:00,31.70,31.71,31.68,31.68,10020
GM,2016-04-29,12:41:00,31.68,31.69,31.67,31.67,9362
GM,2016-04-29,12:42:00,31.66,31.66,31.64,31.65,12926
GM,2016-04-29,12:43:00,31.64,31.65,31.63,31.65,6290
GM,2016-04-29,12:44:00,31.65,31.66,31.64,31.66,15299
GM,2016-04-29,12:45:00,31.66,31.66,31.65,31.66,3350
GM,2016-04-29,12:46:00,31.65,31.67,31.64,31.66,24331
GM,2016-04-29,12:47:00,31.66,31.67,31.65,31.67,5176
GM,2016-04-29,12:48:00,31.66,31.67,31.62,31.62,78792
GM,2016-04-29,12:49:00,31.62,31.64,31.61,31.63,73144
GM,2016-04-29,12:50:00,31.63,31.64,31.62,31.64,12425
GM,2016-04-29,12:51:00,31.64,31.65,31.64,31.64,3830
GM,2016-04-29,12:52:00,31.64,31.64,31.63,31.64,2399
GM,2016-04-29,12:53:00,31.64,31.64,31.62,31.64,25263
GM,2016-04-29,12:54:00,31.63,31.64,31.62,31.63,22402
GM,2016-04-29,12:55:00,31.63,31.64,31.62,31.63,5892
GM,2016-04-29,12:56:00,31.63,31.63,31.61,31.61,7586
GM,2016-04-29,12:57:00,31.61,31.61,31.59,31.60,31242
GM,2016-04-29,12:58:00,31.59,31.60,31.58,31.59,10972
GM,2016-04-29,12:59:00,31.59,31.62,31.58,31.60,33635
GM,2016-04-29,13:00:00,31.61,31.63,31.61,31.62,7891
GM,2016-04-29,13:01:00,31.62,31.64,31.61,31.64,9553
GM,2016-04-29,13:02:00,31.63,31.64,31.61,31.61,5831
GM,2016-04-29,13:03:00,31.61,31.64,31.61,31.64,25975
GM,2016-04-29,13:04:00,31.64,31.64,31.63,31.64,12459
GM,2016-04-29,13:05:00,31.64,31.65,31.63,31.63,10457
GM,2016-04-29,13:06:00,31.64,31.65,31.63,31.64,9237
GM,2016-04-29,13:07:00,31.64,31.68,31.64,31.66,31617
GM,2016-04-29,13:08:00,31.66,31.66,31.65,31.66,7698
GM,2016-04-29,13:09:00,31.66,31.70,31.66,31.69,21179
GM,2016-04-29,13:10:00,31.69,31.72,31.69,31.70,13549
GM,2016-04-29,13:11:00,31.70,31.71,31.69,31.70,14016
GM,2016-04-29,13:12:00,31.70,31.73,31.70,31.70,14945
GM,2016-04-29,13:13:00,31.70,31.71,31.70,31.71,4009
GM,2016-04-29,13:14:00,31.71,31.73,31.70,31.72,4687
GM,2016-04-29,13:15:00,31.73,31.75,31.73,31.75,7816
GM,2016-04-29,13:16:00,31.74,31.74,31.73,31.73,8626
GM,2016-04-29,13:17:00,31.73,31.74,31.72,31.74,8366
GM,2016-04-29,13:18:00,31.74,31.74,31.73,31.74,4600
GM,2016-04-29,13:19:00,31.74,31.74,31.73,31.74,1700
GM,2016-04-29,13:20:00,31.73,31.75,31.73,31.73,11052
GM,2016-04-29,13:21:00,31.73,31.75,31.72,31.74,19359
GM,2016-04-29,13:22:00,31.74,31.76,31.74,31.76,22171
GM,2016-04-29,13:23:00,31.76,31.76,31.73,31.74,16418
GM,2016-04-29,13:24:00,31.74,31.77,31.74,31.77,10959
GM,2016-04-29,13:25:00,31.77,31.78,31.77,31.77,2697
GM,2016-04-29,13:26:00,31.77,31.78,31.76,31.76,7730
GM,2016-04-29,13:27:00,31.76,31.78,31.76,31.77,9361
GM,2016-04-29,13:28:00,31.77,31.77,31.75,31.75,11405
GM,2016-04-29,13:29:00,31.75,31.76,31.73,31.75,24858
GM,2016-04-29,13:30:00,31.76,31.76,31.71,31.71,15556
GM,2016-04-29,13:31:00,31.71,31.71,31.71,31.71,1065
GM,2016-04-29,13:32:00,31.72,31.72,31.71,31.72,4534
GM,2016-04-29,13:33:00,31.71,31.72,31.67,31.68,19762
GM,2016-04-29,13:34:00,31.68,31.68,31.66,31.68,16784
GM,2016-04-29,13:35:00,31.67,31.68,31.66,31.67,12055
GM,2016-04-29,13:36:00,31.67,31.69,31.66,31.69,11880
GM,2016-04-29,13:37:00,31.68,31.71,31.68,31.71,4491
GM,2016-04-29,13:38:00,31.70,31.70,31.67,31.68,14722
GM,2016-04-29,13:39:00,31.67,31.69,31.67,31.68,5010
GM,2016-04-29,13:40:00,31.68,31.70,31.67,31.70,4475
GM,2016-04-29,13:41:00,31.69,31.70,31.67,31.67,9952
GM,2016-04-29,13:42:00,31.68,31.68,31.66,31.66,5523
GM,2016-04-29,13:43:00,31.66,31.67,31.65,31.65,6400
GM,2016-04-29,13:44:00,31.66,31.66,31.63,31.64,12060
GM,2016-04-29,13:45:00,31.64,31.65,31.62,31.65,12030
GM,2016-04-29,13:46:00,31.64,31.65,31.62,31.62,8993
GM,2016-04-29,13:47:00,31.64,31.64,31.61,31.62,17012
GM,2016-04-29,13:48:00,31.62,31.63,31.61,31.62,22095
GM,2016-04-29,13:49:00,31.62,31.63,31.61,31.63,15788
GM,2016-04-29,13:50:00,31.62,31.66,31.62,31.64,14316
GM,2016-04-29,13:51:00,31.65,31.66,31.63,31.64,6934
GM,2016-04-29,13:52:00,31.63,31.64,31.63,31.64,12969
GM,2016-04-29,13:53:00,31.64,31.66,31.64,31.64,10296
GM,2016-04-29,13:54:00,31.65,31.66,31.64,31.66,5000
GM,2016-04-29,13:55:00,31.65,31.66,31.63,31.63,17667
GM,2016-04-29,13:56:00,31.62,31.64,31.61,31.62,12419
GM,2016-04-29,13:57:00,31.62,31.62,31.61,31.61,2298
GM,2016-04-29,13:58:00,31.61,31.62,31.59,31.59,13200
GM,2016-04-29,13:59:00,31.59,31.59,31.58,31.59,8464
GM,2016-04-29,14:00:00,31.58,31.61,31.58,31.61,11068
GM,2016-04-29,14:01:00,31.61,31.64,31.61,31.64,27250
GM,2016-04-29,14:02:00,31.64,31.65,31.63,31.64,8786
GM,2016-04-29,14:03:00,31.64,31.64,31.62,31.64,6772
GM,2016-04-29,14:04:00,31.64,31.64,31.62,31.64,9822
GM,2016-04-29,14:05:00,31.64,31.64,31.63,31.64,9650
GM,2016-04-29,14:06:00,31.64,31.64,31.64,31.64,5310
GM,2016-04-29,14:07:00,31.63,31.64,31.61,31.63,20264
GM,2016-04-29,14:08:00,31.63,31.63,31.60,31.61,20390
GM,2016-04-29,14:09:00,31.61,31.61,31.59,31.60,9201
GM,2016-04-29,14:10:00,31.59,31.60,31.57,31.57,12490
GM,2016-04-29,14:11:00,31.59,31.59,31.58,31.59,6490
GM,2016-04-29,14:12:00,31.59,31.61,31.57,31.59,34878
GM,2016-04-29,14:13:00,31.59,31.59,31.58,31.58,8548
GM,2016-04-29,14:14:00,31.59,31.59,31.57,31.58,10038
GM,2016-04-29,14:15:00,31.57,31.59,31.57,31.59,9271
GM,2016-04-29,14:16:00,31.58,31.59,31.57,31.58,13540
GM,2016-04-29,14:17:00,31.58,31.59,31.57,31.57,7485
GM,2016-04-29,14:18:00,31.57,31.58,31.56,31.58,10930
GM,2016-04-29,14:19:00,31.58,31.60,31.58,31.60,7601
GM,2016-04-29,14:20:00,31.60,31.62,31.60,31.62,7800
GM,2016-04-29,14:21:00,31.62,31.62,31.61,31.62,7487
GM,2016-04-29,14:22:00,31.62,31.63,31.61,31.62,12381
GM,2016-04-29,14:23:00,31.62,31.65,31.61,31.64,17955
GM,2016-04-29,14:24:00,31.64,31.64,31.63,31.64,6000
GM,2016-04-29,14:25:00,31.63,31.64,31.63,31.63,9391
GM,2016-04-29,14:26:00,31.62,31.63,31.62,31.63,2013
GM,2016-04-29,14:27:00,31.63,31.64,31.62,31.64,12839
GM,2016-04-29,14:28:00,31.64,31.65,31.62,31.64,28174
GM,2016-04-29,14:29:00,31.63,31.65,31.63,31.65,13401
GM,2016-04-29,14:30:00,31.65,31.65,31.63,31.64,13728
GM,2016-04-29,14:31:00,31.63,31.64,31.62,31.64,27538
GM,2016-04-29,14:32:00,31.63,31.64,31.61,31.61,47279
GM,2016-04-29,14:33:00,31.61,31.62,31.59,31.61,17909
GM,2016-04-29,14:34:00,31.61,31.61,31.59,31.59,12001
GM,2016-04-29,14:35:00,31.59,31.60,31.58,31.59,21352
GM,2016-04-29,14:36:00,31.59,31.60,31.59,31.59,3200
GM,2016-04-29,14:37:00,31.59,31.61,31.59,31.61,12186
GM,2016-04-29,14:38:00,31.60,31.61,31.58,31.59,33776
GM,2016-04-29,14:39:00,31.58,31.58,31.55,31.55,18801
GM,2016-04-29,14:40:00,31.55,31.57,31.55,31.57,15619
GM,2016-04-29,14:41:00,31.57,31.58,31.57,31.57,6608
GM,2016-04-29,14:42:00,31.57,31.58,31.57,31.57,9297
GM,2016-04-29,14:43:00,31.58,31.58,31.54,31.54,19610
GM,2016-04-29,14:44:00,31.54,31.55,31.52,31.54,17859
GM,2016-04-29,14:45:00,31.54,31.55,31.53,31.55,18891
GM,2016-04-29,14:46:00,31.55,31.55,31.53,31.55,11935
GM,2016-04-29,14:47:00,31.55,31.55,31.53,31.54,8889
GM,2016-04-29,14:48:00,31.54,31.55,31.53,31.55,11192
GM,2016-04-29,14:49:00,31.55,31.57,31.55,31.56,20850
GM,2016-04-29,14:50:00,31.56,31.57,31.55,31.57,27205
GM,2016-04-29,14:51:00,31.57,31.59,31.55,31.57,34034
GM,2016-04-29,14:52:00,31.56,31.57,31.54,31.55,17286
GM,2016-04-29,14:53:00,31.55,31.55,31.54,31.54,6813
GM,2016-04-29,14:54:00,31.54,31.56,31.54,31.56,6840
GM,2016-04-29,14:55:00,31.56,31.57,31.55,31.57,14404
GM,2016-04-29,14:56:00,31.57,31.59,31.57,31.57,14475
GM,2016-04-29,14:57:00,31.57,31.57,31.54,31.55,17597
GM,2016-04-29,14:58:00,31.55,31.56,31.55,31.56,7693
GM,2016-04-29,14:59:00,31.56,31.57,31.55,31.55,25318
GM,2016-04-29,15:00:00,31.55,31.56,31.54,31.55,12938
GM,2016-04-29,15:01:00,31.56,31.58,31.55,31.58,27512
GM,2016-04-29,15:02:00,31.58,31.60,31.58,31.60,10127
GM,2016-04-29,15:03:00,31.59,31.59,31.57,31.57,26730
GM,2016-04-29,15:04:00,31.57,31.59,31.57,31.58,11404
GM,2016-04-29,15:05:00,31.57,31.57,31.56,31.57,12434
GM,2016-04-29,15:06:00,31.56,31.57,31.55,31.55,24166
GM,2016-04-29,15:07:00,31.56,31.59,31.56,31.59,36207
GM,2016-04-29,15:08:00,31.59,31.62,31.59,31.62,22074
GM,2016-04-29,15:09:00,31.63,31.63,31.61,31.61,34351
GM,2016-04-29,15:10:00,31.61,31.62,31.59,31.60,41520
GM,2016-04-29,15:11:00,31.59,31.61,31.59,31.59,15154
GM,2016-04-29,15:12:00,31.60,31.63,31.59,31.63,25311
GM,2016-04-29,15:13:00,31.62,31.64,31.62,31.62,38732
GM,2016-04-29,15:14:00,31.62,31.64,31.61,31.64,25853
GM,2016-04-29,15:15:00,31.63,31.64,31.63,31.64,22698
GM,2016-04-29,15:16:00,31.63,31.68,31.63,31.68,45943
GM,2016-04-29,15:17:00,31.67,31.69,31.66,31.68,74572
GM,2016-04-29,15:18:00,31.68,31.70,31.68,31.70,85802
GM,2016-04-29,15:19:00,31.69,31.70,31.68,31.69,48417
GM,2016-04-29,15:20:00,31.69,31.70,31.68,31.70,16289
GM,2016-04-29,15:21:00,31.70,31.71,31.69,31.69,35760
GM,2016-04-29,15:22:00,31.69,31.70,31.68,31.70,35276
GM,2016-04-29,15:23:00,31.70,31.73,31.70,31.73,22938
GM,2016-04-29,15:24:00,31.73,31.74,31.72,31.74,74392
GM,2016-04-29,15:25:00,31.73,31.74,31.72,31.74,30910
GM,2016-04-29,15:26:00,31.74,31.74,31.72,31.73,19055
GM,2016-04-29,15:27:00,31.73,31.76,31.73,31.73,63245
GM,2016-04-29,15:28:00,31.73,31.74,31.72,31.74,24198
GM,2016-04-29,15:29:00,31.73,31.75,31.73,31.73,31027
GM,2016-04-29,15:30:00,31.73,31.74,31.72,31.73,23621
GM,2016-04-29,15:31:00,31.73,31.75,31.73,31.75,29635
GM,2016-04-29,15:32:00,31.75,31.76,31.75,31.76,24411
GM,2016-04-29,15:33:00,31.77,31.80,31.77,31.79,63138
GM,2016-04-29,15:34:00,31.80,31.82,31.78,31.79,42679
GM,2016-04-29,15:35:00,31.79,31.82,31.79,31.82,39626
GM,2016-04-29,15:36:00,31.82,31.82,31.80,31.80,24955
GM,2016-04-29,15:37:00,31.80,31.81,31.79,31.80,23360
GM,2016-04-29,15:38:00,31.79,31.80,31.77,31.79,35934
GM,2016-04-29,15:39:00,31.78,31.79,31.77,31.77,32484
GM,2016-04-29,15:40:00,31.78,31.78,31.76,31.77,28205
GM,2016-04-29,15:41:00,31.77,31.79,31.77,31.77,59820
GM,2016-04-29,15:42:00,31.77,31.80,31.77,31.80,40064
GM,2016-04-29,15:43:00,31.80,31.80,31.79,31.80,17506
GM,2016-04-29,15:44:00,31.80,31.80,31.79,31.80,37931
GM,2016-04-29,15:45:00,31.80,31.85,31.79,31.85,94726
GM,2016-04-29,15:46:00,31.84,31.86,31.82,31.86,117515
GM,2016-04-29,15:47:00,31.86,31.87,31.85,31.86,47561
GM,2016-04-29,15:48:00,31.85,31.86,31.82,31.83,53835
GM,2016-04-29,15:49:00,31.82,31.83,31.79,31.80,62464
GM,2016-04-29,15:50:00,31.80,31.82,31.79,31.80,104924
GM,2016-04-29,15:51:00,31.80,31.80,31.78,31.78,36491
GM,2016-04-29,15:52:00,31.79,31.79,31.78,31.79,56948
GM,2016-04-29,15:53:00,31.79,31.79,31.78,31.79,48983
GM,2016-04-29,15:54:00,31.78,31.79,31.77,31.79,163858
GM,2016-04-29,15:55:00,31.79,31.81,31.78,31.81,124661
GM,2016-04-29,15:56:00,31.80,31.81,31.79,31.79,103205
GM,2016-04-29,15:57:00,31.80,31.81,31.79,31.80,112267
GM,2016-04-29,15:58:00,31.80,31.81,31.80,31.81,81852
GM,2016-04-29,15:59:00,31.80,31.80,31.77,31.78,150285
GM,2016-04-29,16:00:00,31.78,31.80,31.77,31.79,266646
