GOOG,2016-04-28,09:30:00,708.26,708.26,707.00,707.00,27551
GOOG,2016-04-28,09:31:00,707.76,711.00,707.66,710.28,12071
GOOG,2016-04-28,09:32:00,710.77,710.94,709.56,710.36,13339
GOOG,2016-04-28,09:33:00,710.45,711.15,708.41,708.84,16780
GOOG,2016-04-28,09:34:00,709.12,710.82,708.69,710.80,5515
GOOG,2016-04-28,09:35:00,710.90,711.04,710.14,710.65,7133
GOOG,2016-04-28,09:36:00,710.59,711.31,710.49,711.00,11962
GOOG,2016-04-28,09:37:00,710.75,712.00,710.26,711.75,14699
GOOG,2016-04-28,09:38:00,711.99,712.79,711.82,712.66,9523
GOOG,2016-04-28,09:39:00,712.39,714.17,712.39,714.17,25332
GOOG,2016-04-28,09:40:00,713.96,714.02,712.69,713.21,8559
GOOG,2016-04-28,09:41:00,713.06,713.14,711.59,712.02,9571
GOOG,2016-04-28,09:42:00,712.00,712.48,711.85,711.97,3800
GOOG,2016-04-28,09:43:00,712.01,712.35,711.64,712.19,3820
GOOG,2016-04-28,09:44:00,712.19,713.02,712.07,712.65,4895
GOOG,2016-04-28,09:45:00,712.99,713.13,712.45,712.45,5860
GOOG,2016-04-28,09:46:00,712.54,712.90,712.12,712.53,11855
GOOG,2016-04-28,09:47:00,712.57,712.65,712.15,712.65,5580
GOOG,2016-04-28,09:48:00,712.43,712.47,711.96,712.42,3921
GOOG,2016-04-28,09:49:00,712.51,712.80,712.00,712.39,6427
GOOG,2016-04-28,09:50:00,712.56,712.56,712.01,712.40,3700
GOOG,2016-04-28,09:51:00,712.05,712.34,711.89,712.34,6361
GOOG,2016-04-28,09:52:00,712.37,712.37,711.64,711.74,12221
GOOG,2016-04-28,09:53:00,711.72,711.80,710.90,710.90,10732
GOOG,2016-04-28,09:54:00,711.00,711.54,710.20,710.20,2600
GOOG,2016-04-28,09:55:00,710.25,710.88,709.38,709.78,17120
GOOG,2016-04-28,09:56:00,709.61,710.39,709.38,710.10,10165
GOOG,2016-04-28,09:57:00,710.11,710.11,709.18,709.33,5968
GOOG,2016-04-28,09:58:00,709.26,709.72,709.00,709.31,2290
GOOG,2016-04-28,09:59:00,709.56,709.85,709.56,709.68,1100
GOOG,2016-04-28,10:00:00,709.86,709.99,709.49,709.84,3600
GOOG,2016-04-28,10:01:00,709.86,710.12,709.76,710.11,9214
GOOG,2016-04-28,10:02:00,710.05,710.56,710.00,710.29,9869
GOOG,2016-04-28,10:03:00,710.39,710.44,710.06,710.44,2800
GOOG,2016-04-28,10:04:00,710.33,710.54,710.08,710.29,3043
GOOG,2016-04-28,10:05:00,710.11,710.72,710.10,710.45,7683
GOOG,2016-04-28,10:06:00,710.43,710.69,710.29,710.69,6049
GOOG,2016-04-28,10:07:00,710.53,710.80,710.21,710.22,4420
GOOG,2016-04-28,10:08:00,710.23,710.38,709.73,709.84,6719
GOOG,2016-04-28,10:09:00,709.97,709.97,709.26,709.45,7500
GOOG,2016-04-28,10:10:00,709.58,709.69,709.31,709.62,5000
GOOG,2016-04-28,10:11:00,709.59,709.59,709.27,709.47,7600
GOOG,2016-04-28,10:12:00,709.28,709.45,708.95,708.96,7031
GOOG,2016-04-28,10:13:00,708.95,709.38,708.95,709.30,4300
GOOG,2016-04-28,10:14:00,709.47,709.64,709.01,709.59,6366
GOOG,2016-04-28,10:15:00,709.52,710.00,709.52,709.79,3949
GOOG,2016-04-28,10:16:00,709.78,710.16,709.74,710.08,2400
GOOG,2016-04-28,10:17:00,710.05,710.05,709.51,709.68,4650
GOOG,2016-04-28,10:18:00,709.69,709.85,709.45,709.59,1300
GOOG,2016-04-28,10:19:00,709.48,709.89,709.35,709.89,1200
GOOG,2016-04-28,10:20:00,709.91,710.24,709.42,710.24,6725
GOOG,2016-04-28,10:21:00,710.24,710.46,709.78,710.18,3800
GOOG,2016-04-28,10:22:00,710.14,710.14,709.85,709.86,1200
GOOG,2016-04-28,10:23:00,710.12,710.12,709.69,709.69,1600
GOOG,2016-04-28,10:24:00,709.49,709.80,709.46,709.46,1200
GOOG,2016-04-28,10:25:00,709.01,709.01,708.61,708.89,1200
GOOG,2016-04-28,10:26:00,709.15,709.83,709.15,709.71,1050
GOOG,2016-04-28,10:27:00,709.46,709.48,709.20,709.44,1508
GOOG,2016-04-28,10:28:00,709.69,709.72,709.11,709.11,600
GOOG,2016-04-28,10:29:00,709.13,709.25,709.13,709.25,700
GOOG,2016-04-28,10:30:00,708.92,709.29,708.92,709.05,700
GOOG,2016-04-28,10:31:00,708.92,708.92,707.81,707.82,6460
GOOG,2016-04-28,10:32:00,707.87,708.38,707.87,708.38,1730
GOOG,2016-04-28,10:33:00,708.50,708.53,708.00,708.11,1850
GOOG,2016-04-28,10:34:00,708.29,708.29,707.68,707.85,1900
GOOG,2016-04-28,10:35:00,707.99,708.05,707.89,707.89,1332
GOOG,2016-04-28,10:36:00,708.04,708.04,707.70,707.88,1431
GOOG,2016-04-28,10:37:00,708.13,708.13,707.76,708.07,2000
GOOG,2016-04-28,10:38:00,708.35,708.46,708.03,708.22,4849
GOOG,2016-04-28,10:39:00,708.03,708.03,707.60,707.81,2225
GOOG,2016-04-28,10:40:00,707.70,707.81,707.50,707.68,6602
GOOG,2016-04-28,10:41:00,707.57,708.28,707.57,707.75,4864
GOOG,2016-04-28,10:42:00,707.75,707.95,707.39,707.46,7550
GOOG,2016-04-28,10:43:00,707.47,707.57,706.69,706.69,17261
GOOG,2016-04-28,10:44:00,706.91,707.71,706.91,707.71,10968
GOOG,2016-04-28,10:45:00,707.83,708.12,707.65,707.75,3806
GOOG,2016-04-28,10:46:00,707.67,707.68,707.28,707.28,2340
GOOG,2016-04-28,10:47:00,707.62,708.15,707.55,707.85,2600
GOOG,2016-04-28,10:48:00,707.85,708.31,707.85,707.87,2200
GOOG,2016-04-28,10:49:00,708.07,708.13,707.52,707.73,6618
GOOG,2016-04-28,10:50:00,707.56,708.12,707.24,707.36,6009
GOOG,2016-04-28,10:51:00,707.50,707.53,707.23,707.39,1600
GOOG,2016-04-28,10:52:00,707.49,707.50,707.00,707.16,4161
GOOG,2016-04-28,10:53:00,707.00,707.21,706.62,706.64,3889
GOOG,2016-04-28,10:54:00,706.60,706.63,706.40,706.61,8013
GOOG,2016-04-28,10:55:00,706.72,706.80,706.15,706.36,6400
GOOG,2016-04-28,10:56:00,706.47,706.93,706.47,706.85,2250
GOOG,2016-04-28,10:57:00,706.86,707.16,706.73,707.10,2135
GOOG,2016-04-28,10:58:00,706.91,707.19,706.91,707.19,2300
GOOG,2016-04-28,10:59:00,707.23,707.77,707.23,707.77,1913
GOOG,2016-04-28,11:00:00,707.79,707.97,707.29,707.33,4800
GOOG,2016-04-28,11:01:00,707.16,707.21,707.04,707.04,800
GOOG,2016-04-28,11:02:00,706.86,707.16,706.74,706.91,1300
GOOG,2016-04-28,11:03:00,706.79,706.88,706.68,706.77,1600
GOOG,2016-04-28,11:04:00,706.92,707.61,706.92,707.50,1250
GOOG,2016-04-28,11:05:00,707.02,707.18,706.60,707.00,1900
GOOG,2016-04-28,11:06:00,706.98,707.50,706.98,707.46,2680
GOOG,2016-04-28,11:07:00,707.25,707.50,707.25,707.25,1639
GOOG,2016-04-28,11:08:00,707.19,707.25,707.00,707.25,836
GOOG,2016-04-28,11:09:00,707.12,707.41,707.12,707.26,2236
GOOG,2016-04-28,11:10:00,707.16,707.20,706.78,706.78,1448
GOOG,2016-04-28,11:11:00,706.95,707.07,706.84,706.84,1309
GOOG,2016-04-28,11:12:00,706.98,707.09,706.98,707.07,700
GOOG,2016-04-28,11:13:00,706.96,706.96,706.85,706.85,650
GOOG,2016-04-28,11:14:00,707.14,707.14,706.91,706.95,600
GOOG,2016-04-28,11:15:00,707.04,707.11,706.99,707.07,800
GOOG,2016-04-28,11:16:00,707.36,707.82,707.36,707.63,7667
GOOG,2016-04-28,11:17:00,707.54,707.54,707.31,707.35,2539
GOOG,2016-04-28,11:18:00,707.36,707.74,707.36,707.74,1400
GOOG,2016-04-28,11:19:00,707.75,708.18,707.74,708.18,2317
GOOG,2016-04-28,11:20:00,708.11,708.11,707.84,707.89,1100
GOOG,2016-04-28,11:21:00,707.99,708.55,707.98,708.53,2951
GOOG,2016-04-28,11:22:00,708.76,708.76,708.29,708.29,919
GOOG,2016-04-28,11:23:00,708.20,708.31,707.76,708.09,9237
GOOG,2016-04-28,11:24:00,708.05,708.24,708.03,708.24,800
GOOG,2016-04-28,11:25:00,708.22,709.12,708.22,708.85,4137
GOOG,2016-04-28,11:26:00,709.00,709.40,708.92,709.00,3613
GOOG,2016-04-28,11:27:00,709.04,709.15,708.86,708.86,1000
GOOG,2016-04-28,11:28:00,708.85,708.94,708.59,708.94,564
GOOG,2016-04-28,11:29:00,708.75,708.76,708.48,708.49,2100
GOOG,2016-04-28,11:30:00,708.43,708.53,708.00,708.00,3598
GOOG,2016-04-28,11:31:00,708.00,708.81,708.00,708.81,2281
GOOG,2016-04-28,11:32:00,708.46,708.46,708.46,708.46,100
GOOG,2016-04-28,11:33:00,708.26,708.30,707.96,707.96,1970
GOOG,2016-04-28,11:34:00,708.17,708.17,707.99,708.12,1300
GOOG,2016-04-28,11:35:00,708.30,708.30,708.25,708.25,914
GOOG,2016-04-28,11:36:00,708.30,708.30,708.18,708.30,3841
GOOG,2016-04-28,11:37:00,708.26,708.55,708.26,708.40,4237
GOOG,2016-04-28,11:38:00,708.49,708.55,708.36,708.49,2000
GOOG,2016-04-28,11:39:00,708.54,708.55,708.28,708.30,2600
GOOG,2016-04-28,11:40:00,708.50,708.53,708.38,708.52,1160
GOOG,2016-04-28,11:41:00,708.53,708.53,708.34,708.34,4542
GOOG,2016-04-28,11:42:00,708.31,708.39,708.01,708.02,3850
GOOG,2016-04-28,11:43:00,708.21,708.27,708.07,708.26,1200
GOOG,2016-04-28,11:44:00,708.15,708.25,708.15,708.20,500
GOOG,2016-04-28,11:45:00,708.42,708.42,708.40,708.40,800
GOOG,2016-04-28,11:46:00,708.40,708.40,708.16,708.39,1000
GOOG,2016-04-28,11:47:00,708.18,708.18,707.87,707.88,2400
GOOG,2016-04-28,11:48:00,707.99,707.99,707.43,707.62,7320
GOOG,2016-04-28,11:49:00,707.43,707.55,707.13,707.13,2603
GOOG,2016-04-28,11:50:00,707.00,707.06,706.77,706.89,1825
GOOG,2016-04-28,11:51:00,706.89,707.06,706.88,706.95,1400
GOOG,2016-04-28,11:52:00,707.00,707.00,706.93,706.97,1100
GOOG,2016-04-28,11:53:00,707.01,707.08,707.01,707.08,565
GOOG,2016-04-28,11:54:00,707.02,707.39,707.02,707.09,1350
GOOG,2016-04-28,11:55:00,707.25,707.25,707.25,707.25,100
GOOG,2016-04-28,11:56:00,707.29,707.35,707.17,707.35,1100
GOOG,2016-04-28,11:57:00,707.10,707.10,707.10,707.10,260
GOOG,2016-04-28,11:58:00,707.15,707.15,707.13,707.13,1100
GOOG,2016-04-28,11:59:00,707.25,707.25,707.00,707.07,2515
GOOG,2016-04-28,12:00:00,707.11,707.12,706.96,707.03,1751
GOOG,2016-04-28,12:01:00,707.12,707.21,707.05,707.05,900
GOOG,2016-04-28,12:02:00,707.10,707.22,707.00,707.05,1937
GOOG,2016-04-28,12:03:00,707.00,707.00,706.52,706.94,2802
GOOG,2016-04-28,12:04:00,706.84,706.87,706.50,706.53,2403
GOOG,2016-04-28,12:05:00,706.53,706.74,706.26,706.26,3406
GOOG,2016-04-28,12:06:00,706.37,706.55,706.33,706.33,2000
GOOG,2016-04-28,12:07:00,706.42,706.42,706.03,706.15,4100
GOOG,2016-04-28,12:08:00,706.03,706.09,705.69,705.71,5900
GOOG,2016-04-28,12:09:00,705.66,705.66,705.38,705.51,2950
GOOG,2016-04-28,12:10:00,705.51,705.75,705.50,705.73,3100
GOOG,2016-04-28,12:11:00,705.66,705.82,705.52,705.82,2700
GOOG,2016-04-28,12:12:00,705.85,705.85,705.38,705.38,2850
GOOG,2016-04-28,12:13:00,705.38,705.46,705.38,705.39,600
GOOG,2016-04-28,12:14:00,705.53,705.57,705.41,705.41,2967
GOOG,2016-04-28,12:15:00,705.48,705.53,705.01,705.12,5131
GOOG,2016-04-28,12:16:00,705.21,705.24,704.80,704.90,6819
GOOG,2016-04-28,12:17:00,704.68,704.79,704.17,704.17,4950
GOOG,2016-04-28,12:18:00,704.17,704.45,703.83,703.86,3572
GOOG,2016-04-28,12:19:00,703.75,703.82,703.28,703.28,8029
GOOG,2016-04-28,12:20:00,703.27,703.49,703.14,703.17,2200
GOOG,2016-04-28,12:21:00,702.94,703.10,702.68,702.68,1610
GOOG,2016-04-28,12:22:00,702.79,702.93,702.66,702.84,9323
GOOG,2016-04-28,12:23:00,702.88,702.88,702.64,702.64,2331
GOOG,2016-04-28,12:24:00,702.69,702.82,702.29,702.56,5840
GOOG,2016-04-28,12:25:00,702.57,702.75,702.30,702.30,6742
GOOG,2016-04-28,12:26:00,702.50,702.73,702.35,702.64,2150
GOOG,2016-04-28,12:27:00,702.43,702.96,702.43,702.96,2750
GOOG,2016-04-28,12:28:00,702.83,702.96,702.83,702.91,1650
GOOG,2016-04-28,12:29:00,702.87,702.98,702.54,702.57,7147
GOOG,2016-04-28,12:30:00,702.60,702.60,702.27,702.60,2345
GOOG,2016-04-28,12:31:00,702.31,702.53,702.19,702.28,3417
GOOG,2016-04-28,12:32:00,702.23,702.37,702.09,702.18,2000
GOOG,2016-04-28,12:33:00,702.13,702.65,702.13,702.45,3700
GOOG,2016-04-28,12:34:00,702.28,702.49,702.27,702.37,1180
GOOG,2016-04-28,12:35:00,702.34,702.48,702.24,702.24,2800
GOOG,2016-04-28,12:36:00,702.29,702.29,701.85,701.85,5131
GOOG,2016-04-28,12:37:00,701.76,702.10,701.75,701.80,6600
GOOG,2016-04-28,12:38:00,701.80,701.83,701.51,701.60,5020
GOOG,2016-04-28,12:39:00,701.53,701.74,701.53,701.65,1100
GOOG,2016-04-28,12:40:00,701.62,701.74,701.51,701.51,3409
GOOG,2016-04-28,12:41:00,701.65,701.88,701.51,701.51,5230
GOOG,2016-04-28,12:42:00,701.56,701.60,700.88,701.03,6966
GOOG,2016-04-28,12:43:00,700.86,701.00,700.65,700.80,3200
GOOG,2016-04-28,12:44:00,700.78,700.81,700.33,700.33,2062
GOOG,2016-04-28,12:45:00,700.25,700.36,700.02,700.12,9144
GOOG,2016-04-28,12:46:00,700.21,700.45,700.14,700.16,3700
GOOG,2016-04-28,12:47:00,700.13,700.49,700.01,700.40,5548
GOOG,2016-04-28,12:48:00,700.36,700.51,700.22,700.51,3400
GOOG,2016-04-28,12:49:00,700.60,700.86,700.11,700.38,5286
GOOG,2016-04-28,12:50:00,700.47,700.47,700.25,700.31,1479
GOOG,2016-04-28,12:51:00,700.31,700.45,699.81,700.05,12107
GOOG,2016-04-28,12:52:00,700.10,700.27,699.81,699.99,4600
GOOG,2016-04-28,12:53:00,700.04,700.26,699.84,700.26,4680
GOOG,2016-04-28,12:54:00,700.55,700.64,700.55,700.62,700
GOOG,2016-04-28,12:55:00,700.49,701.38,700.44,701.38,2785
GOOG,2016-04-28,12:56:00,701.38,701.63,700.92,701.14,2671
GOOG,2016-04-28,12:57:00,701.01,701.32,700.88,701.28,2099
GOOG,2016-04-28,12:58:00,701.37,701.67,701.35,701.49,2405
GOOG,2016-04-28,12:59:00,701.43,701.43,701.10,701.10,500
GOOG,2016-04-28,13:00:00,701.24,701.26,700.94,701.18,10300
GOOG,2016-04-28,13:01:00,701.12,701.24,701.04,701.04,548
GOOG,2016-04-28,13:02:00,701.09,701.16,700.93,700.99,1250
GOOG,2016-04-28,13:03:00,700.90,701.01,700.42,700.57,10631
GOOG,2016-04-28,13:04:00,700.34,700.34,699.81,700.01,2618
GOOG,2016-04-28,13:05:00,699.89,699.90,699.39,699.67,7780
GOOG,2016-04-28,13:06:00,699.52,699.52,699.00,699.00,6015
GOOG,2016-04-28,13:07:00,699.17,699.20,699.00,699.02,5323
GOOG,2016-04-28,13:08:00,699.19,699.28,699.02,699.02,2850
GOOG,2016-04-28,13:09:00,699.23,699.23,698.97,698.97,3336
GOOG,2016-04-28,13:10:00,699.08,699.10,698.85,698.88,2124
GOOG,2016-04-28,13:11:00,698.92,699.00,698.02,698.02,4401
GOOG,2016-04-28,13:12:00,698.01,698.34,697.56,698.05,6116
GOOG,2016-04-28,13:13:00,698.02,698.25,697.92,697.92,868
GOOG,2016-04-28,13:14:00,698.04,698.38,697.92,698.38,8703
GOOG,2016-04-28,13:15:00,698.26,698.71,698.26,698.60,1966
GOOG,2016-04-28,13:16:00,698.62,698.99,698.62,698.78,1840
GOOG,2016-04-28,13:17:00,698.55,698.62,698.25,698.36,2800
GOOG,2016-04-28,13:18:00,698.40,698.70,698.31,698.48,1700
GOOG,2016-04-28,13:19:00,698.58,698.80,698.54,698.56,2100
GOOG,2016-04-28,13:20:00,698.79,699.00,698.50,698.75,2000
GOOG,2016-04-28,13:21:00,698.71,699.11,698.51,698.51,1027
GOOG,2016-04-28,13:22:00,698.51,698.91,698.51,698.54,2450
GOOG,2016-04-28,13:23:00,698.30,698.46,698.07,698.22,1313
GOOG,2016-04-28,13:24:00,698.49,698.49,698.20,698.36,1800
GOOG,2016-04-28,13:25:00,698.24,699.08,698.24,698.97,9733
GOOG,2016-04-28,13:26:00,698.99,699.46,698.98,699.20,6700
GOOG,2016-04-28,13:27:00,699.21,699.50,698.96,699.40,6885
GOOG,2016-04-28,13:28:00,699.45,699.72,699.19,699.53,2695
GOOG,2016-04-28,13:29:00,699.69,699.79,699.17,699.60,7900
GOOG,2016-04-28,13:30:00,699.67,699.92,699.23,699.52,4020
GOOG,2016-04-28,13:31:00,699.52,699.52,699.06,699.31,4400
GOOG,2016-04-28,13:32:00,699.14,699.21,698.99,699.21,3408
GOOG,2016-04-28,13:33:00,699.06,699.73,699.06,699.72,2499
GOOG,2016-04-28,13:34:00,699.62,699.65,699.30,699.45,1000
GOOG,2016-04-28,13:35:00,699.30,699.54,699.12,699.33,1600
GOOG,2016-04-28,13:36:00,699.45,699.75,699.33,699.62,6636
GOOG,2016-04-28,13:37:00,699.67,699.67,699.45,699.55,1807
GOOG,2016-04-28,13:38:00,699.52,699.52,699.22,699.22,1490
GOOG,2016-04-28,13:39:00,699.26,699.26,699.08,699.08,215
GOOG,2016-04-28,13:40:00,699.00,699.09,698.83,698.98,1300
GOOG,2016-04-28,13:41:00,699.04,699.04,698.43,698.43,3700
GOOG,2016-04-28,13:42:00,698.44,698.73,698.44,698.66,2419
GOOG,2016-04-28,13:43:00,698.74,698.81,698.64,698.65,1208
GOOG,2016-04-28,13:44:00,698.75,698.86,698.73,698.76,800
GOOG,2016-04-28,13:45:00,699.20,699.25,699.10,699.25,400
GOOG,2016-04-28,13:46:00,699.15,699.15,698.55,698.68,3600
GOOG,2016-04-28,13:47:00,698.50,698.88,698.30,698.87,4020
GOOG,2016-04-28,13:48:00,698.99,699.51,698.99,699.24,5880
GOOG,2016-04-28,13:49:00,699.24,699.36,699.24,699.25,700
GOOG,2016-04-28,13:50:00,699.33,699.36,699.24,699.36,650
GOOG,2016-04-28,13:51:00,699.28,699.54,698.89,699.53,5300
GOOG,2016-04-28,13:52:00,699.65,700.03,699.65,699.85,4000
GOOG,2016-04-28,13:53:00,699.95,700.18,699.50,699.50,2600
GOOG,2016-04-28,13:54:00,699.49,699.53,699.09,699.38,16003
GOOG,2016-04-28,13:55:00,699.40,699.40,699.18,699.21,1450
GOOG,2016-04-28,13:56:00,699.48,699.50,699.06,699.06,1800
GOOG,2016-04-28,13:57:00,699.18,699.29,698.91,698.91,861
GOOG,2016-04-28,13:58:00,698.99,699.00,698.44,698.50,1785
GOOG,2016-04-28,13:59:00,698.53,698.64,698.48,698.64,950
GOOG,2016-04-28,14:00:00,698.35,698.63,698.25,698.25,1645
GOOG,2016-04-28,14:01:00,698.48,698.64,698.48,698.57,395
GOOG,2016-04-28,14:02:00,698.25,698.46,698.01,698.46,3175
GOOG,2016-04-28,14:03:00,698.53,699.22,698.48,698.99,7723
GOOG,2016-04-28,14:04:00,699.07,699.07,698.82,698.82,649
GOOG,2016-04-28,14:05:00,698.59,698.79,698.03,698.61,11682
GOOG,2016-04-28,14:06:00,698.56,698.88,698.45,698.59,6500
GOOG,2016-04-28,14:07:00,698.55,698.66,698.36,698.37,5069
GOOG,2016-04-28,14:08:00,698.35,698.41,698.16,698.36,1500
GOOG,2016-04-28,14:09:00,698.16,698.56,698.00,698.01,3513
GOOG,2016-04-28,14:10:00,698.16,698.25,698.00,698.25,2876
GOOG,2016-04-28,14:11:00,698.03,698.09,697.82,698.04,9040
GOOG,2016-04-28,14:12:00,697.93,698.07,697.56,698.00,3400
GOOG,2016-04-28,14:13:00,698.07,698.07,697.50,697.60,2700
GOOG,2016-04-28,14:14:00,697.60,697.80,697.59,697.62,3289
GOOG,2016-04-28,14:15:00,697.67,697.81,697.64,697.81,3161
GOOG,2016-04-28,14:16:00,697.72,698.10,697.59,698.02,8975
GOOG,2016-04-28,14:17:00,697.94,697.96,697.87,697.91,700
GOOG,2016-04-28,14:18:00,697.71,697.84,697.52,697.79,2550
GOOG,2016-04-28,14:19:00,697.76,697.76,697.55,697.55,1404
GOOG,2016-04-28,14:20:00,697.78,697.79,697.59,697.64,500
GOOG,2016-04-28,14:21:00,697.62,697.68,697.50,697.56,2321
GOOG,2016-04-28,14:22:00,697.54,697.71,697.23,697.39,18036
GOOG,2016-04-28,14:23:00,697.42,697.55,697.35,697.39,1270
GOOG,2016-04-28,14:24:00,697.27,697.49,697.05,697.05,15268
GOOG,2016-04-28,14:25:00,697.14,697.50,697.08,697.48,4969
GOOG,2016-04-28,14:26:00,697.13,697.13,697.00,697.00,2541
GOOG,2016-04-28,14:27:00,697.10,697.24,697.08,697.20,5915
GOOG,2016-04-28,14:28:00,697.25,697.46,697.12,697.36,2444
GOOG,2016-04-28,14:29:00,697.23,697.33,697.00,697.19,5346
GOOG,2016-04-28,14:30:00,697.10,697.41,697.10,697.26,2800
GOOG,2016-04-28,14:31:00,697.26,697.56,697.14,697.56,2386
GOOG,2016-04-28,14:32:00,697.52,697.52,697.20,697.20,2182
GOOG,2016-04-28,14:33:00,697.20,697.42,697.10,697.35,5140
GOOG,2016-04-28,14:34:00,697.17,697.36,697.12,697.24,1800
GOOG,2016-04-28,14:35:00,697.22,697.32,697.00,697.23,3000
GOOG,2016-04-28,14:36:00,697.30,697.54,697.28,697.54,2300
GOOG,2016-04-28,14:37:00,697.60,697.60,697.20,697.35,8014
GOOG,2016-04-28,14:38:00,697.36,697.53,697.03,697.03,5353
GOOG,2016-04-28,14:39:00,697.30,697.92,697.30,697.72,23210
GOOG,2016-04-28,14:40:00,697.76,697.90,697.58,697.58,3055
GOOG,2016-04-28,14:41:00,697.33,697.55,697.33,697.34,692
GOOG,2016-04-28,14:42:00,697.58,697.59,697.25,697.27,1842
GOOG,2016-04-28,14:43:00,697.25,697.40,697.22,697.23,500
GOOG,2016-04-28,14:44:00,697.45,697.51,697.21,697.26,1800
GOOG,2016-04-28,14:45:00,697.20,697.30,697.00,697.00,1367
GOOG,2016-04-28,14:46:00,697.00,697.15,696.38,696.72,9862
GOOG,2016-04-28,14:47:00,696.72,696.95,696.50,696.89,5984
GOOG,2016-04-28,14:48:00,696.66,696.77,696.30,696.30,2755
GOOG,2016-04-28,14:49:00,696.30,696.37,696.13,696.35,4244
GOOG,2016-04-28,14:50:00,696.28,696.57,696.16,696.57,3494
GOOG,2016-04-28,14:51:00,696.41,696.80,696.38,696.64,4750
GOOG,2016-04-28,14:52:00,696.51,696.88,696.51,696.66,1755
GOOG,2016-04-28,14:53:00,696.89,696.90,696.52,696.53,2900
GOOG,2016-04-28,14:54:00,696.52,696.70,696.51,696.55,2902
GOOG,2016-04-28,14:55:00,696.49,696.51,696.14,696.14,2600
GOOG,2016-04-28,14:56:00,696.11,696.57,696.02,696.02,3736
GOOG,2016-04-28,14:57:00,696.13,696.14,695.83,696.07,9215
GOOG,2016-04-28,14:58:00,696.11,696.66,696.06,696.47,2250
GOOG,2016-04-28,14:59:00,696.31,696.42,696.27,696.27,400
GOOG,2016-04-28,15:00:00,696.30,696.86,696.30,696.50,7826
GOOG,2016-04-28,15:01:00,696.47,696.60,696.36,696.58,2242
GOOG,2016-04-28,15:02:00,696.56,696.64,696.56,696.63,300
GOOG,2016-04-28,15:03:00,696.56,696.66,696.39,696.59,5355
GOOG,2016-04-28,15:04:00,696.57,696.74,696.45,696.45,3315
GOOG,2016-04-28,15:05:00,696.46,696.69,696.00,696.69,3086
GOOG,2016-04-28,15:06:00,696.69,696.69,696.50,696.50,800
GOOG,2016-04-28,15:07:00,696.38,696.40,695.77,695.84,3015
GOOG,2016-04-28,15:08:00,696.11,696.51,696.11,696.27,6028
GOOG,2016-04-28,15:09:00,696.17,696.45,695.81,696.29,4535
GOOG,2016-04-28,15:10:00,696.20,696.20,695.56,695.66,3139
GOOG,2016-04-28,15:11:00,695.74,695.76,695.50,695.65,4685
GOOG,2016-04-28,15:12:00,695.60,695.72,695.15,695.39,3046
GOOG,2016-04-28,15:13:00,695.48,695.48,695.04,695.04,3600
GOOG,2016-04-28,15:14:00,695.27,695.29,694.78,694.87,4956
GOOG,2016-04-28,15:15:00,694.69,694.87,694.17,694.17,5741
GOOG,2016-04-28,15:16:00,694.14,694.34,693.90,694.34,5301
GOOG,2016-04-28,15:17:00,694.47,694.49,693.77,694.15,5042
GOOG,2016-04-28,15:18:00,694.22,694.68,694.22,694.32,2734
GOOG,2016-04-28,15:19:00,694.83,694.83,693.50,693.65,8912
GOOG,2016-04-28,15:20:00,693.78,694.42,693.65,694.42,1330
GOOG,2016-04-28,15:21:00,694.39,694.79,694.14,694.42,7530
GOOG,2016-04-28,15:22:00,694.41,694.42,694.09,694.25,3246
GOOG,2016-04-28,15:23:00,694.40,694.44,693.53,693.82,11615
GOOG,2016-04-28,15:24:00,693.86,693.95,693.04,693.15,10177
GOOG,2016-04-28,15:25:00,693.13,693.55,693.02,693.04,6999
GOOG,2016-04-28,15:26:00,693.10,693.10,691.38,691.38,34325
GOOG,2016-04-28,15:27:00,691.41,691.73,691.24,691.32,23428
GOOG,2016-04-28,15:28:00,691.28,691.56,691.00,691.02,28369
GOOG,2016-04-28,15:29:00,691.15,691.26,690.29,690.29,24687
GOOG,2016-04-28,15:30:00,690.44,690.66,690.00,690.01,18098
GOOG,2016-04-28,15:31:00,690.12,692.25,690.10,691.86,17068
GOOG,2016-04-28,15:32:00,691.90,692.66,691.73,692.43,14378
GOOG,2016-04-28,15:33:00,692.74,692.81,691.83,692.36,12300
GOOG,2016-04-28,15:34:00,692.26,692.94,691.99,692.62,14816
GOOG,2016-04-28,15:35:00,692.30,692.53,691.68,692.18,6794
GOOG,2016-04-28,15:36:00,692.03,692.65,691.87,692.33,4900
GOOG,2016-04-28,15:37:00,692.35,692.83,692.35,692.53,3308
GOOG,2016-04-28,15:38:00,692.37,692.53,691.45,691.91,9647
GOOG,2016-04-28,15:39:00,691.69,691.90,691.50,691.58,5500
GOOG,2016-04-28,15:40:00,691.73,692.06,691.58,691.73,5103
GOOG,2016-04-28,15:41:00,691.90,692.83,691.85,692.57,11906
GOOG,2016-04-28,15:42:00,692.56,692.75,691.88,692.23,7665
GOOG,2016-04-28,15:43:00,692.09,692.34,691.90,692.21,9100
GOOG,2016-04-28,15:44:00,692.21,692.80,692.00,692.70,6188
GOOG,2016-04-28,15:45:00,692.85,692.85,692.23,692.38,5677
GOOG,2016-04-28,15:46:00,692.28,692.70,692.16,692.54,7248
GOOG,2016-04-28,15:47:00,692.56,692.69,692.13,692.22,8421
GOOG,2016-04-28,15:48:00,692.20,692.66,692.11,692.13,5600
GOOG,2016-04-28,15:49:00,692.08,692.26,691.80,692.06,16796
GOOG,2016-04-28,15:50:00,692.05,692.21,691.42,691.50,15860
GOOG,2016-04-28,15:51:00,691.58,691.83,691.00,691.14,9035
GOOG,2016-04-28,15:52:00,691.19,691.24,690.77,690.93,12638
GOOG,2016-04-28,15:53:00,690.99,691.04,690.25,690.35,13023
GOOG,2016-04-28,15:54:00,690.40,690.63,690.06,690.19,10989
GOOG,2016-04-28,15:55:00,690.18,690.42,690.00,690.30,18540
GOOG,2016-04-28,15:56:00,690.20,690.25,690.00,690.01,18011
GOOG,2016-04-28,15:57:00,690.03,690.17,689.85,689.94,18369
GOOG,2016-04-28,15:58:00,690.06,690.29,689.55,689.80,21469
GOOG,2016-04-28,15:59:00,689.83,690.39,689.74,690.39,21262
GOOG,2016-04-28,16:00:00,690.39,691.45,690.39,691.02,106725
GOOG,2016-04-29,09:30:00,690.70,690.89,690.25,690.70,66866
GOOG,2016-04-29,09:31:00,690.48,694.86,690.45,693.87,28019
GOOG,2016-04-29,09:32:00,693.88,694.60,692.00,693.35,24268
GOOG,2016-04-29,09:33:00,693.35,695.00,692.56,694.02,14821
GOOG,2016-04-29,09:34:00,694.28,695.25,693.46,695.14,13293
GOOG,2016-04-29,09:35:00,695.17,696.60,695.08,695.54,11595
GOOG,2016-04-29,09:36:00,695.95,697.62,695.78,696.61,13215
GOOG,2016-04-29,09:37:00,696.67,697.19,695.10,695.20,44009
GOOG,2016-04-29,09:38:00,695.49,697.48,695.22,696.30,8495
GOOG,2016-04-29,09:39:00,696.31,697.48,696.29,696.45,15009
GOOG,2016-04-29,09:40:00,696.75,697.55,696.05,697.00,10370
GOOG,2016-04-29,09:41:00,697.31,697.48,696.74,696.74,9560
GOOG,2016-04-29,09:42:00,696.66,697.47,695.55,696.12,16646
GOOG,2016-04-29,09:43:00,695.82,696.32,695.00,695.00,8379
GOOG,2016-04-29,09:44:00,695.36,695.57,694.02,694.02,5759
GOOG,2016-04-29,09:45:00,694.10,695.95,694.00,694.00,13499
GOOG,2016-04-29,09:46:00,693.78,694.52,693.72,694.41,3954
GOOG,2016-04-29,09:47:00,694.16,694.37,693.61,693.89,4996
GOOG,2016-04-29,09:48:00,693.73,693.73,693.00,693.15,4010
GOOG,2016-04-29,09:49:00,692.94,693.01,692.19,692.29,6532
GOOG,2016-04-29,09:50:00,692.28,693.28,692.16,692.30,4502
GOOG,2016-04-29,09:51:00,692.16,692.50,691.56,692.01,5868
GOOG,2016-04-29,09:52:00,691.75,692.26,691.01,692.26,4090
GOOG,2016-04-29,09:53:00,691.50,692.30,691.26,692.29,3871
GOOG,2016-04-29,09:54:00,692.47,692.60,691.50,691.50,4956
GOOG,2016-04-29,09:55:00,691.94,692.79,691.70,692.50,6300
GOOG,2016-04-29,09:56:00,692.55,693.30,692.41,692.86,9136
GOOG,2016-04-29,09:57:00,692.71,693.62,692.68,692.99,5300
GOOG,2016-04-29,09:58:00,693.06,693.37,692.60,692.78,4232
GOOG,2016-04-29,09:59:00,693.07,693.12,691.54,692.45,10640
GOOG,2016-04-29,10:00:00,692.86,692.86,692.03,692.25,4000
GOOG,2016-04-29,10:01:00,692.18,692.90,691.71,692.52,5463
GOOG,2016-04-29,10:02:00,692.83,693.06,692.16,692.16,2550
GOOG,2016-04-29,10:03:00,692.50,693.30,692.25,693.30,3607
GOOG,2016-04-29,10:04:00,693.34,694.00,693.34,693.96,3429
GOOG,2016-04-29,10:05:00,694.00,694.25,693.76,693.97,3450
GOOG,2016-04-29,10:06:00,693.66,694.05,693.41,693.56,6950
GOOG,2016-04-29,10:07:00,693.42,693.96,693.42,693.76,2847
GOOG,2016-04-29,10:08:00,693.75,695.00,693.60,694.63,5311
GOOG,2016-04-29,10:09:00,695.20,695.69,694.65,694.65,6886
GOOG,2016-04-29,10:10:00,694.51,694.77,694.43,694.57,1951
GOOG,2016-04-29,10:11:00,694.36,696.09,694.36,696.01,6980
GOOG,2016-04-29,10:12:00,695.85,696.50,695.31,695.89,14744
GOOG,2016-04-29,10:13:00,695.88,695.88,694.11,694.11,5650
GOOG,2016-04-29,10:14:00,694.57,695.10,693.88,694.68,3543
GOOG,2016-04-29,10:15:00,694.50,694.55,693.85,694.52,2516
GOOG,2016-04-29,10:16:00,693.98,694.34,693.29,693.29,1460
GOOG,2016-04-29,10:17:00,693.39,694.33,693.29,694.00,6381
GOOG,2016-04-29,10:18:00,693.83,694.00,693.37,693.84,4200
GOOG,2016-04-29,10:19:00,694.00,694.26,693.05,693.09,9885
GOOG,2016-04-29,10:20:00,693.08,693.92,693.08,693.46,2609
GOOG,2016-04-29,10:21:00,693.47,693.82,693.01,693.25,2455
GOOG,2016-04-29,10:22:00,693.25,693.25,692.52,692.52,5769
GOOG,2016-04-29,10:23:00,692.96,693.23,692.00,692.37,6500
GOOG,2016-04-29,10:24:00,692.51,692.92,692.05,692.92,4429
GOOG,2016-04-29,10:25:00,692.88,693.06,692.50,692.50,2733
GOOG,2016-04-29,10:26:00,692.03,692.61,692.03,692.09,2205
GOOG,2016-04-29,10:27:00,692.00,692.39,691.20,691.53,3828
GOOG,2016-04-29,10:28:00,691.25,692.03,691.00,692.00,9442
GOOG,2016-04-29,10:29:00,691.75,692.79,691.46,692.56,9837
GOOG,2016-04-29,10:30:00,692.83,693.31,692.44,692.80,4041
GOOG,2016-04-29,10:31:00,693.20,693.97,693.02,693.75,5251
GOOG,2016-04-29,10:32:00,693.73,694.00,693.04,693.39,7000
GOOG,2016-04-29,10:33:00,693.04,693.41,692.54,693.20,5321
GOOG,2016-04-29,10:34:00,693.15,693.15,692.18,692.18,2806
GOOG,2016-04-29,10:35:00,692.37,692.94,692.37,692.47,2750
GOOG,2016-04-29,10:36:00,692.70,693.65,692.69,693.65,3142
GOOG,2016-04-29,10:37:00,693.78,694.58,693.77,694.37,9750
GOOG,2016-04-29,10:38:00,694.62,695.38,694.33,695.07,14508
GOOG,2016-04-29,10:39:00,695.00,695.26,694.74,695.03,3411
GOOG,2016-04-29,10:40:00,695.03,695.27,694.49,694.58,4210
GOOG,2016-04-29,10:41:00,694.84,694.86,694.48,694.70,1570
GOOG,2016-04-29,10:42:00,694.61,694.85,694.40,694.77,2770
GOOG,2016-04-29,10:43:00,694.55,694.72,693.90,694.00,8300
GOOG,2016-04-29,10:44:00,693.96,693.96,693.55,693.85,1960
GOOG,2016-04-29,10:45:00,693.25,693.25,693.13,693.13,800
GOOG,2016-04-29,10:46:00,693.25,693.25,692.72,692.88,12358
GOOG,2016-04-29,10:47:00,693.15,693.16,692.51,692.56,3581
GOOG,2016-04-29,10:48:00,692.71,692.89,692.21,692.50,3353
GOOG,2016-04-29,10:49:00,692.50,692.65,692.46,692.50,1000
GOOG,2016-04-29,10:50:00,692.33,692.62,692.23,692.34,2108
GOOG,2016-04-29,10:51:00,692.51,692.85,691.98,692.07,6877
GOOG,2016-04-29,10:52:00,692.00,692.54,691.77,692.46,2300
GOOG,2016-04-29,10:53:00,692.57,692.73,692.24,692.38,2118
GOOG,2016-04-29,10:54:00,692.42,692.62,692.00,692.06,1976
GOOG,2016-04-29,10:55:00,692.09,692.20,691.98,692.14,1600
GOOG,2016-04-29,10:56:00,691.98,692.50,691.84,692.25,3373
GOOG,2016-04-29,10:57:00,692.25,692.25,691.50,691.54,1049
GOOG,2016-04-29,10:58:00,691.82,692.23,691.68,692.16,2487
GOOG,2016-04-29,10:59:00,692.10,692.78,692.01,692.26,4000
GOOG,2016-04-29,11:00:00,692.47,692.53,692.05,692.34,2826
GOOG,2016-04-29,11:01:00,692.07,692.53,692.07,692.09,5745
GOOG,2016-04-29,11:02:00,692.26,692.48,691.72,692.15,5231
GOOG,2016-04-29,11:03:00,692.28,692.45,691.00,691.35,5917
GOOG,2016-04-29,11:04:00,691.32,691.68,691.32,691.61,1790
GOOG,2016-04-29,11:05:00,691.18,692.19,691.18,691.32,3489
GOOG,2016-04-29,11:06:00,691.43,692.04,691.43,692.04,850
GOOG,2016-04-29,11:07:00,692.08,692.78,692.01,692.73,8824
GOOG,2016-04-29,11:08:00,692.90,693.18,692.82,693.18,1854
GOOG,2016-04-29,11:09:00,693.33,693.33,692.48,692.75,2103
GOOG,2016-04-29,11:10:00,692.73,693.52,692.70,693.52,5192
GOOG,2016-04-29,11:11:00,693.61,693.61,692.62,692.65,2798
GOOG,2016-04-29,11:12:00,692.48,693.14,692.48,692.92,1550
GOOG,2016-04-29,11:13:00,693.34,693.36,692.91,693.36,1200
GOOG,2016-04-29,11:14:00,693.50,693.98,693.32,693.59,2136
GOOG,2016-04-29,11:15:00,693.81,694.51,693.81,694.50,2941
GOOG,2016-04-29,11:16:00,694.34,694.55,693.60,693.61,4600
GOOG,2016-04-29,11:17:00,693.28,693.98,693.28,693.70,2900
GOOG,2016-04-29,11:18:00,693.38,693.57,692.77,693.06,4121
GOOG,2016-04-29,11:19:00,693.17,693.17,692.68,692.68,1550
GOOG,2016-04-29,11:20:00,692.56,692.87,692.12,692.68,5522
GOOG,2016-04-29,11:21:00,692.63,692.85,692.12,692.67,4130
GOOG,2016-04-29,11:22:00,692.68,692.68,692.00,692.00,1882
GOOG,2016-04-29,11:23:00,692.31,692.32,691.48,691.48,5034
GOOG,2016-04-29,11:24:00,691.63,692.21,691.56,692.21,800
GOOG,2016-04-29,11:25:00,692.34,692.34,691.90,692.06,3049
GOOG,2016-04-29,11:26:00,692.03,692.36,691.96,692.18,1275
GOOG,2016-04-29,11:27:00,692.45,692.45,691.58,691.58,1491
GOOG,2016-04-29,11:28:00,691.73,692.37,691.73,692.15,2300
GOOG,2016-04-29,11:29:00,692.00,692.17,691.65,691.65,1347
GOOG,2016-04-29,11:30:00,691.88,692.09,691.36,691.60,2500
GOOG,2016-04-29,11:31:00,691.90,691.96,691.54,691.54,1920
GOOG,2016-04-29,11:32:00,691.54,691.59,691.25,691.25,950
GOOG,2016-04-29,11:33:00,691.19,692.04,691.05,691.89,2700
GOOG,2016-04-29,11:34:00,691.58,691.63,691.33,691.48,500
GOOG,2016-04-29,11:35:00,691.34,691.96,691.34,691.85,1912
GOOG,2016-04-29,11:36:00,691.43,691.98,691.36,691.36,3102
GOOG,2016-04-29,11:37:00,691.35,691.67,691.16,691.64,3936
GOOG,2016-04-29,11:38:00,691.80,691.80,691.45,691.57,3000
GOOG,2016-04-29,11:39:00,691.59,691.62,691.05,691.05,2300
GOOG,2016-04-29,11:40:00,691.34,691.66,691.00,691.00,1500
GOOG,2016-04-29,11:41:00,691.21,691.31,690.67,690.68,2122
GOOG,2016-04-29,11:42:00,690.55,691.31,690.50,691.19,4044
GOOG,2016-04-29,11:43:00,690.77,690.94,690.61,690.94,3540
GOOG,2016-04-29,11:44:00,690.79,690.89,690.55,690.81,1128
GOOG,2016-04-29,11:45:00,690.75,691.03,690.46,690.69,3516
GOOG,2016-04-29,11:46:00,690.49,691.06,690.49,690.54,3073
GOOG,2016-04-29,11:47:00,690.48,690.48,689.45,689.75,13837
GOOG,2016-04-29,11:48:00,689.36,689.78,689.00,689.78,7568
GOOG,2016-04-29,11:49:00,689.94,690.22,689.68,690.15,1930
GOOG,2016-04-29,11:50:00,689.65,690.08,689.65,690.08,1581
GOOG,2016-04-29,11:51:00,690.05,690.26,689.87,690.20,1000
GOOG,2016-04-29,11:52:00,690.00,690.26,689.51,689.63,8106
GOOG,2016-04-29,11:53:00,689.66,690.58,689.66,689.81,1276
GOOG,2016-04-29,11:54:00,690.17,690.17,689.55,689.71,2300
GOOG,2016-04-29,11:55:00,689.55,689.99,689.46,689.89,2798
GOOG,2016-04-29,11:56:00,689.41,690.05,689.41,690.05,1103
GOOG,2016-04-29,11:57:00,690.00,690.11,689.54,689.71,3400
GOOG,2016-04-29,11:58:00,689.66,689.85,689.66,689.85,400
GOOG,2016-04-29,11:59:00,689.91,690.10,689.45,689.61,1900
GOOG,2016-04-29,12:00:00,689.54,690.11,689.54,689.65,1100
GOOG,2016-04-29,12:01:00,689.81,690.42,689.70,690.26,2769
GOOG,2016-04-29,12:02:00,690.48,690.48,690.05,690.05,1050
GOOG,2016-04-29,12:03:00,690.36,690.36,689.27,689.43,2133
GOOG,2016-04-29,12:04:00,689.16,689.95,689.16,689.50,2000
GOOG,2016-04-29,12:05:00,689.61,689.65,689.46,689.50,2674
GOOG,2016-04-29,12:06:00,689.69,689.82,689.61,689.82,1166
GOOG,2016-04-29,12:07:00,689.99,690.44,689.99,690.42,1100
GOOG,2016-04-29,12:08:00,690.61,691.47,690.51,691.21,5032
GOOG,2016-04-29,12:09:00,691.12,691.22,690.35,690.35,3600
GOOG,2016-04-29,12:10:00,690.55,690.63,690.29,690.63,1400
GOOG,2016-04-29,12:11:00,690.60,691.03,690.60,691.03,3226
GOOG,2016-04-29,12:12:00,691.03,691.80,690.95,691.13,5945
GOOG,2016-04-29,12:13:00,691.09,691.12,690.87,690.87,2400
GOOG,2016-04-29,12:14:00,690.79,691.02,690.79,690.95,1300
GOOG,2016-04-29,12:15:00,690.91,690.96,690.15,690.47,2900
GOOG,2016-04-29,12:16:00,690.31,690.78,690.31,690.78,1400
GOOG,2016-04-29,12:17:00,690.89,691.21,690.89,691.07,1300
GOOG,2016-04-29,12:18:00,690.94,691.50,690.88,691.40,2821
GOOG,2016-04-29,12:19:00,691.37,691.43,691.33,691.40,500
GOOG,2016-04-29,12:20:00,691.23,691.74,691.12,691.61,1700
GOOG,2016-04-29,12:21:00,691.58,691.73,691.29,691.72,1416
GOOG,2016-04-29,12:22:00,691.60,691.60,691.38,691.38,400
GOOG,2016-04-29,12:23:00,691.39,691.59,691.23,691.23,1600
GOOG,2016-04-29,12:24:00,691.06,691.18,690.98,690.98,2500
GOOG,2016-04-29,12:25:00,690.89,691.26,690.46,690.61,5224
GOOG,2016-04-29,12:26:00,690.78,691.02,690.40,691.02,5716
GOOG,2016-04-29,12:27:00,691.29,691.69,690.98,690.98,1296
GOOG,2016-04-29,12:28:00,691.25,691.51,691.25,691.37,600
GOOG,2016-04-29,12:29:00,691.28,691.47,691.15,691.16,600
GOOG,2016-04-29,12:30:00,691.15,691.52,691.07,691.32,500
GOOG,2016-04-29,12:31:00,691.51,691.63,691.10,691.63,2975
GOOG,2016-04-29,12:32:00,691.64,691.70,691.48,691.70,400
GOOG,2016-04-29,12:33:00,691.75,692.00,691.65,691.93,1204
GOOG,2016-04-29,12:34:00,691.60,691.80,691.60,691.80,200
GOOG,2016-04-29,12:35:00,691.75,691.81,691.10,691.10,1352
GOOG,2016-04-29,12:36:00,691.11,691.37,690.75,691.34,6086
GOOG,2016-04-29,12:37:00,691.21,691.35,691.05,691.35,500
GOOG,2016-04-29,12:38:00,691.50,691.96,691.50,691.81,850
GOOG,2016-04-29,12:39:00,692.00,692.43,691.73,692.15,4294
GOOG,2016-04-29,12:40:00,692.04,692.20,691.77,691.77,1300
GOOG,2016-04-29,12:41:00,691.93,692.10,691.90,691.90,817
GOOG,2016-04-29,12:42:00,691.53,691.82,691.48,691.50,2148
GOOG,2016-04-29,12:43:00,691.65,691.89,691.56,691.78,700
GOOG,2016-04-29,12:44:00,691.49,692.25,691.41,692.25,1750
GOOG,2016-04-29,12:45:00,692.14,692.23,692.00,692.23,2955
GOOG,2016-04-29,12:46:00,692.21,692.33,691.97,692.33,2650
GOOG,2016-04-29,12:47:00,691.98,692.35,691.97,692.19,4650
GOOG,2016-04-29,12:48:00,692.11,692.33,691.80,692.05,3100
GOOG,2016-04-29,12:49:00,692.35,692.69,692.35,692.55,1330
GOOG,2016-04-29,12:50:00,692.49,692.86,692.36,692.51,3043
GOOG,2016-04-29,12:51:00,692.55,693.00,692.55,692.92,11900
GOOG,2016-04-29,12:52:00,692.91,693.08,692.75,692.96,4286
GOOG,2016-04-29,12:53:00,692.82,693.25,692.65,693.11,3180
GOOG,2016-04-29,12:54:00,693.26,693.29,692.92,693.27,3100
GOOG,2016-04-29,12:55:00,693.40,693.53,693.04,693.07,2850
GOOG,2016-04-29,12:56:00,693.00,693.03,692.38,692.48,3916
GOOG,2016-04-29,12:57:00,692.49,692.73,692.34,692.50,3150
GOOG,2016-04-29,12:58:00,692.55,692.79,692.43,692.70,4373
GOOG,2016-04-29,12:59:00,692.80,692.88,692.28,692.65,4300
GOOG,2016-04-29,13:00:00,692.75,692.98,692.52,692.80,4126
GOOG,2016-04-29,13:01:00,692.86,692.99,692.86,692.88,700
GOOG,2016-04-29,13:02:00,693.00,693.30,692.75,693.01,2300
GOOG,2016-04-29,13:03:00,692.88,693.18,692.86,693.17,1040
GOOG,2016-04-29,13:04:00,693.00,693.17,693.00,693.17,1150
GOOG,2016-04-29,13:05:00,693.33,693.65,693.10,693.37,1698
GOOG,2016-04-29,13:06:00,693.23,693.33,693.18,693.33,1331
GOOG,2016-04-29,13:07:00,693.28,693.37,693.08,693.20,9200
GOOG,2016-04-29,13:08:00,693.30,693.30,693.21,693.25,1630
GOOG,2016-04-29,13:09:00,693.25,693.26,693.16,693.16,2150
GOOG,2016-04-29,13:10:00,693.03,693.34,693.03,693.14,5774
GOOG,2016-04-29,13:11:00,693.09,693.17,692.93,693.05,4000
GOOG,2016-04-29,13:12:00,693.02,693.24,693.02,693.24,3791
GOOG,2016-04-29,13:13:00,693.23,693.66,693.12,693.56,1537
GOOG,2016-04-29,13:14:00,693.67,693.80,693.53,693.73,1655
GOOG,2016-04-29,13:15:00,693.75,694.01,693.75,694.01,4236
GOOG,2016-04-29,13:16:00,694.01,694.01,693.91,694.01,2042
GOOG,2016-04-29,13:17:00,694.13,694.23,693.86,694.20,2350
GOOG,2016-04-29,13:18:00,694.11,694.11,693.60,693.92,2400
GOOG,2016-04-29,13:19:00,693.98,694.71,693.98,694.32,6132
GOOG,2016-04-29,13:20:00,694.48,695.00,694.48,695.00,3198
GOOG,2016-04-29,13:21:00,695.11,695.11,694.75,694.86,2500
GOOG,2016-04-29,13:22:00,694.77,695.09,694.75,695.09,3500
GOOG,2016-04-29,13:23:00,695.03,695.18,694.81,695.14,4099
GOOG,2016-04-29,13:24:00,695.05,695.20,694.90,695.20,2850
GOOG,2016-04-29,13:25:00,695.20,695.43,695.13,695.43,1537
GOOG,2016-04-29,13:26:00,695.08,695.37,695.08,695.28,900
GOOG,2016-04-29,13:27:00,695.09,695.25,695.03,695.25,900
GOOG,2016-04-29,13:28:00,695.25,695.25,694.85,694.85,2100
GOOG,2016-04-29,13:29:00,694.88,694.88,694.31,694.31,1200
GOOG,2016-04-29,13:30:00,694.49,694.72,694.22,694.72,1300
GOOG,2016-04-29,13:31:00,694.40,694.66,694.39,694.66,1700
GOOG,2016-04-29,13:32:00,694.48,694.54,693.83,693.93,4919
GOOG,2016-04-29,13:33:00,693.71,693.80,693.62,693.76,800
GOOG,2016-04-29,13:34:00,693.73,693.75,693.60,693.64,1039
GOOG,2016-04-29,13:35:00,693.61,694.05,693.61,694.01,1034
GOOG,2016-04-29,13:36:00,694.02,694.02,693.74,693.86,892
GOOG,2016-04-29,13:37:00,693.83,694.41,693.83,694.21,2300
GOOG,2016-04-29,13:38:00,694.05,694.05,693.50,693.59,3800
GOOG,2016-04-29,13:39:00,693.66,693.85,693.59,693.59,1205
GOOG,2016-04-29,13:40:00,693.76,693.95,693.76,693.86,1663
GOOG,2016-04-29,13:41:00,693.98,694.13,693.73,693.99,3785
GOOG,2016-04-29,13:42:00,694.00,694.27,693.83,694.18,3200
GOOG,2016-04-29,13:43:00,694.15,694.28,693.79,693.79,1917
GOOG,2016-04-29,13:44:00,693.81,693.88,693.37,693.60,1500
GOOG,2016-04-29,13:45:00,693.65,693.65,693.31,693.32,3151
GOOG,2016-04-29,13:46:00,693.32,693.44,693.05,693.44,3728
GOOG,2016-04-29,13:47:00,693.01,693.59,693.00,693.51,1300
GOOG,2016-04-29,13:48:00,693.19,693.23,693.00,693.10,2500
GOOG,2016-04-29,13:49:00,693.06,693.06,692.90,693.04,1010
GOOG,2016-04-29,13:50:00,692.92,692.92,692.77,692.92,643
GOOG,2016-04-29,13:51:00,692.80,692.92,692.78,692.78,600
GOOG,2016-04-29,13:52:00,692.75,692.75,692.23,692.28,2465
GOOG,2016-04-29,13:53:00,692.32,692.66,692.12,692.16,2379
GOOG,2016-04-29,13:54:00,692.36,692.43,692.14,692.30,1400
GOOG,2016-04-29,13:55:00,692.16,692.21,691.95,691.95,2210
GOOG,2016-04-29,13:56:00,691.75,691.99,691.46,691.55,2900
GOOG,2016-04-29,13:57:00,691.34,691.65,691.34,691.36,3150
GOOG,2016-04-29,13:58:00,691.52,691.60,691.37,691.37,2080
GOOG,2016-04-29,13:59:00,691.26,691.39,691.00,691.27,2947
GOOG,2016-04-29,14:00:00,691.36,691.84,691.19,691.42,2700
GOOG,2016-04-29,14:01:00,691.48,691.73,691.36,691.57,1818
GOOG,2016-04-29,14:02:00,691.73,692.63,691.73,692.63,2950
GOOG,2016-04-29,14:03:00,692.31,692.39,692.22,692.39,1000
GOOG,2016-04-29,14:04:00,692.46,692.77,692.41,692.53,2000
GOOG,2016-04-29,14:05:00,692.60,693.12,692.60,693.12,1800
GOOG,2016-04-29,14:06:00,693.10,693.27,693.05,693.23,901
GOOG,2016-04-29,14:07:00,692.85,692.89,692.24,692.25,1813
GOOG,2016-04-29,14:08:00,691.99,691.99,691.75,691.78,3290
GOOG,2016-04-29,14:09:00,691.83,691.87,691.50,691.87,2900
GOOG,2016-04-29,14:10:00,691.86,692.05,691.68,692.05,2600
GOOG,2016-04-29,14:11:00,691.89,691.97,691.69,691.89,2097
GOOG,2016-04-29,14:12:00,691.84,691.97,691.77,691.77,1200
GOOG,2016-04-29,14:13:00,691.96,691.99,691.87,691.99,980
GOOG,2016-04-29,14:14:00,691.98,691.98,691.59,691.59,1080
GOOG,2016-04-29,14:15:00,691.59,692.07,691.59,692.07,2150
GOOG,2016-04-29,14:16:00,691.89,691.97,691.52,691.55,1936
GOOG,2016-04-29,14:17:00,691.91,691.91,691.52,691.52,1260
GOOG,2016-04-29,14:18:00,691.51,691.51,690.78,690.78,2419
GOOG,2016-04-29,14:19:00,690.90,691.03,690.57,690.67,3389
GOOG,2016-04-29,14:20:00,690.51,690.96,690.37,690.96,4005
GOOG,2016-04-29,14:21:00,690.89,691.15,690.75,690.83,2162
GOOG,2016-04-29,14:22:00,690.92,690.92,690.54,690.54,200
GOOG,2016-04-29,14:23:00,690.71,690.83,690.69,690.80,800
GOOG,2016-04-29,14:24:00,691.00,691.00,690.77,690.77,1153
GOOG,2016-04-29,14:25:00,690.80,690.80,690.74,690.74,250
GOOG,2016-04-29,14:26:00,690.52,690.64,690.28,690.29,2045
GOOG,2016-04-29,14:27:00,690.56,690.56,690.31,690.40,1300
GOOG,2016-04-29,14:28:00,690.49,690.90,690.49,690.62,1622
GOOG,2016-04-29,14:29:00,690.93,691.05,690.60,690.62,3000
GOOG,2016-04-29,14:30:00,690.68,691.04,690.56,690.69,2402
GOOG,2016-04-29,14:31:00,690.55,691.19,690.54,691.19,3596
GOOG,2016-04-29,14:32:00,690.93,691.08,690.47,690.70,3600
GOOG,2016-04-29,14:33:00,690.47,690.56,690.22,690.56,2500
GOOG,2016-04-29,14:34:00,690.50,690.50,690.34,690.34,700
GOOG,2016-04-29,14:35:00,690.31,690.64,690.21,690.52,2500
GOOG,2016-04-29,14:36:00,690.26,690.26,690.07,690.07,500
GOOG,2016-04-29,14:37:00,690.02,690.47,690.02,690.23,1925
GOOG,2016-04-29,14:38:00,690.35,690.35,690.01,690.01,1760
GOOG,2016-04-29,14:39:00,690.00,690.11,689.97,689.97,5298
GOOG,2016-04-29,14:40:00,690.00,690.25,689.75,689.75,3042
GOOG,2016-04-29,14:41:00,689.76,690.26,689.76,690.24,1900
GOOG,2016-04-29,14:42:00,690.26,690.26,689.98,690.00,2749
GOOG,2016-04-29,14:43:00,689.92,690.38,689.69,689.98,3100
GOOG,2016-04-29,14:44:00,689.99,690.13,689.90,689.99,3990
GOOG,2016-04-29,14:45:00,690.05,690.34,689.98,690.29,4400
GOOG,2016-04-29,14:46:00,690.41,690.53,690.26,690.48,1551
GOOG,2016-04-29,14:47:00,690.46,690.62,690.46,690.62,1168
GOOG,2016-04-29,14:48:00,690.75,691.41,690.65,691.38,4227
GOOG,2016-04-29,14:49:00,691.23,691.96,691.23,691.89,6369
GOOG,2016-04-29,14:50:00,691.80,692.23,691.63,692.09,9183
GOOG,2016-04-29,14:51:00,692.09,692.40,691.71,691.98,3585
GOOG,2016-04-29,14:52:00,691.99,692.25,691.66,691.86,1444
GOOG,2016-04-29,14:53:00,691.78,692.00,691.55,691.89,4100
GOOG,2016-04-29,14:54:00,691.83,692.00,691.50,691.57,3600
GOOG,2016-04-29,14:55:00,691.78,691.99,691.62,691.73,1146
GOOG,2016-04-29,14:56:00,691.97,691.98,691.69,691.69,3469
GOOG,2016-04-29,14:57:00,691.46,691.46,690.50,690.60,2500
GOOG,2016-04-29,14:58:00,690.47,690.77,690.40,690.58,1700
GOOG,2016-04-29,14:59:00,690.91,690.92,690.52,690.57,800
GOOG,2016-04-29,15:00:00,690.35,690.87,690.35,690.87,650
GOOG,2016-04-29,15:01:00,690.78,691.08,690.20,691.08,997
GOOG,2016-04-29,15:02:00,691.14,691.51,691.14,691.50,1800
GOOG,2016-04-29,15:03:00,691.79,691.99,691.30,691.30,4600
GOOG,2016-04-29,15:04:00,691.37,691.88,691.37,691.78,1470
GOOG,2016-04-29,15:05:00,691.79,691.79,691.79,691.79,100
GOOG,2016-04-29,15:06:00,691.86,691.86,691.50,691.55,1200
GOOG,2016-04-29,15:07:00,691.53,691.78,691.34,691.78,2236
GOOG,2016-04-29,15:08:00,691.97,692.16,691.97,692.16,780
GOOG,2016-04-29,15:09:00,692.13,692.71,692.00,692.01,4459
GOOG,2016-04-29,15:10:00,691.81,692.25,691.81,692.02,1900
GOOG,2016-04-29,15:11:00,691.89,692.09,691.41,691.41,2106
GOOG,2016-04-29,15:12:00,691.10,691.65,691.10,691.58,701
GOOG,2016-04-29,15:13:00,692.06,692.31,691.89,692.24,600
GOOG,2016-04-29,15:14:00,692.02,692.21,692.02,692.05,400
GOOG,2016-04-29,15:15:00,692.21,692.22,691.88,692.02,2000
GOOG,2016-04-29,15:16:00,692.29,692.36,692.18,692.36,1350
GOOG,2016-04-29,15:17:00,692.50,692.68,692.38,692.40,2119
GOOG,2016-04-29,15:18:00,692.16,692.31,691.88,691.88,1150
GOOG,2016-04-29,15:19:00,691.97,692.21,691.89,692.13,1800
GOOG,2016-04-29,15:20:00,692.11,692.35,692.11,692.35,500
GOOG,2016-04-29,15:21:00,692.39,692.59,692.13,692.59,2400
GOOG,2016-04-29,15:22:00,692.58,692.73,692.42,692.73,800
GOOG,2016-04-29,15:23:00,692.77,693.24,692.54,693.24,2373
GOOG,2016-04-29,15:24:00,693.24,693.72,692.64,692.84,5672
GOOG,2016-04-29,15:25:00,693.04,693.04,692.40,692.40,3175
GOOG,2016-04-29,15:26:00,692.05,692.47,692.03,692.47,3624
GOOG,2016-04-29,15:27:00,692.26,692.74,692.05,692.05,1600
GOOG,2016-04-29,15:28:00,691.99,692.11,691.81,692.10,1500
GOOG,2016-04-29,15:29:00,692.18,692.18,691.50,691.50,3000
GOOG,2016-04-29,15:30:00,691.75,691.93,690.98,691.43,6518
GOOG,2016-04-29,15:31:00,691.40,692.01,691.27,692.01,3900
GOOG,2016-04-29,15:32:00,691.92,692.27,691.92,692.18,2150
GOOG,2016-04-29,15:33:00,692.26,693.61,692.26,693.54,4746
GOOG,2016-04-29,15:34:00,693.67,693.96,693.29,693.29,5602
GOOG,2016-04-29,15:35:00,693.32,693.57,693.00,693.08,4800
GOOG,2016-04-29,15:36:00,693.06,693.35,693.01,693.35,1400
GOOG,2016-04-29,15:37:00,693.32,693.32,692.96,692.96,4000
GOOG,2016-04-29,15:38:00,692.84,692.96,692.54,692.96,2800
GOOG,2016-04-29,15:39:00,692.73,693.38,692.31,693.14,3600
GOOG,2016-04-29,15:40:00,692.99,693.07,692.79,693.07,1000
GOOG,2016-04-29,15:41:00,693.12,693.93,693.09,693.76,5473
GOOG,2016-04-29,15:42:00,693.75,694.00,693.60,693.63,5699
GOOG,2016-04-29,15:43:00,693.77,694.00,693.69,693.93,3500
GOOG,2016-04-29,15:44:00,693.85,693.97,693.68,693.81,5445
GOOG,2016-04-29,15:45:00,693.88,693.88,693.58,693.75,1470
GOOG,2016-04-29,15:46:00,693.91,694.76,693.90,694.74,10915
GOOG,2016-04-29,15:47:00,694.76,694.98,694.64,694.82,5557
GOOG,2016-04-29,15:48:00,694.92,694.95,694.63,694.80,11125
GOOG,2016-04-29,15:49:00,694.84,694.85,694.55,694.55,11625
GOOG,2016-04-29,15:50:00,694.50,694.56,693.75,693.93,9168
GOOG,2016-04-29,15:51:00,694.02,694.30,693.92,694.14,8032
GOOG,2016-04-29,15:52:00,694.05,694.28,694.05,694.24,9500
GOOG,2016-04-29,15:53:00,694.42,694.53,694.11,694.12,9409
GOOG,2016-04-29,15:54:00,694.11,694.11,693.70,693.75,10181
GOOG,2016-04-29,15:55:00,693.82,694.28,693.81,694.28,9433
GOOG,2016-04-29,15:56:00,694.32,694.34,693.70,693.82,10245
GOOG,2016-04-29,15:57:00,693.83,693.88,693.09,693.53,7965
GOOG,2016-04-29,15:58:00,693.54,693.83,693.02,693.09,20037
GOOG,2016-04-29,15:59:00,693.10,693.25,692.45,693.25,19653
GOOG,2016-04-29,16:00:00,693.26,693.75,692.46,693.01,161014
