GS,2016-04-28,09:30:00,165.35,165.35,165.22,165.35,904
GS,2016-04-28,09:31:00,165.18,165.18,164.76,164.98,38850
GS,2016-04-28,09:32:00,164.96,165.22,164.87,165.19,10724
GS,2016-04-28,09:33:00,165.18,165.60,165.11,165.60,6943
GS,2016-04-28,09:34:00,165.55,165.64,164.87,165.25,13448
GS,2016-04-28,09:35:00,165.28,165.40,164.95,164.96,6798
GS,2016-04-28,09:36:00,164.97,165.75,164.97,165.30,13421
GS,2016-04-28,09:37:00,165.11,165.36,164.95,165.03,8932
GS,2016-04-28,09:38:00,164.96,165.25,164.93,165.25,4177
GS,2016-04-28,09:39:00,165.22,165.33,165.04,165.21,6506
GS,2016-04-28,09:40:00,165.21,165.56,164.93,165.56,11142
GS,2016-04-28,09:41:00,165.44,165.69,165.17,165.69,3821
GS,2016-04-28,09:42:00,165.36,166.09,165.36,165.88,9338
GS,2016-04-28,09:43:00,166.04,166.14,165.83,166.06,14802
GS,2016-04-28,09:44:00,166.06,166.10,165.75,166.10,4617
GS,2016-04-28,09:45:00,166.10,166.22,165.94,166.20,3998
GS,2016-04-28,09:46:00,166.22,166.22,165.90,166.13,2690
GS,2016-04-28,09:47:00,165.91,166.01,165.80,166.01,5670
GS,2016-04-28,09:48:00,165.97,165.97,165.67,165.72,2955
GS,2016-04-28,09:49:00,165.66,165.67,165.41,165.49,6600
GS,2016-04-28,09:50:00,165.42,165.71,165.42,165.71,4457
GS,2016-04-28,09:51:00,165.76,166.21,165.76,166.21,7949
GS,2016-04-28,09:52:00,166.12,166.18,166.09,166.15,900
GS,2016-04-28,09:53:00,166.15,166.15,165.87,166.08,3676
GS,2016-04-28,09:54:00,166.19,166.23,166.19,166.23,2950
GS,2016-04-28,09:55:00,166.25,166.58,166.24,166.56,10118
GS,2016-04-28,09:56:00,166.57,166.66,166.44,166.45,4363
GS,2016-04-28,09:57:00,166.45,166.67,166.18,166.56,3210
GS,2016-04-28,09:58:00,166.58,166.58,166.37,166.50,2464
GS,2016-04-28,09:59:00,166.42,166.70,166.42,166.70,2355
GS,2016-04-28,10:00:00,166.45,166.75,166.45,166.70,5400
GS,2016-04-28,10:01:00,166.67,166.89,166.47,166.69,12908
GS,2016-04-28,10:02:00,166.82,166.90,166.70,166.90,6604
GS,2016-04-28,10:03:00,166.91,167.00,166.84,166.98,2500
GS,2016-04-28,10:04:00,166.98,167.18,166.97,167.10,6378
GS,2016-04-28,10:05:00,167.10,167.16,167.03,167.11,2800
GS,2016-04-28,10:06:00,167.10,167.10,166.97,167.06,2532
GS,2016-04-28,10:07:00,167.09,167.26,167.02,167.13,3798
GS,2016-04-28,10:08:00,167.07,167.14,167.03,167.03,2960
GS,2016-04-28,10:09:00,166.98,167.05,166.92,166.92,4105
GS,2016-04-28,10:10:00,167.00,167.00,166.72,166.72,2710
GS,2016-04-28,10:11:00,166.70,166.87,166.65,166.70,4809
GS,2016-04-28,10:12:00,166.64,166.69,166.43,166.55,1800
GS,2016-04-28,10:13:00,166.45,166.59,166.38,166.59,4500
GS,2016-04-28,10:14:00,166.63,166.74,166.63,166.74,200
GS,2016-04-28,10:15:00,166.63,166.64,166.53,166.53,1900
GS,2016-04-28,10:16:00,166.57,166.57,166.39,166.49,2050
GS,2016-04-28,10:17:00,166.43,166.48,166.32,166.35,3450
GS,2016-04-28,10:18:00,166.35,166.46,166.26,166.26,4800
GS,2016-04-28,10:19:00,166.29,166.29,166.15,166.15,4695
GS,2016-04-28,10:20:00,166.14,166.15,165.98,165.98,1700
GS,2016-04-28,10:21:00,165.97,166.15,165.97,166.15,10601
GS,2016-04-28,10:22:00,166.15,166.26,166.13,166.19,3422
GS,2016-04-28,10:23:00,166.15,166.36,166.15,166.36,1500
GS,2016-04-28,10:24:00,166.26,166.26,166.21,166.26,1650
GS,2016-04-28,10:25:00,166.15,166.15,166.03,166.15,2722
GS,2016-04-28,10:26:00,166.07,166.43,166.07,166.37,2080
GS,2016-04-28,10:27:00,166.47,166.55,166.36,166.55,2400
GS,2016-04-28,10:28:00,166.55,166.55,166.44,166.54,1809
GS,2016-04-28,10:29:00,166.47,166.58,166.47,166.49,3900
GS,2016-04-28,10:30:00,166.49,166.49,166.42,166.47,1320
GS,2016-04-28,10:31:00,166.47,166.52,166.43,166.51,1928
GS,2016-04-28,10:32:00,166.36,166.36,166.22,166.33,2869
GS,2016-04-28,10:33:00,166.40,166.46,166.34,166.42,1000
GS,2016-04-28,10:34:00,166.40,166.51,166.40,166.51,1200
GS,2016-04-28,10:35:00,166.53,166.57,166.48,166.56,6169
GS,2016-04-28,10:36:00,166.60,166.82,166.60,166.82,1950
GS,2016-04-28,10:37:00,166.73,166.88,166.70,166.84,5446
GS,2016-04-28,10:38:00,166.75,166.83,166.70,166.70,2800
GS,2016-04-28,10:39:00,166.67,166.84,166.67,166.74,1800
GS,2016-04-28,10:40:00,166.81,166.81,166.69,166.69,1130
GS,2016-04-28,10:41:00,166.76,166.79,166.47,166.47,1800
GS,2016-04-28,10:42:00,166.43,166.60,166.41,166.48,3466
GS,2016-04-28,10:43:00,166.52,166.57,166.48,166.53,3275
GS,2016-04-28,10:44:00,166.34,166.35,166.21,166.21,2300
GS,2016-04-28,10:45:00,166.33,166.36,166.27,166.32,1301
GS,2016-04-28,10:46:00,166.24,166.28,166.21,166.21,4030
GS,2016-04-28,10:47:00,166.31,166.43,166.31,166.41,1780
GS,2016-04-28,10:48:00,166.45,166.52,166.38,166.52,2446
GS,2016-04-28,10:49:00,166.59,166.78,166.59,166.74,4408
GS,2016-04-28,10:50:00,166.70,166.76,166.56,166.57,5100
GS,2016-04-28,10:51:00,166.50,166.59,166.45,166.54,3223
GS,2016-04-28,10:52:00,166.54,166.67,166.28,166.28,5050
GS,2016-04-28,10:53:00,166.27,166.28,166.17,166.28,1537
GS,2016-04-28,10:54:00,166.30,166.37,166.19,166.37,2860
GS,2016-04-28,10:55:00,166.37,166.49,166.36,166.49,2300
GS,2016-04-28,10:56:00,166.56,166.79,166.54,166.79,4335
GS,2016-04-28,10:57:00,166.78,166.87,166.68,166.72,4420
GS,2016-04-28,10:58:00,166.64,166.73,166.61,166.62,2870
GS,2016-04-28,10:59:00,166.65,166.76,166.63,166.76,3900
GS,2016-04-28,11:00:00,166.78,166.78,166.66,166.74,2600
GS,2016-04-28,11:01:00,166.75,166.89,166.72,166.72,5416
GS,2016-04-28,11:02:00,166.81,166.82,166.74,166.82,1300
GS,2016-04-28,11:03:00,166.76,166.76,166.62,166.72,1600
GS,2016-04-28,11:04:00,166.67,166.70,166.62,166.66,1300
GS,2016-04-28,11:05:00,166.72,166.90,166.72,166.90,7324
GS,2016-04-28,11:06:00,166.90,166.94,166.83,166.88,3773
GS,2016-04-28,11:07:00,166.85,167.00,166.85,166.89,5210
GS,2016-04-28,11:08:00,166.88,166.93,166.82,166.91,3121
GS,2016-04-28,11:09:00,166.88,167.03,166.88,166.90,3322
GS,2016-04-28,11:10:00,166.87,166.94,166.87,166.93,1700
GS,2016-04-28,11:11:00,166.90,166.98,166.82,166.91,4262
GS,2016-04-28,11:12:00,166.89,166.91,166.86,166.88,1500
GS,2016-04-28,11:13:00,166.87,166.90,166.76,166.81,5331
GS,2016-04-28,11:14:00,166.85,166.90,166.85,166.87,1710
GS,2016-04-28,11:15:00,166.90,166.99,166.90,166.97,1300
GS,2016-04-28,11:16:00,166.99,167.00,166.87,166.91,2917
GS,2016-04-28,11:17:00,166.87,166.87,166.84,166.87,1000
GS,2016-04-28,11:18:00,166.87,167.01,166.84,167.01,3517
GS,2016-04-28,11:19:00,166.98,167.04,166.95,167.04,2226
GS,2016-04-28,11:20:00,166.95,166.98,166.87,166.87,2827
GS,2016-04-28,11:21:00,166.90,167.08,166.88,167.08,4700
GS,2016-04-28,11:22:00,167.06,167.18,167.06,167.11,5460
GS,2016-04-28,11:23:00,167.15,167.20,167.10,167.12,3234
GS,2016-04-28,11:24:00,167.12,167.23,167.10,167.18,5518
GS,2016-04-28,11:25:00,167.19,167.25,167.15,167.21,3960
GS,2016-04-28,11:26:00,167.26,167.26,167.18,167.21,5855
GS,2016-04-28,11:27:00,167.25,167.25,167.11,167.18,2471
GS,2016-04-28,11:28:00,167.07,167.10,166.96,166.96,1403
GS,2016-04-28,11:29:00,166.94,167.05,166.94,167.05,2104
GS,2016-04-28,11:30:00,167.06,167.06,166.92,167.04,3240
GS,2016-04-28,11:31:00,167.06,167.16,167.06,167.16,1676
GS,2016-04-28,11:32:00,167.09,167.13,167.07,167.12,1267
GS,2016-04-28,11:33:00,167.08,167.14,167.04,167.14,1220
GS,2016-04-28,11:34:00,167.14,167.25,167.14,167.20,13055
GS,2016-04-28,11:35:00,167.20,167.24,167.14,167.24,6015
GS,2016-04-28,11:36:00,167.25,167.28,167.19,167.23,4876
GS,2016-04-28,11:37:00,167.19,167.27,167.15,167.15,2956
GS,2016-04-28,11:38:00,167.16,167.20,167.15,167.20,2045
GS,2016-04-28,11:39:00,167.22,167.32,167.21,167.24,5120
GS,2016-04-28,11:40:00,167.19,167.24,167.17,167.24,1600
GS,2016-04-28,11:41:00,167.20,167.22,167.19,167.22,800
GS,2016-04-28,11:42:00,167.17,167.21,167.08,167.12,3182
GS,2016-04-28,11:43:00,167.10,167.16,167.07,167.07,4367
GS,2016-04-28,11:44:00,167.07,167.16,167.07,167.10,2331
GS,2016-04-28,11:45:00,167.10,167.14,167.03,167.10,2671
GS,2016-04-28,11:46:00,167.06,167.11,166.95,167.02,8967
GS,2016-04-28,11:47:00,167.02,167.03,166.94,166.94,5708
GS,2016-04-28,11:48:00,166.99,166.99,166.82,166.90,5706
GS,2016-04-28,11:49:00,166.90,166.90,166.86,166.89,1917
GS,2016-04-28,11:50:00,166.86,166.91,166.83,166.90,4017
GS,2016-04-28,11:51:00,166.98,166.98,166.88,166.90,3665
GS,2016-04-28,11:52:00,166.90,166.91,166.86,166.91,1000
GS,2016-04-28,11:53:00,166.92,166.92,166.87,166.90,700
GS,2016-04-28,11:54:00,166.92,166.96,166.91,166.91,817
GS,2016-04-28,11:55:00,166.92,166.95,166.84,166.84,1200
GS,2016-04-28,11:56:00,166.84,166.92,166.84,166.92,2600
GS,2016-04-28,11:57:00,166.92,166.95,166.91,166.92,1100
GS,2016-04-28,11:58:00,166.92,166.92,166.82,166.85,8415
GS,2016-04-28,11:59:00,166.83,166.89,166.76,166.76,5019
GS,2016-04-28,12:00:00,166.75,166.86,166.69,166.69,7020
GS,2016-04-28,12:01:00,166.73,166.96,166.73,166.92,12923
GS,2016-04-28,12:02:00,166.91,167.03,166.91,166.99,3264
GS,2016-04-28,12:03:00,166.98,167.00,166.95,167.00,911
GS,2016-04-28,12:04:00,167.00,167.13,167.00,167.13,7422
GS,2016-04-28,12:05:00,167.14,167.16,167.09,167.13,2957
GS,2016-04-28,12:06:00,167.11,167.21,167.10,167.21,1711
GS,2016-04-28,12:07:00,167.14,167.15,166.96,167.06,7304
GS,2016-04-28,12:08:00,167.01,167.06,167.01,167.01,1300
GS,2016-04-28,12:09:00,167.03,167.08,167.01,167.08,1200
GS,2016-04-28,12:10:00,167.08,167.16,167.08,167.12,3611
GS,2016-04-28,12:11:00,167.14,167.24,167.12,167.23,1933
GS,2016-04-28,12:12:00,167.18,167.22,167.15,167.20,2321
GS,2016-04-28,12:13:00,167.20,167.28,167.20,167.24,2300
GS,2016-04-28,12:14:00,167.22,167.22,167.17,167.22,2800
GS,2016-04-28,12:15:00,167.16,167.16,167.15,167.15,700
GS,2016-04-28,12:16:00,167.13,167.16,167.02,167.02,2213
GS,2016-04-28,12:17:00,167.05,167.05,166.93,166.96,1554
GS,2016-04-28,12:18:00,166.92,167.07,166.91,167.03,4946
GS,2016-04-28,12:19:00,167.00,167.03,166.87,166.94,4404
GS,2016-04-28,12:20:00,166.90,166.93,166.88,166.88,700
GS,2016-04-28,12:21:00,166.83,166.91,166.83,166.91,1259
GS,2016-04-28,12:22:00,166.90,166.90,166.81,166.86,1580
GS,2016-04-28,12:23:00,166.81,166.91,166.81,166.90,1755
GS,2016-04-28,12:24:00,166.89,166.90,166.83,166.87,1400
GS,2016-04-28,12:25:00,166.90,166.91,166.87,166.91,1425
GS,2016-04-28,12:26:00,166.92,166.92,166.92,166.92,100
GS,2016-04-28,12:27:00,166.92,167.05,166.91,167.05,4785
GS,2016-04-28,12:28:00,167.03,167.11,167.03,167.09,900
GS,2016-04-28,12:29:00,167.14,167.14,167.09,167.09,1823
GS,2016-04-28,12:30:00,167.08,167.12,167.08,167.09,800
GS,2016-04-28,12:31:00,167.08,167.08,166.95,166.95,1000
GS,2016-04-28,12:32:00,166.92,167.00,166.92,166.95,1700
GS,2016-04-28,12:33:00,166.96,167.04,166.92,167.01,4984
GS,2016-04-28,12:34:00,167.00,167.03,166.93,166.99,3383
GS,2016-04-28,12:35:00,167.00,167.00,166.92,166.96,2460
GS,2016-04-28,12:36:00,166.94,166.99,166.89,166.89,3045
GS,2016-04-28,12:37:00,166.88,166.95,166.87,166.92,3986
GS,2016-04-28,12:38:00,166.97,167.01,166.91,166.92,3245
GS,2016-04-28,12:39:00,166.94,166.95,166.79,166.89,4200
GS,2016-04-28,12:40:00,166.87,166.87,166.77,166.77,2284
GS,2016-04-28,12:41:00,166.78,166.81,166.73,166.74,1200
GS,2016-04-28,12:42:00,166.76,166.79,166.75,166.77,2200
GS,2016-04-28,12:43:00,166.74,166.83,166.71,166.83,4288
GS,2016-04-28,12:44:00,166.86,166.92,166.86,166.88,2000
GS,2016-04-28,12:45:00,166.90,166.91,166.81,166.89,6557
GS,2016-04-28,12:46:00,166.88,166.89,166.80,166.84,3828
GS,2016-04-28,12:47:00,166.87,166.87,166.78,166.79,2181
GS,2016-04-28,12:48:00,166.77,166.85,166.77,166.77,1400
GS,2016-04-28,12:49:00,166.81,166.92,166.81,166.89,7483
GS,2016-04-28,12:50:00,166.87,166.92,166.81,166.81,7764
GS,2016-04-28,12:51:00,166.83,166.83,166.71,166.79,2912
GS,2016-04-28,12:52:00,166.82,166.87,166.79,166.87,2200
GS,2016-04-28,12:53:00,166.90,166.99,166.90,166.95,2056
GS,2016-04-28,12:54:00,166.99,167.03,166.97,166.99,2804
GS,2016-04-28,12:55:00,166.98,167.00,166.93,166.98,3263
GS,2016-04-28,12:56:00,167.04,167.06,166.98,167.02,3365
GS,2016-04-28,12:57:00,167.04,167.04,166.95,166.99,2907
GS,2016-04-28,12:58:00,166.99,167.05,166.98,167.00,1500
GS,2016-04-28,12:59:00,166.99,166.99,166.90,166.93,1800
GS,2016-04-28,13:00:00,166.90,167.04,166.90,167.03,5170
GS,2016-04-28,13:01:00,167.01,167.05,166.90,166.91,3500
GS,2016-04-28,13:02:00,166.90,166.94,166.85,166.85,2507
GS,2016-04-28,13:03:00,166.84,166.89,166.83,166.83,3541
GS,2016-04-28,13:04:00,166.82,166.86,166.77,166.79,3220
GS,2016-04-28,13:05:00,166.77,166.77,166.69,166.74,1851
GS,2016-04-28,13:06:00,166.70,166.79,166.68,166.79,1400
GS,2016-04-28,13:07:00,166.80,166.82,166.75,166.82,2818
GS,2016-04-28,13:08:00,166.78,166.80,166.73,166.73,1400
GS,2016-04-28,13:09:00,166.70,166.72,166.68,166.68,1254
GS,2016-04-28,13:10:00,166.66,166.73,166.63,166.65,2300
GS,2016-04-28,13:11:00,166.63,166.70,166.59,166.59,2207
GS,2016-04-28,13:12:00,166.58,166.58,166.44,166.51,6758
GS,2016-04-28,13:13:00,166.49,166.58,166.45,166.53,4553
GS,2016-04-28,13:14:00,166.56,166.66,166.56,166.60,2500
GS,2016-04-28,13:15:00,166.60,166.60,166.55,166.58,2000
GS,2016-04-28,13:16:00,166.58,166.58,166.46,166.46,800
GS,2016-04-28,13:17:00,166.46,166.46,166.39,166.39,2742
GS,2016-04-28,13:18:00,166.39,166.39,166.34,166.34,6453
GS,2016-04-28,13:19:00,166.34,166.42,166.34,166.35,3700
GS,2016-04-28,13:20:00,166.31,166.31,166.23,166.23,1734
GS,2016-04-28,13:21:00,166.17,166.30,166.17,166.21,8400
GS,2016-04-28,13:22:00,166.21,166.43,166.21,166.43,6236
GS,2016-04-28,13:23:00,166.39,166.43,166.38,166.43,3100
GS,2016-04-28,13:24:00,166.43,166.44,166.40,166.41,5300
GS,2016-04-28,13:25:00,166.39,166.41,166.30,166.30,1508
GS,2016-04-28,13:26:00,166.29,166.33,166.26,166.31,1400
GS,2016-04-28,13:27:00,166.33,166.38,166.33,166.38,3009
GS,2016-04-28,13:28:00,166.38,166.41,166.36,166.40,3600
GS,2016-04-28,13:29:00,166.41,166.41,166.36,166.39,1800
GS,2016-04-28,13:30:00,166.36,166.37,166.28,166.31,1900
GS,2016-04-28,13:31:00,166.30,166.46,166.30,166.46,4703
GS,2016-04-28,13:32:00,166.45,166.48,166.44,166.44,1845
GS,2016-04-28,13:33:00,166.44,166.53,166.44,166.53,900
GS,2016-04-28,13:34:00,166.53,166.53,166.46,166.48,1600
GS,2016-04-28,13:35:00,166.50,166.50,166.47,166.49,1737
GS,2016-04-28,13:36:00,166.51,166.51,166.46,166.46,600
GS,2016-04-28,13:37:00,166.49,166.49,166.46,166.46,1100
GS,2016-04-28,13:38:00,166.46,166.49,166.45,166.49,1262
GS,2016-04-28,13:39:00,166.49,166.52,166.46,166.52,799
GS,2016-04-28,13:40:00,166.50,166.51,166.46,166.46,3600
GS,2016-04-28,13:41:00,166.45,166.45,166.37,166.40,1100
GS,2016-04-28,13:42:00,166.41,166.43,166.37,166.43,700
GS,2016-04-28,13:43:00,166.41,166.45,166.40,166.43,2831
GS,2016-04-28,13:44:00,166.45,166.53,166.45,166.51,1100
GS,2016-04-28,13:45:00,166.51,166.51,166.40,166.40,2996
GS,2016-04-28,13:46:00,166.41,166.47,166.41,166.43,2477
GS,2016-04-28,13:47:00,166.41,166.49,166.41,166.49,2774
GS,2016-04-28,13:48:00,166.47,166.54,166.47,166.53,2118
GS,2016-04-28,13:49:00,166.53,166.62,166.52,166.62,2907
GS,2016-04-28,13:50:00,166.63,166.64,166.59,166.59,1601
GS,2016-04-28,13:51:00,166.61,166.63,166.56,166.61,3168
GS,2016-04-28,13:52:00,166.64,166.64,166.60,166.64,1700
GS,2016-04-28,13:53:00,166.66,166.66,166.62,166.62,2525
GS,2016-04-28,13:54:00,166.62,166.70,166.59,166.65,2730
GS,2016-04-28,13:55:00,166.65,166.65,166.59,166.60,1000
GS,2016-04-28,13:56:00,166.55,166.60,166.55,166.56,1690
GS,2016-04-28,13:57:00,166.56,166.64,166.53,166.58,7434
GS,2016-04-28,13:58:00,166.54,166.54,166.51,166.54,500
GS,2016-04-28,13:59:00,166.51,166.53,166.49,166.49,758
GS,2016-04-28,14:00:00,166.49,166.52,166.46,166.48,2950
GS,2016-04-28,14:01:00,166.47,166.53,166.45,166.49,2705
GS,2016-04-28,14:02:00,166.46,166.57,166.46,166.56,2154
GS,2016-04-28,14:03:00,166.56,166.69,166.56,166.64,2297
GS,2016-04-28,14:04:00,166.67,166.68,166.60,166.60,1459
GS,2016-04-28,14:05:00,166.63,166.64,166.61,166.63,1100
GS,2016-04-28,14:06:00,166.64,166.70,166.59,166.62,3428
GS,2016-04-28,14:07:00,166.61,166.65,166.59,166.65,1200
GS,2016-04-28,14:08:00,166.62,166.66,166.62,166.62,3768
GS,2016-04-28,14:09:00,166.65,166.67,166.63,166.63,3320
GS,2016-04-28,14:10:00,166.64,166.71,166.64,166.67,2150
GS,2016-04-28,14:11:00,166.67,166.67,166.61,166.61,1500
GS,2016-04-28,14:12:00,166.60,166.60,166.54,166.57,2762
GS,2016-04-28,14:13:00,166.58,166.58,166.43,166.43,6146
GS,2016-04-28,14:14:00,166.40,166.40,166.35,166.35,2900
GS,2016-04-28,14:15:00,166.31,166.35,166.29,166.35,3821
GS,2016-04-28,14:16:00,166.33,166.33,166.22,166.22,1846
GS,2016-04-28,14:17:00,166.21,166.22,166.19,166.19,1704
GS,2016-04-28,14:18:00,166.21,166.29,166.15,166.22,3952
GS,2016-04-28,14:19:00,166.20,166.20,166.16,166.18,2744
GS,2016-04-28,14:20:00,166.16,166.20,166.13,166.13,3351
GS,2016-04-28,14:21:00,166.16,166.17,166.02,166.12,11892
GS,2016-04-28,14:22:00,166.10,166.16,166.05,166.12,6543
GS,2016-04-28,14:23:00,166.13,166.20,166.13,166.16,5103
GS,2016-04-28,14:24:00,166.19,166.20,166.16,166.16,1882
GS,2016-04-28,14:25:00,166.16,166.20,166.16,166.20,3600
GS,2016-04-28,14:26:00,166.19,166.22,166.16,166.18,3497
GS,2016-04-28,14:27:00,166.21,166.25,166.19,166.22,2949
GS,2016-04-28,14:28:00,166.21,166.24,166.21,166.22,624
GS,2016-04-28,14:29:00,166.18,166.26,166.16,166.23,2799
GS,2016-04-28,14:30:00,166.22,166.26,166.20,166.26,1200
GS,2016-04-28,14:31:00,166.25,166.25,166.22,166.24,2249
GS,2016-04-28,14:32:00,166.23,166.28,166.21,166.21,8294
GS,2016-04-28,14:33:00,166.22,166.23,166.19,166.19,1600
GS,2016-04-28,14:34:00,166.15,166.18,166.11,166.14,2906
GS,2016-04-28,14:35:00,166.13,166.26,166.13,166.24,6812
GS,2016-04-28,14:36:00,166.18,166.23,166.16,166.23,3200
GS,2016-04-28,14:37:00,166.21,166.26,166.12,166.13,4709
GS,2016-04-28,14:38:00,166.12,166.15,166.06,166.14,5700
GS,2016-04-28,14:39:00,166.15,166.22,166.14,166.17,13416
GS,2016-04-28,14:40:00,166.14,166.14,166.04,166.05,2963
GS,2016-04-28,14:41:00,166.08,166.19,166.06,166.13,8569
GS,2016-04-28,14:42:00,166.15,166.15,166.07,166.11,1212
GS,2016-04-28,14:43:00,166.10,166.23,166.10,166.22,2602
GS,2016-04-28,14:44:00,166.20,166.28,166.20,166.22,2212
GS,2016-04-28,14:45:00,166.18,166.19,166.09,166.12,1274
GS,2016-04-28,14:46:00,166.11,166.11,165.98,165.98,3082
GS,2016-04-28,14:47:00,166.00,166.06,165.96,166.06,5100
GS,2016-04-28,14:48:00,166.06,166.16,166.04,166.11,10643
GS,2016-04-28,14:49:00,166.06,166.09,166.00,166.00,4346
GS,2016-04-28,14:50:00,165.98,166.06,165.96,166.06,10942
GS,2016-04-28,14:51:00,166.03,166.04,165.99,165.99,917
GS,2016-04-28,14:52:00,165.99,166.02,165.92,165.93,3452
GS,2016-04-28,14:53:00,165.90,166.00,165.90,165.99,5200
GS,2016-04-28,14:54:00,165.96,166.03,165.95,165.97,4700
GS,2016-04-28,14:55:00,165.99,166.04,165.86,165.86,9100
GS,2016-04-28,14:56:00,165.82,165.84,165.70,165.76,6746
GS,2016-04-28,14:57:00,165.74,165.76,165.70,165.73,2425
GS,2016-04-28,14:58:00,165.76,165.84,165.72,165.83,5127
GS,2016-04-28,14:59:00,165.79,165.86,165.78,165.83,2414
GS,2016-04-28,15:00:00,165.82,165.84,165.80,165.82,2453
GS,2016-04-28,15:01:00,165.84,165.87,165.79,165.87,5214
GS,2016-04-28,15:02:00,165.83,165.85,165.77,165.77,1700
GS,2016-04-28,15:03:00,165.78,165.84,165.77,165.84,6802
GS,2016-04-28,15:04:00,165.85,165.85,165.77,165.77,2100
GS,2016-04-28,15:05:00,165.77,165.87,165.71,165.85,14640
GS,2016-04-28,15:06:00,165.88,165.88,165.79,165.79,1000
GS,2016-04-28,15:07:00,165.77,165.86,165.72,165.79,9060
GS,2016-04-28,15:08:00,165.81,165.85,165.79,165.79,6921
GS,2016-04-28,15:09:00,165.77,165.78,165.71,165.75,5269
GS,2016-04-28,15:10:00,165.74,165.83,165.71,165.71,16758
GS,2016-04-28,15:11:00,165.71,165.77,165.59,165.73,37246
GS,2016-04-28,15:12:00,165.70,165.70,165.57,165.68,12944
GS,2016-04-28,15:13:00,165.69,165.70,165.45,165.52,13341
GS,2016-04-28,15:14:00,165.51,165.52,165.26,165.27,9121
GS,2016-04-28,15:15:00,165.30,165.31,165.12,165.12,5933
GS,2016-04-28,15:16:00,165.13,165.13,165.00,165.04,9314
GS,2016-04-28,15:17:00,165.04,165.07,164.94,165.03,12495
GS,2016-04-28,15:18:00,165.02,165.17,165.01,165.17,5870
GS,2016-04-28,15:19:00,165.19,165.22,164.96,165.00,8584
GS,2016-04-28,15:20:00,165.00,165.04,164.97,165.02,2575
GS,2016-04-28,15:21:00,165.02,165.10,164.97,165.10,5876
GS,2016-04-28,15:22:00,165.06,165.07,165.01,165.01,7008
GS,2016-04-28,15:23:00,165.01,165.01,164.82,164.82,7912
GS,2016-04-28,15:24:00,164.84,164.92,164.78,164.78,8249
GS,2016-04-28,15:25:00,164.79,164.81,164.65,164.65,9548
GS,2016-04-28,15:26:00,164.70,164.70,164.27,164.28,24197
GS,2016-04-28,15:27:00,164.31,164.44,164.26,164.44,8093
GS,2016-04-28,15:28:00,164.43,164.51,164.37,164.50,7166
GS,2016-04-28,15:29:00,164.47,164.51,164.26,164.29,4793
GS,2016-04-28,15:30:00,164.29,164.29,164.03,164.11,7964
GS,2016-04-28,15:31:00,164.11,164.40,164.11,164.31,7305
GS,2016-04-28,15:32:00,164.35,164.44,164.30,164.42,7654
GS,2016-04-28,15:33:00,164.45,164.51,164.43,164.48,6300
GS,2016-04-28,15:34:00,164.40,164.42,164.34,164.38,7259
GS,2016-04-28,15:35:00,164.37,164.47,164.36,164.44,4721
GS,2016-04-28,15:36:00,164.47,164.56,164.47,164.53,5755
GS,2016-04-28,15:37:00,164.56,164.66,164.54,164.65,8076
GS,2016-04-28,15:38:00,164.62,164.62,164.40,164.54,8697
GS,2016-04-28,15:39:00,164.48,164.62,164.47,164.57,6901
GS,2016-04-28,15:40:00,164.59,164.61,164.44,164.54,12878
GS,2016-04-28,15:41:00,164.54,164.68,164.54,164.65,7293
GS,2016-04-28,15:42:00,164.62,164.65,164.53,164.56,5944
GS,2016-04-28,15:43:00,164.56,164.61,164.47,164.59,5894
GS,2016-04-28,15:44:00,164.55,164.63,164.50,164.61,5750
GS,2016-04-28,15:45:00,164.63,164.65,164.47,164.49,12275
GS,2016-04-28,15:46:00,164.49,164.65,164.49,164.63,11102
GS,2016-04-28,15:47:00,164.62,164.64,164.50,164.50,7449
GS,2016-04-28,15:48:00,164.51,164.77,164.51,164.60,14536
GS,2016-04-28,15:49:00,164.64,164.67,164.47,164.54,6761
GS,2016-04-28,15:50:00,164.50,164.52,164.31,164.31,7188
GS,2016-04-28,15:51:00,164.36,164.42,164.33,164.36,13100
GS,2016-04-28,15:52:00,164.38,164.40,164.23,164.36,16172
GS,2016-04-28,15:53:00,164.30,164.38,164.20,164.20,10469
GS,2016-04-28,15:54:00,164.21,164.30,164.11,164.16,21670
GS,2016-04-28,15:55:00,164.15,164.27,164.08,164.19,25711
GS,2016-04-28,15:56:00,164.15,164.36,164.11,164.17,21613
GS,2016-04-28,15:57:00,164.17,164.22,164.09,164.11,13654
GS,2016-04-28,15:58:00,164.08,164.15,164.01,164.10,26466
GS,2016-04-28,15:59:00,164.15,164.22,164.09,164.20,19639
GS,2016-04-28,16:00:00,164.20,164.51,164.19,164.46,58891
GS,2016-04-29,09:31:00,163.80,163.91,163.12,163.59,29527
GS,2016-04-29,09:32:00,163.58,163.60,163.41,163.45,1556
GS,2016-04-29,09:33:00,163.61,164.18,163.53,164.18,8964
GS,2016-04-29,09:34:00,164.24,164.40,163.67,163.67,7967
GS,2016-04-29,09:35:00,163.81,164.08,163.78,164.08,1800
GS,2016-04-29,09:36:00,164.20,164.31,163.94,164.03,5466
GS,2016-04-29,09:37:00,164.05,164.34,164.01,164.09,4305
GS,2016-04-29,09:38:00,164.03,164.09,163.66,163.88,6668
GS,2016-04-29,09:39:00,163.73,163.74,163.43,163.49,10683
GS,2016-04-29,09:40:00,163.55,163.78,163.42,163.64,4637
GS,2016-04-29,09:41:00,163.76,163.96,163.74,163.96,800
GS,2016-04-29,09:42:00,163.96,164.13,163.93,164.06,622
GS,2016-04-29,09:43:00,164.10,164.11,163.84,163.84,2699
GS,2016-04-29,09:44:00,163.84,163.84,163.58,163.81,6334
GS,2016-04-29,09:45:00,163.78,163.82,163.61,163.71,3867
GS,2016-04-29,09:46:00,163.84,163.88,163.70,163.78,5306
GS,2016-04-29,09:47:00,163.72,163.72,163.30,163.30,8029
GS,2016-04-29,09:48:00,163.30,163.45,163.25,163.25,4900
GS,2016-04-29,09:49:00,163.19,163.24,163.05,163.09,9659
GS,2016-04-29,09:50:00,163.17,163.22,162.93,162.99,5958
GS,2016-04-29,09:51:00,162.99,162.99,162.70,162.90,6189
GS,2016-04-29,09:52:00,162.90,163.03,162.66,162.93,12714
GS,2016-04-29,09:53:00,163.11,163.27,163.08,163.16,2600
GS,2016-04-29,09:54:00,163.24,163.51,163.20,163.25,4431
GS,2016-04-29,09:55:00,163.26,163.39,163.14,163.14,5172
GS,2016-04-29,09:56:00,163.13,163.32,163.05,163.11,6450
GS,2016-04-29,09:57:00,163.14,163.28,162.97,163.08,7683
GS,2016-04-29,09:58:00,163.09,163.12,162.92,163.12,5306
GS,2016-04-29,09:59:00,163.11,163.11,162.79,162.93,6087
GS,2016-04-29,10:00:00,162.92,163.02,162.87,162.96,5790
GS,2016-04-29,10:01:00,163.01,163.02,162.80,162.84,9764
GS,2016-04-29,10:02:00,162.86,162.86,162.56,162.56,6541
GS,2016-04-29,10:03:00,162.60,162.82,162.56,162.82,6273
GS,2016-04-29,10:04:00,162.84,162.98,162.82,162.85,2856
GS,2016-04-29,10:05:00,162.84,162.85,162.77,162.81,1500
GS,2016-04-29,10:06:00,162.80,163.00,162.80,163.00,5314
GS,2016-04-29,10:07:00,162.96,163.06,162.96,163.01,1700
GS,2016-04-29,10:08:00,162.91,162.93,162.76,162.92,5146
GS,2016-04-29,10:09:00,163.01,163.13,162.91,163.04,2808
GS,2016-04-29,10:10:00,162.94,163.00,162.84,162.93,1714
GS,2016-04-29,10:11:00,162.86,162.95,162.76,162.90,6700
GS,2016-04-29,10:12:00,162.97,163.27,162.96,163.25,13680
GS,2016-04-29,10:13:00,163.29,163.40,163.24,163.24,6500
GS,2016-04-29,10:14:00,163.26,163.37,163.19,163.28,3594
GS,2016-04-29,10:15:00,163.23,163.24,162.93,163.03,3742
GS,2016-04-29,10:16:00,163.02,163.05,162.92,163.03,6358
GS,2016-04-29,10:17:00,163.06,163.22,162.98,163.21,11979
GS,2016-04-29,10:18:00,163.23,163.30,163.14,163.28,5153
GS,2016-04-29,10:19:00,163.28,163.35,163.17,163.25,11146
GS,2016-04-29,10:20:00,163.21,163.31,163.06,163.31,7100
GS,2016-04-29,10:21:00,163.29,163.38,163.03,163.33,5702
GS,2016-04-29,10:22:00,163.36,163.36,163.07,163.15,4400
GS,2016-04-29,10:23:00,163.13,163.17,163.04,163.04,5500
GS,2016-04-29,10:24:00,163.14,163.42,163.10,163.36,6602
GS,2016-04-29,10:25:00,163.39,163.53,163.32,163.33,5804
GS,2016-04-29,10:26:00,163.28,163.36,163.07,163.07,3627
GS,2016-04-29,10:27:00,163.09,163.13,163.01,163.09,820
GS,2016-04-29,10:28:00,163.04,163.20,162.93,163.16,9916
GS,2016-04-29,10:29:00,163.19,163.29,163.19,163.29,4338
GS,2016-04-29,10:30:00,163.26,163.35,163.20,163.25,3805
GS,2016-04-29,10:31:00,163.29,163.49,163.29,163.40,2724
GS,2016-04-29,10:32:00,163.42,163.64,163.42,163.64,5723
GS,2016-04-29,10:33:00,163.61,163.86,163.61,163.86,5300
GS,2016-04-29,10:34:00,163.86,163.99,163.74,163.74,15587
GS,2016-04-29,10:35:00,163.82,164.08,163.79,164.03,6174
GS,2016-04-29,10:36:00,164.06,164.13,163.98,164.10,5814
GS,2016-04-29,10:37:00,164.12,164.24,163.95,163.95,3800
GS,2016-04-29,10:38:00,163.96,163.97,163.81,163.96,4205
GS,2016-04-29,10:39:00,163.98,164.09,163.95,164.04,3191
GS,2016-04-29,10:40:00,164.05,164.07,163.98,164.04,2012
GS,2016-04-29,10:41:00,164.12,164.17,164.08,164.16,3396
GS,2016-04-29,10:42:00,164.18,164.18,163.98,164.02,4800
GS,2016-04-29,10:43:00,163.99,164.17,163.98,164.02,16371
GS,2016-04-29,10:44:00,163.99,164.01,163.83,163.91,8517
GS,2016-04-29,10:45:00,163.89,163.93,163.84,163.93,3643
GS,2016-04-29,10:46:00,163.88,163.88,163.71,163.76,3800
GS,2016-04-29,10:47:00,163.80,163.96,163.80,163.96,6060
GS,2016-04-29,10:48:00,164.00,164.00,163.90,163.92,6425
GS,2016-04-29,10:49:00,163.89,164.07,163.88,163.98,9042
GS,2016-04-29,10:50:00,164.02,164.02,163.86,163.88,5904
GS,2016-04-29,10:51:00,163.86,163.96,163.78,163.78,7283
GS,2016-04-29,10:52:00,163.76,163.94,163.76,163.94,4880
GS,2016-04-29,10:53:00,163.94,164.06,163.86,163.86,5599
GS,2016-04-29,10:54:00,163.90,163.98,163.78,163.83,6038
GS,2016-04-29,10:55:00,163.82,163.90,163.71,163.84,9101
GS,2016-04-29,10:56:00,163.82,164.00,163.77,163.91,7825
GS,2016-04-29,10:57:00,163.91,163.99,163.84,163.84,8600
GS,2016-04-29,10:58:00,163.89,164.03,163.87,164.00,9284
GS,2016-04-29,10:59:00,163.99,164.07,163.97,164.06,4000
GS,2016-04-29,11:00:00,164.02,164.10,164.02,164.05,3572
GS,2016-04-29,11:01:00,164.05,164.15,164.05,164.10,4520
GS,2016-04-29,11:02:00,164.13,164.17,164.08,164.10,13000
GS,2016-04-29,11:03:00,164.07,164.08,163.70,163.84,11700
GS,2016-04-29,11:04:00,163.89,164.17,163.84,164.11,6379
GS,2016-04-29,11:05:00,164.10,164.27,164.10,164.16,6142
GS,2016-04-29,11:06:00,164.17,164.24,164.16,164.24,1954
GS,2016-04-29,11:07:00,164.20,164.24,164.17,164.18,3400
GS,2016-04-29,11:08:00,164.22,164.30,164.11,164.13,12770
GS,2016-04-29,11:09:00,164.16,164.29,164.13,164.23,6163
GS,2016-04-29,11:10:00,164.22,164.25,164.18,164.21,1900
GS,2016-04-29,11:11:00,164.18,164.21,164.12,164.13,8184
GS,2016-04-29,11:12:00,164.09,164.22,164.08,164.21,4005
GS,2016-04-29,11:13:00,164.23,164.31,164.18,164.28,3503
GS,2016-04-29,11:14:00,164.33,164.40,164.29,164.35,2700
GS,2016-04-29,11:15:00,164.36,164.45,164.28,164.28,9770
GS,2016-04-29,11:16:00,164.30,164.38,164.20,164.20,2447
GS,2016-04-29,11:17:00,164.24,164.26,164.10,164.22,3818
GS,2016-04-29,11:18:00,164.21,164.21,164.00,164.04,7686
GS,2016-04-29,11:19:00,164.12,164.13,163.97,164.00,1646
GS,2016-04-29,11:20:00,163.98,164.01,163.85,163.86,4105
GS,2016-04-29,11:21:00,163.73,163.85,163.70,163.85,6220
GS,2016-04-29,11:22:00,163.83,163.91,163.83,163.89,5821
GS,2016-04-29,11:23:00,163.94,164.01,163.86,163.93,10153
GS,2016-04-29,11:24:00,163.92,164.01,163.91,163.96,6698
GS,2016-04-29,11:25:00,163.96,163.96,163.79,163.84,8870
GS,2016-04-29,11:26:00,163.81,163.90,163.75,163.87,4300
GS,2016-04-29,11:27:00,163.86,163.89,163.80,163.80,7258
GS,2016-04-29,11:28:00,163.82,163.92,163.80,163.91,9476
GS,2016-04-29,11:29:00,163.88,163.92,163.63,163.65,7908
GS,2016-04-29,11:30:00,163.62,163.75,163.59,163.68,10156
GS,2016-04-29,11:31:00,163.68,163.68,163.50,163.68,17201
GS,2016-04-29,11:32:00,163.68,163.68,163.40,163.43,15505
GS,2016-04-29,11:33:00,163.43,163.48,163.28,163.37,5800
GS,2016-04-29,11:34:00,163.34,163.36,163.22,163.24,6499
GS,2016-04-29,11:35:00,163.22,163.40,163.19,163.26,8152
GS,2016-04-29,11:36:00,163.27,163.34,163.03,163.06,12420
GS,2016-04-29,11:37:00,163.03,163.03,162.89,162.91,4450
GS,2016-04-29,11:38:00,162.89,162.99,162.89,162.96,5597
GS,2016-04-29,11:39:00,162.92,162.96,162.85,162.86,13179
GS,2016-04-29,11:40:00,162.85,162.98,162.85,162.86,17327
GS,2016-04-29,11:41:00,162.86,162.87,162.74,162.85,9468
GS,2016-04-29,11:42:00,162.82,162.82,162.73,162.78,8440
GS,2016-04-29,11:43:00,162.75,162.79,162.67,162.73,5455
GS,2016-04-29,11:44:00,162.75,162.75,162.70,162.74,4245
GS,2016-04-29,11:45:00,162.72,162.74,162.61,162.66,4700
GS,2016-04-29,11:46:00,162.66,162.81,162.63,162.77,11321
GS,2016-04-29,11:47:00,162.76,162.81,162.76,162.77,9300
GS,2016-04-29,11:48:00,162.75,162.94,162.72,162.92,5042
GS,2016-04-29,11:49:00,162.94,163.10,162.94,163.07,4496
GS,2016-04-29,11:50:00,163.07,163.21,163.02,163.10,5243
GS,2016-04-29,11:51:00,163.17,163.31,163.17,163.31,2388
GS,2016-04-29,11:52:00,163.29,163.40,163.29,163.40,2497
GS,2016-04-29,11:53:00,163.44,163.44,163.33,163.36,7795
GS,2016-04-29,11:54:00,163.37,163.42,163.37,163.38,1214
GS,2016-04-29,11:55:00,163.39,163.54,163.39,163.41,3170
GS,2016-04-29,11:56:00,163.38,163.42,163.27,163.41,3600
GS,2016-04-29,11:57:00,163.38,163.43,163.32,163.36,3650
GS,2016-04-29,11:58:00,163.44,163.44,163.27,163.28,3679
GS,2016-04-29,11:59:00,163.33,163.39,163.33,163.39,1200
GS,2016-04-29,12:00:00,163.37,163.37,163.30,163.31,2938
GS,2016-04-29,12:01:00,163.30,163.39,163.25,163.39,1900
GS,2016-04-29,12:02:00,163.35,163.35,163.28,163.29,7104
GS,2016-04-29,12:03:00,163.24,163.24,163.11,163.16,2800
GS,2016-04-29,12:04:00,163.15,163.20,163.15,163.18,2650
GS,2016-04-29,12:05:00,163.18,163.18,163.04,163.04,2646
GS,2016-04-29,12:06:00,163.07,163.12,163.05,163.08,2600
GS,2016-04-29,12:07:00,163.10,163.20,163.10,163.20,2400
GS,2016-04-29,12:08:00,163.13,163.23,163.13,163.22,6500
GS,2016-04-29,12:09:00,163.22,163.23,163.10,163.16,3363
GS,2016-04-29,12:10:00,163.12,163.16,163.07,163.16,3670
GS,2016-04-29,12:11:00,163.20,163.24,163.18,163.18,1607
GS,2016-04-29,12:12:00,163.20,163.20,163.06,163.09,2932
GS,2016-04-29,12:13:00,163.11,163.18,163.11,163.11,3397
GS,2016-04-29,12:14:00,163.07,163.25,163.07,163.23,3875
GS,2016-04-29,12:15:00,163.19,163.19,163.07,163.09,1400
GS,2016-04-29,12:16:00,163.07,163.19,163.05,163.19,1526
GS,2016-04-29,12:17:00,163.21,163.39,163.21,163.36,5311
GS,2016-04-29,12:18:00,163.31,163.38,163.30,163.35,1797
GS,2016-04-29,12:19:00,163.33,163.37,163.29,163.37,900
GS,2016-04-29,12:20:00,163.41,163.47,163.41,163.45,900
GS,2016-04-29,12:21:00,163.48,163.50,163.42,163.50,700
GS,2016-04-29,12:22:00,163.45,163.53,163.40,163.53,5007
GS,2016-04-29,12:23:00,163.52,163.55,163.52,163.52,400
GS,2016-04-29,12:24:00,163.52,163.52,163.43,163.43,1505
GS,2016-04-29,12:25:00,163.43,163.48,163.37,163.37,4800
GS,2016-04-29,12:26:00,163.32,163.39,163.31,163.37,2208
GS,2016-04-29,12:27:00,163.42,163.45,163.38,163.41,1300
GS,2016-04-29,12:28:00,163.41,163.44,163.35,163.36,6464
GS,2016-04-29,12:29:00,163.38,163.40,163.32,163.35,2842
GS,2016-04-29,12:30:00,163.32,163.34,163.27,163.29,1901
GS,2016-04-29,12:31:00,163.28,163.28,163.13,163.13,2307
GS,2016-04-29,12:32:00,163.13,163.22,163.12,163.22,2000
GS,2016-04-29,12:33:00,163.27,163.31,163.21,163.24,1300
GS,2016-04-29,12:34:00,163.26,163.31,163.24,163.30,1850
GS,2016-04-29,12:35:00,163.32,163.42,163.31,163.40,3500
GS,2016-04-29,12:36:00,163.37,163.37,163.30,163.30,1982
GS,2016-04-29,12:37:00,163.30,163.34,163.30,163.31,1600
GS,2016-04-29,12:38:00,163.31,163.40,163.28,163.40,2200
GS,2016-04-29,12:39:00,163.41,163.60,163.41,163.59,3200
GS,2016-04-29,12:40:00,163.64,163.66,163.57,163.57,1100
GS,2016-04-29,12:41:00,163.63,163.63,163.48,163.48,5190
GS,2016-04-29,12:42:00,163.50,163.52,163.41,163.41,2518
GS,2016-04-29,12:43:00,163.38,163.39,163.33,163.39,800
GS,2016-04-29,12:44:00,163.38,163.38,163.38,163.38,200
GS,2016-04-29,12:45:00,163.36,163.46,163.36,163.44,1100
GS,2016-04-29,12:46:00,163.45,163.54,163.45,163.52,2312
GS,2016-04-29,12:47:00,163.49,163.59,163.49,163.55,710
GS,2016-04-29,12:48:00,163.60,163.66,163.57,163.57,3211
GS,2016-04-29,12:49:00,163.61,163.66,163.54,163.65,1961
GS,2016-04-29,12:50:00,163.62,163.68,163.57,163.68,3564
GS,2016-04-29,12:51:00,163.65,163.66,163.54,163.66,14016
GS,2016-04-29,12:52:00,163.66,163.67,163.55,163.59,1700
GS,2016-04-29,12:53:00,163.61,163.61,163.53,163.55,2498
GS,2016-04-29,12:54:00,163.52,163.52,163.41,163.46,2305
GS,2016-04-29,12:55:00,163.38,163.51,163.37,163.48,900
GS,2016-04-29,12:56:00,163.46,163.46,163.36,163.37,3855
GS,2016-04-29,12:57:00,163.39,163.40,163.30,163.30,1805
GS,2016-04-29,12:58:00,163.30,163.37,163.25,163.34,2146
GS,2016-04-29,12:59:00,163.27,163.31,163.23,163.31,3307
GS,2016-04-29,13:00:00,163.26,163.27,163.26,163.27,500
GS,2016-04-29,13:01:00,163.27,163.32,163.24,163.31,1300
GS,2016-04-29,13:02:00,163.33,163.39,163.31,163.35,2290
GS,2016-04-29,13:03:00,163.34,163.36,163.29,163.35,3317
GS,2016-04-29,13:04:00,163.31,163.44,163.30,163.44,2705
GS,2016-04-29,13:05:00,163.41,163.42,163.30,163.30,2401
GS,2016-04-29,13:06:00,163.30,163.42,163.28,163.42,10009
GS,2016-04-29,13:07:00,163.40,163.44,163.33,163.44,2375
GS,2016-04-29,13:08:00,163.43,163.48,163.43,163.48,1668
GS,2016-04-29,13:09:00,163.51,163.55,163.48,163.51,4023
GS,2016-04-29,13:10:00,163.50,163.72,163.50,163.63,9107
GS,2016-04-29,13:11:00,163.64,163.66,163.58,163.62,3828
GS,2016-04-29,13:12:00,163.62,163.67,163.56,163.56,7705
GS,2016-04-29,13:13:00,163.54,163.66,163.54,163.63,2000
GS,2016-04-29,13:14:00,163.65,163.78,163.65,163.78,1605
GS,2016-04-29,13:15:00,163.76,163.89,163.76,163.86,3752
GS,2016-04-29,13:16:00,163.89,163.90,163.80,163.86,4524
GS,2016-04-29,13:17:00,163.79,163.79,163.70,163.77,800
GS,2016-04-29,13:18:00,163.75,163.78,163.75,163.78,400
GS,2016-04-29,13:19:00,163.78,163.83,163.78,163.80,1000
GS,2016-04-29,13:20:00,163.75,163.89,163.75,163.89,3410
GS,2016-04-29,13:21:00,163.86,163.90,163.79,163.84,3586
GS,2016-04-29,13:22:00,163.84,163.90,163.80,163.89,1305
GS,2016-04-29,13:23:00,163.88,163.89,163.77,163.82,2009
GS,2016-04-29,13:24:00,163.80,163.95,163.80,163.95,2273
GS,2016-04-29,13:25:00,163.92,164.04,163.90,164.04,4490
GS,2016-04-29,13:26:00,164.01,164.04,163.97,164.03,2200
GS,2016-04-29,13:27:00,164.02,164.09,164.00,164.04,2819
GS,2016-04-29,13:28:00,164.06,164.06,163.97,163.97,1300
GS,2016-04-29,13:29:00,163.89,163.94,163.82,163.88,3408
GS,2016-04-29,13:30:00,163.85,163.89,163.77,163.82,4958
GS,2016-04-29,13:31:00,163.87,163.91,163.76,163.76,2608
GS,2016-04-29,13:32:00,163.76,163.79,163.67,163.71,4700
GS,2016-04-29,13:33:00,163.75,163.78,163.67,163.76,3941
GS,2016-04-29,13:34:00,163.72,163.84,163.71,163.80,3694
GS,2016-04-29,13:35:00,163.82,163.82,163.75,163.75,1100
GS,2016-04-29,13:36:00,163.73,163.74,163.68,163.73,2058
GS,2016-04-29,13:37:00,163.76,163.96,163.76,163.87,9694
GS,2016-04-29,13:38:00,163.89,163.89,163.68,163.75,5312
GS,2016-04-29,13:39:00,163.76,163.78,163.69,163.75,2700
GS,2016-04-29,13:40:00,163.73,163.82,163.73,163.79,3638
GS,2016-04-29,13:41:00,163.72,163.78,163.69,163.78,2205
GS,2016-04-29,13:42:00,163.75,163.82,163.73,163.78,3875
GS,2016-04-29,13:43:00,163.81,163.81,163.66,163.70,2090
GS,2016-04-29,13:44:00,163.69,163.73,163.49,163.49,17370
GS,2016-04-29,13:45:00,163.51,163.57,163.46,163.53,4900
GS,2016-04-29,13:46:00,163.53,163.63,163.48,163.55,4001
GS,2016-04-29,13:47:00,163.45,163.53,163.45,163.49,1700
GS,2016-04-29,13:48:00,163.51,163.58,163.46,163.57,3388
GS,2016-04-29,13:49:00,163.50,163.63,163.50,163.63,1300
GS,2016-04-29,13:50:00,163.64,163.69,163.62,163.66,2322
GS,2016-04-29,13:51:00,163.66,163.69,163.59,163.59,2312
GS,2016-04-29,13:52:00,163.63,163.67,163.56,163.61,2800
GS,2016-04-29,13:53:00,163.69,163.72,163.66,163.69,3600
GS,2016-04-29,13:54:00,163.74,163.80,163.71,163.77,5235
GS,2016-04-29,13:55:00,163.76,163.76,163.68,163.71,3100
GS,2016-04-29,13:56:00,163.61,163.61,163.51,163.57,3005
GS,2016-04-29,13:57:00,163.61,163.61,163.58,163.58,799
GS,2016-04-29,13:58:00,163.53,163.55,163.42,163.44,2593
GS,2016-04-29,13:59:00,163.41,163.47,163.38,163.47,4645
GS,2016-04-29,14:00:00,163.50,163.54,163.47,163.50,1590
GS,2016-04-29,14:01:00,163.51,163.59,163.46,163.59,5717
GS,2016-04-29,14:02:00,163.64,163.65,163.58,163.58,1650
GS,2016-04-29,14:03:00,163.56,163.56,163.41,163.49,2455
GS,2016-04-29,14:04:00,163.48,163.54,163.41,163.45,4882
GS,2016-04-29,14:05:00,163.45,163.58,163.45,163.52,5614
GS,2016-04-29,14:06:00,163.56,163.56,163.47,163.49,2505
GS,2016-04-29,14:07:00,163.50,163.50,163.37,163.40,9600
GS,2016-04-29,14:08:00,163.40,163.41,163.36,163.37,11378
GS,2016-04-29,14:09:00,163.38,163.39,163.32,163.34,3901
GS,2016-04-29,14:10:00,163.30,163.30,163.17,163.18,10204
GS,2016-04-29,14:11:00,163.20,163.21,163.13,163.17,4955
GS,2016-04-29,14:12:00,163.19,163.20,162.96,162.96,7246
GS,2016-04-29,14:13:00,162.97,163.00,162.89,162.93,2761
GS,2016-04-29,14:14:00,162.93,163.03,162.90,163.03,6506
GS,2016-04-29,14:15:00,163.01,163.10,162.98,163.10,1987
GS,2016-04-29,14:16:00,163.07,163.08,162.82,162.87,8514
GS,2016-04-29,14:17:00,162.90,162.95,162.82,162.83,4534
GS,2016-04-29,14:18:00,162.87,162.87,162.65,162.85,23140
GS,2016-04-29,14:19:00,162.86,163.14,162.82,163.14,8077
GS,2016-04-29,14:20:00,163.14,163.21,163.14,163.19,4146
GS,2016-04-29,14:21:00,163.16,163.26,163.16,163.26,9300
GS,2016-04-29,14:22:00,163.26,163.30,163.22,163.23,1976
GS,2016-04-29,14:23:00,163.24,163.41,163.24,163.41,1588
GS,2016-04-29,14:24:00,163.41,163.41,163.34,163.36,1643
GS,2016-04-29,14:25:00,163.34,163.41,163.34,163.34,2511
GS,2016-04-29,14:26:00,163.34,163.36,163.29,163.29,1900
GS,2016-04-29,14:27:00,163.34,163.44,163.34,163.40,3553
GS,2016-04-29,14:28:00,163.41,163.63,163.40,163.54,9270
GS,2016-04-29,14:29:00,163.60,163.60,163.50,163.53,5336
GS,2016-04-29,14:30:00,163.53,163.63,163.51,163.56,4839
GS,2016-04-29,14:31:00,163.54,163.54,163.45,163.49,3463
GS,2016-04-29,14:32:00,163.46,163.47,163.37,163.39,7088
GS,2016-04-29,14:33:00,163.36,163.46,163.27,163.46,8019
GS,2016-04-29,14:34:00,163.44,163.49,163.39,163.39,2500
GS,2016-04-29,14:35:00,163.38,163.47,163.38,163.44,2036
GS,2016-04-29,14:36:00,163.44,163.44,163.32,163.32,3130
GS,2016-04-29,14:37:00,163.34,163.43,163.34,163.43,1147
GS,2016-04-29,14:38:00,163.41,163.44,163.38,163.42,4032
GS,2016-04-29,14:39:00,163.41,163.45,163.31,163.33,3383
GS,2016-04-29,14:40:00,163.31,163.39,163.30,163.30,3785
GS,2016-04-29,14:41:00,163.28,163.32,163.26,163.29,1873
GS,2016-04-29,14:42:00,163.28,163.31,163.24,163.24,3714
GS,2016-04-29,14:43:00,163.26,163.32,163.18,163.20,5000
GS,2016-04-29,14:44:00,163.22,163.27,163.18,163.19,3504
GS,2016-04-29,14:45:00,163.20,163.22,163.16,163.22,3338
GS,2016-04-29,14:46:00,163.23,163.30,163.20,163.28,2407
GS,2016-04-29,14:47:00,163.27,163.34,163.27,163.34,1401
GS,2016-04-29,14:48:00,163.34,163.46,163.32,163.46,2355
GS,2016-04-29,14:49:00,163.47,163.53,163.45,163.45,3721
GS,2016-04-29,14:50:00,163.46,163.58,163.46,163.55,7621
GS,2016-04-29,14:51:00,163.56,163.56,163.36,163.36,4421
GS,2016-04-29,14:52:00,163.39,163.40,163.19,163.22,9996
GS,2016-04-29,14:53:00,163.23,163.26,163.17,163.19,4000
GS,2016-04-29,14:54:00,163.20,163.29,163.20,163.29,5000
GS,2016-04-29,14:55:00,163.29,163.38,163.21,163.38,6901
GS,2016-04-29,14:56:00,163.39,163.48,163.38,163.38,9100
GS,2016-04-29,14:57:00,163.35,163.35,163.21,163.21,3354
GS,2016-04-29,14:58:00,163.22,163.27,163.21,163.27,2451
GS,2016-04-29,14:59:00,163.26,163.32,163.19,163.19,5705
GS,2016-04-29,15:00:00,163.18,163.22,163.14,163.16,4295
GS,2016-04-29,15:01:00,163.16,163.38,163.16,163.32,9199
GS,2016-04-29,15:02:00,163.32,163.45,163.32,163.42,4828
GS,2016-04-29,15:03:00,163.46,163.49,163.28,163.28,5375
GS,2016-04-29,15:04:00,163.28,163.29,163.24,163.28,8015
GS,2016-04-29,15:05:00,163.26,163.34,163.26,163.30,3606
GS,2016-04-29,15:06:00,163.28,163.35,163.28,163.35,2329
GS,2016-04-29,15:07:00,163.33,163.50,163.33,163.50,7922
GS,2016-04-29,15:08:00,163.50,163.62,163.50,163.61,12176
GS,2016-04-29,15:09:00,163.63,163.72,163.60,163.60,3221
GS,2016-04-29,15:10:00,163.54,163.61,163.52,163.53,4293
GS,2016-04-29,15:11:00,163.54,163.54,163.41,163.44,5836
GS,2016-04-29,15:12:00,163.42,163.66,163.42,163.64,4515
GS,2016-04-29,15:13:00,163.63,163.68,163.57,163.65,6970
GS,2016-04-29,15:14:00,163.70,163.75,163.68,163.71,3400
GS,2016-04-29,15:15:00,163.70,163.74,163.66,163.71,5813
GS,2016-04-29,15:16:00,163.74,163.82,163.70,163.82,7304
GS,2016-04-29,15:17:00,163.79,163.79,163.68,163.76,5542
GS,2016-04-29,15:18:00,163.76,163.78,163.65,163.73,9418
GS,2016-04-29,15:19:00,163.71,163.86,163.67,163.67,6298
GS,2016-04-29,15:20:00,163.75,163.76,163.72,163.76,2436
GS,2016-04-29,15:21:00,163.80,163.82,163.67,163.70,5756
GS,2016-04-29,15:22:00,163.68,163.72,163.65,163.71,2519
GS,2016-04-29,15:23:00,163.73,163.85,163.73,163.85,10674
GS,2016-04-29,15:24:00,163.86,163.92,163.66,163.67,7911
GS,2016-04-29,15:25:00,163.69,163.72,163.64,163.66,1927
GS,2016-04-29,15:26:00,163.69,163.69,163.62,163.66,10560
GS,2016-04-29,15:27:00,163.65,163.71,163.62,163.62,3464
GS,2016-04-29,15:28:00,163.62,163.67,163.55,163.63,3645
GS,2016-04-29,15:29:00,163.65,163.65,163.47,163.47,4640
GS,2016-04-29,15:30:00,163.49,163.60,163.49,163.56,6973
GS,2016-04-29,15:31:00,163.57,163.69,163.53,163.69,6830
GS,2016-04-29,15:32:00,163.73,163.75,163.64,163.75,7390
GS,2016-04-29,15:33:00,163.76,164.11,163.76,164.10,7450
GS,2016-04-29,15:34:00,164.10,164.22,164.04,164.09,10801
GS,2016-04-29,15:35:00,164.10,164.19,164.10,164.17,8507
GS,2016-04-29,15:36:00,164.17,164.22,164.06,164.09,9000
GS,2016-04-29,15:37:00,164.09,164.18,164.04,164.04,4938
GS,2016-04-29,15:38:00,164.06,164.22,164.03,164.09,8314
GS,2016-04-29,15:39:00,164.11,164.25,164.09,164.19,10559
GS,2016-04-29,15:40:00,164.17,164.20,164.06,164.12,5833
GS,2016-04-29,15:41:00,164.15,164.20,164.11,164.12,6696
GS,2016-04-29,15:42:00,164.10,164.16,164.07,164.10,4622
GS,2016-04-29,15:43:00,164.12,164.25,164.12,164.21,8329
GS,2016-04-29,15:44:00,164.23,164.26,164.10,164.12,5103
GS,2016-04-29,15:45:00,164.12,164.28,164.10,164.28,9055
GS,2016-04-29,15:46:00,164.30,164.58,164.22,164.57,16267
GS,2016-04-29,15:47:00,164.57,164.68,164.49,164.57,10471
GS,2016-04-29,15:48:00,164.54,164.54,164.28,164.37,7974
GS,2016-04-29,15:49:00,164.33,164.36,164.08,164.08,13487
GS,2016-04-29,15:50:00,164.12,164.12,164.02,164.07,5405
GS,2016-04-29,15:51:00,164.08,164.12,163.99,164.10,11519
GS,2016-04-29,15:52:00,164.07,164.11,163.99,164.08,11318
GS,2016-04-29,15:53:00,164.08,164.09,163.92,163.95,4688
GS,2016-04-29,15:54:00,163.91,163.91,163.83,163.84,9726
GS,2016-04-29,15:55:00,163.85,164.06,163.84,164.06,11890
GS,2016-04-29,15:56:00,164.04,164.11,163.88,164.01,15346
GS,2016-04-29,15:57:00,164.01,164.03,163.83,163.92,10296
GS,2016-04-29,15:58:00,163.92,163.93,163.76,163.80,15211
GS,2016-04-29,15:59:00,163.81,163.84,163.72,163.82,21071
GS,2016-04-29,16:00:00,163.85,164.11,163.84,164.04,42030
