IBM,2016-04-28,09:30:00,149.75,149.80,149.75,149.80,75972
IBM,2016-04-28,09:31:00,149.80,149.93,149.38,149.54,6993
IBM,2016-04-28,09:32:00,149.54,149.90,149.53,149.90,4310
IBM,2016-04-28,09:33:00,149.79,150.18,149.75,149.80,11772
IBM,2016-04-28,09:34:00,149.74,149.74,149.50,149.50,3300
IBM,2016-04-28,09:35:00,149.58,149.86,149.38,149.48,13505
IBM,2016-04-28,09:36:00,149.52,149.70,149.40,149.60,9632
IBM,2016-04-28,09:37:00,149.55,149.62,149.24,149.30,14480
IBM,2016-04-28,09:38:00,149.30,149.36,149.15,149.17,16275
IBM,2016-04-28,09:39:00,149.13,149.16,149.01,149.13,8234
IBM,2016-04-28,09:40:00,149.05,149.29,149.04,149.22,9944
IBM,2016-04-28,09:41:00,149.17,149.69,149.11,149.54,15885
IBM,2016-04-28,09:42:00,149.57,149.92,149.44,149.64,11791
IBM,2016-04-28,09:43:00,149.57,149.68,149.46,149.68,2330
IBM,2016-04-28,09:44:00,149.78,149.93,149.73,149.82,5400
IBM,2016-04-28,09:45:00,149.79,149.86,149.55,149.57,5426
IBM,2016-04-28,09:46:00,149.57,149.78,149.57,149.59,3163
IBM,2016-04-28,09:47:00,149.50,149.59,149.45,149.59,7805
IBM,2016-04-28,09:48:00,149.63,149.68,149.40,149.46,8221
IBM,2016-04-28,09:49:00,149.43,149.54,149.40,149.40,4771
IBM,2016-04-28,09:50:00,149.40,149.55,149.40,149.55,1985
IBM,2016-04-28,09:51:00,149.54,149.60,149.27,149.55,6186
IBM,2016-04-28,09:52:00,149.51,149.51,149.37,149.37,4921
IBM,2016-04-28,09:53:00,149.38,149.39,149.21,149.21,3286
IBM,2016-04-28,09:54:00,149.17,149.30,149.13,149.17,11295
IBM,2016-04-28,09:55:00,149.18,149.25,149.15,149.15,7740
IBM,2016-04-28,09:56:00,149.08,149.12,149.02,149.04,3800
IBM,2016-04-28,09:57:00,149.02,149.05,148.91,149.02,16562
IBM,2016-04-28,09:58:00,148.97,149.06,148.84,148.84,5389
IBM,2016-04-28,09:59:00,148.87,148.97,148.86,148.89,5265
IBM,2016-04-28,10:00:00,148.91,148.95,148.78,148.84,9783
IBM,2016-04-28,10:01:00,148.85,149.00,148.81,148.92,11503
IBM,2016-04-28,10:02:00,148.89,148.98,148.89,148.91,10836
IBM,2016-04-28,10:03:00,148.89,148.94,148.81,148.89,12221
IBM,2016-04-28,10:04:00,148.91,148.96,148.83,148.89,7226
IBM,2016-04-28,10:05:00,148.87,148.89,148.80,148.83,14544
IBM,2016-04-28,10:06:00,148.83,148.96,148.76,148.87,24446
IBM,2016-04-28,10:07:00,148.88,148.99,148.76,148.91,20635
IBM,2016-04-28,10:08:00,148.86,148.86,148.75,148.75,4615
IBM,2016-04-28,10:09:00,148.71,148.71,148.55,148.55,9562
IBM,2016-04-28,10:10:00,148.55,148.57,148.52,148.57,5566
IBM,2016-04-28,10:11:00,148.57,148.67,148.56,148.65,5900
IBM,2016-04-28,10:12:00,148.66,148.68,148.61,148.61,4649
IBM,2016-04-28,10:13:00,148.61,148.72,148.59,148.72,5006
IBM,2016-04-28,10:14:00,148.70,148.73,148.65,148.70,2735
IBM,2016-04-28,10:15:00,148.74,148.78,148.71,148.71,3209
IBM,2016-04-28,10:16:00,148.70,148.70,148.63,148.64,4476
IBM,2016-04-28,10:17:00,148.64,148.65,148.53,148.59,9477
IBM,2016-04-28,10:18:00,148.58,148.59,148.52,148.52,4441
IBM,2016-04-28,10:19:00,148.54,148.69,148.53,148.69,10326
IBM,2016-04-28,10:20:00,148.62,148.65,148.56,148.56,3850
IBM,2016-04-28,10:21:00,148.53,148.60,148.53,148.54,5888
IBM,2016-04-28,10:22:00,148.57,148.68,148.57,148.68,7742
IBM,2016-04-28,10:23:00,148.67,148.75,148.65,148.69,7342
IBM,2016-04-28,10:24:00,148.70,148.70,148.60,148.60,2531
IBM,2016-04-28,10:25:00,148.60,148.87,148.60,148.87,7274
IBM,2016-04-28,10:26:00,148.88,149.19,148.88,149.06,11607
IBM,2016-04-28,10:27:00,149.03,149.04,148.96,148.96,1002
IBM,2016-04-28,10:28:00,149.02,149.07,148.96,149.00,3197
IBM,2016-04-28,10:29:00,148.94,148.94,148.88,148.88,1700
IBM,2016-04-28,10:30:00,148.89,148.90,148.86,148.86,1695
IBM,2016-04-28,10:31:00,148.87,148.98,148.86,148.89,5068
IBM,2016-04-28,10:32:00,148.89,148.96,148.84,148.93,3575
IBM,2016-04-28,10:33:00,148.99,149.05,148.96,149.04,1787
IBM,2016-04-28,10:34:00,149.01,149.01,148.90,148.95,7075
IBM,2016-04-28,10:35:00,148.95,148.99,148.95,148.98,1740
IBM,2016-04-28,10:36:00,149.00,149.02,148.91,148.98,3966
IBM,2016-04-28,10:37:00,149.03,149.17,149.00,149.17,3000
IBM,2016-04-28,10:38:00,149.14,149.14,149.08,149.08,1700
IBM,2016-04-28,10:39:00,149.05,149.11,149.02,149.02,2500
IBM,2016-04-28,10:40:00,149.05,149.05,149.01,149.03,1300
IBM,2016-04-28,10:41:00,149.01,149.06,148.93,149.00,6000
IBM,2016-04-28,10:42:00,149.00,149.08,149.00,149.05,5300
IBM,2016-04-28,10:43:00,149.03,149.14,149.03,149.10,5876
IBM,2016-04-28,10:44:00,149.07,149.11,149.07,149.10,1200
IBM,2016-04-28,10:45:00,149.09,149.12,149.07,149.10,2998
IBM,2016-04-28,10:46:00,149.09,149.14,149.08,149.12,2600
IBM,2016-04-28,10:47:00,149.13,149.21,149.13,149.18,4223
IBM,2016-04-28,10:48:00,149.21,149.37,149.20,149.34,3605
IBM,2016-04-28,10:49:00,149.35,149.44,149.34,149.41,5552
IBM,2016-04-28,10:50:00,149.43,149.43,149.37,149.40,8282
IBM,2016-04-28,10:51:00,149.39,149.39,149.36,149.38,1300
IBM,2016-04-28,10:52:00,149.39,149.45,149.36,149.42,8432
IBM,2016-04-28,10:53:00,149.40,149.42,149.37,149.37,1853
IBM,2016-04-28,10:54:00,149.39,149.40,149.37,149.40,851
IBM,2016-04-28,10:55:00,149.38,149.43,149.36,149.43,5819
IBM,2016-04-28,10:56:00,149.45,149.47,149.41,149.47,3370
IBM,2016-04-28,10:57:00,149.46,149.50,149.35,149.35,3605
IBM,2016-04-28,10:58:00,149.35,149.35,149.29,149.32,1800
IBM,2016-04-28,10:59:00,149.31,149.33,149.23,149.25,3987
IBM,2016-04-28,11:00:00,149.25,149.27,149.21,149.27,5431
IBM,2016-04-28,11:01:00,149.28,149.33,149.26,149.28,2242
IBM,2016-04-28,11:02:00,149.28,149.30,149.28,149.29,1100
IBM,2016-04-28,11:03:00,149.28,149.28,149.23,149.27,2504
IBM,2016-04-28,11:04:00,149.26,149.35,149.26,149.34,2258
IBM,2016-04-28,11:05:00,149.34,149.39,149.33,149.34,3826
IBM,2016-04-28,11:06:00,149.38,149.43,149.37,149.42,3851
IBM,2016-04-28,11:07:00,149.41,149.46,149.36,149.36,6472
IBM,2016-04-28,11:08:00,149.35,149.36,149.27,149.31,6450
IBM,2016-04-28,11:09:00,149.30,149.39,149.30,149.34,4795
IBM,2016-04-28,11:10:00,149.36,149.36,149.24,149.24,3748
IBM,2016-04-28,11:11:00,149.25,149.25,149.15,149.21,4126
IBM,2016-04-28,11:12:00,149.19,149.20,149.18,149.18,675
IBM,2016-04-28,11:13:00,149.17,149.17,149.09,149.10,3814
IBM,2016-04-28,11:14:00,149.10,149.14,149.10,149.14,1000
IBM,2016-04-28,11:15:00,149.15,149.21,149.15,149.15,3768
IBM,2016-04-28,11:16:00,149.18,149.23,149.17,149.19,2301
IBM,2016-04-28,11:17:00,149.16,149.16,149.08,149.08,1580
IBM,2016-04-28,11:18:00,149.06,149.16,149.04,149.16,2904
IBM,2016-04-28,11:19:00,149.14,149.19,149.13,149.18,1900
IBM,2016-04-28,11:20:00,149.17,149.18,149.13,149.18,1749
IBM,2016-04-28,11:21:00,149.20,149.29,149.20,149.29,3050
IBM,2016-04-28,11:22:00,149.31,149.34,149.30,149.33,3100
IBM,2016-04-28,11:23:00,149.31,149.32,149.27,149.27,4096
IBM,2016-04-28,11:24:00,149.30,149.30,149.26,149.26,900
IBM,2016-04-28,11:25:00,149.23,149.27,149.19,149.27,5828
IBM,2016-04-28,11:26:00,149.28,149.34,149.28,149.32,2800
IBM,2016-04-28,11:27:00,149.31,149.37,149.31,149.35,3059
IBM,2016-04-28,11:28:00,149.32,149.33,149.25,149.25,1800
IBM,2016-04-28,11:29:00,149.26,149.30,149.26,149.28,1775
IBM,2016-04-28,11:30:00,149.29,149.32,149.27,149.27,2397
IBM,2016-04-28,11:31:00,149.26,149.38,149.26,149.35,3350
IBM,2016-04-28,11:32:00,149.35,149.42,149.35,149.40,2405
IBM,2016-04-28,11:33:00,149.40,149.41,149.35,149.35,2031
IBM,2016-04-28,11:34:00,149.35,149.35,149.25,149.32,3850
IBM,2016-04-28,11:35:00,149.31,149.32,149.27,149.28,1800
IBM,2016-04-28,11:36:00,149.33,149.37,149.31,149.35,4494
IBM,2016-04-28,11:37:00,149.32,149.32,149.29,149.29,1350
IBM,2016-04-28,11:38:00,149.28,149.29,149.25,149.25,3400
IBM,2016-04-28,11:39:00,149.27,149.31,149.25,149.28,3813
IBM,2016-04-28,11:40:00,149.28,149.30,149.27,149.28,3035
IBM,2016-04-28,11:41:00,149.28,149.28,149.17,149.19,6442
IBM,2016-04-28,11:42:00,149.20,149.21,149.19,149.19,4490
IBM,2016-04-28,11:43:00,149.20,149.21,149.17,149.20,1550
IBM,2016-04-28,11:44:00,149.20,149.23,149.19,149.21,3800
IBM,2016-04-28,11:45:00,149.21,149.22,149.21,149.22,2645
IBM,2016-04-28,11:46:00,149.22,149.28,149.22,149.27,4115
IBM,2016-04-28,11:47:00,149.26,149.26,149.18,149.20,5142
IBM,2016-04-28,11:48:00,149.17,149.17,149.08,149.08,8400
IBM,2016-04-28,11:49:00,149.07,149.08,148.95,148.95,6112
IBM,2016-04-28,11:50:00,148.95,148.98,148.92,148.94,9067
IBM,2016-04-28,11:51:00,148.96,149.03,148.96,149.00,2450
IBM,2016-04-28,11:52:00,149.00,149.04,149.00,149.00,2230
IBM,2016-04-28,11:53:00,149.02,149.02,148.99,149.00,1075
IBM,2016-04-28,11:54:00,149.00,149.03,148.98,148.98,5136
IBM,2016-04-28,11:55:00,149.01,149.01,148.94,148.94,1521
IBM,2016-04-28,11:56:00,148.91,148.93,148.82,148.84,5355
IBM,2016-04-28,11:57:00,148.83,148.85,148.83,148.85,4800
IBM,2016-04-28,11:58:00,148.84,148.86,148.84,148.84,2905
IBM,2016-04-28,11:59:00,148.83,148.83,148.81,148.81,500
IBM,2016-04-28,12:00:00,148.83,148.86,148.79,148.85,5800
IBM,2016-04-28,12:01:00,148.86,148.93,148.86,148.89,2324
IBM,2016-04-28,12:02:00,148.91,148.91,148.86,148.90,2276
IBM,2016-04-28,12:03:00,148.90,148.90,148.86,148.88,1839
IBM,2016-04-28,12:04:00,148.86,148.89,148.84,148.84,3490
IBM,2016-04-28,12:05:00,148.84,149.25,148.79,148.81,10755
IBM,2016-04-28,12:06:00,148.79,148.81,148.79,148.79,4207
IBM,2016-04-28,12:07:00,148.81,148.81,148.75,148.77,1400
IBM,2016-04-28,12:08:00,148.77,148.78,148.75,148.75,1500
IBM,2016-04-28,12:09:00,148.75,148.75,148.73,148.75,703
IBM,2016-04-28,12:10:00,148.75,148.80,148.74,148.80,3081
IBM,2016-04-28,12:11:00,148.82,148.84,148.77,148.77,10719
IBM,2016-04-28,12:12:00,148.79,148.82,148.77,148.77,4742
IBM,2016-04-28,12:13:00,148.79,148.79,148.74,148.75,1400
IBM,2016-04-28,12:14:00,148.75,148.75,148.74,148.75,600
IBM,2016-04-28,12:15:00,148.73,148.73,148.64,148.66,3911
IBM,2016-04-28,12:16:00,148.64,148.67,148.62,148.63,4697
IBM,2016-04-28,12:17:00,148.64,148.64,148.60,148.60,3993
IBM,2016-04-28,12:18:00,148.58,148.62,148.57,148.59,2505
IBM,2016-04-28,12:19:00,148.62,148.62,148.53,148.54,3003
IBM,2016-04-28,12:20:00,148.55,148.55,148.45,148.45,12018
IBM,2016-04-28,12:21:00,148.47,148.50,148.45,148.48,3212
IBM,2016-04-28,12:22:00,148.48,148.48,148.47,148.48,1200
IBM,2016-04-28,12:23:00,148.47,148.49,148.47,148.48,1863
IBM,2016-04-28,12:24:00,148.51,148.54,148.50,148.54,1124
IBM,2016-04-28,12:25:00,148.53,148.53,148.47,148.47,4675
IBM,2016-04-28,12:26:00,148.46,148.49,148.46,148.47,1571
IBM,2016-04-28,12:27:00,148.49,148.53,148.49,148.51,3969
IBM,2016-04-28,12:28:00,148.50,148.56,148.50,148.54,2975
IBM,2016-04-28,12:29:00,148.55,148.56,148.54,148.55,5650
IBM,2016-04-28,12:30:00,148.56,148.56,148.50,148.50,11515
IBM,2016-04-28,12:31:00,148.50,148.50,148.43,148.44,4380
IBM,2016-04-28,12:32:00,148.43,148.46,148.43,148.45,3773
IBM,2016-04-28,12:33:00,148.46,148.50,148.46,148.49,4300
IBM,2016-04-28,12:34:00,148.51,148.53,148.46,148.46,3529
IBM,2016-04-28,12:35:00,148.46,148.51,148.44,148.46,5100
IBM,2016-04-28,12:36:00,148.44,148.46,148.41,148.44,5636
IBM,2016-04-28,12:37:00,148.44,148.45,148.39,148.39,11038
IBM,2016-04-28,12:38:00,148.40,148.42,148.39,148.40,3461
IBM,2016-04-28,12:39:00,148.41,148.41,148.38,148.38,2657
IBM,2016-04-28,12:40:00,148.38,148.40,148.38,148.39,3300
IBM,2016-04-28,12:41:00,148.39,148.40,148.38,148.39,3656
IBM,2016-04-28,12:42:00,148.40,148.42,148.39,148.39,4512
IBM,2016-04-28,12:43:00,148.39,148.44,148.38,148.44,4353
IBM,2016-04-28,12:44:00,148.43,148.45,148.42,148.44,2178
IBM,2016-04-28,12:45:00,148.44,148.46,148.40,148.43,3340
IBM,2016-04-28,12:46:00,148.43,148.47,148.43,148.47,2404
IBM,2016-04-28,12:47:00,148.46,148.46,148.44,148.45,2335
IBM,2016-04-28,12:48:00,148.44,148.47,148.44,148.46,2250
IBM,2016-04-28,12:49:00,148.48,148.48,148.45,148.45,2808
IBM,2016-04-28,12:50:00,148.46,148.47,148.45,148.46,1300
IBM,2016-04-28,12:51:00,148.47,148.48,148.45,148.47,3704
IBM,2016-04-28,12:52:00,148.47,148.48,148.39,148.41,6863
IBM,2016-04-28,12:53:00,148.42,148.48,148.42,148.48,5593
IBM,2016-04-28,12:54:00,148.47,148.48,148.47,148.48,2200
IBM,2016-04-28,12:55:00,148.48,148.50,148.41,148.45,4582
IBM,2016-04-28,12:56:00,148.48,148.50,148.44,148.50,2414
IBM,2016-04-28,12:57:00,148.48,148.50,148.45,148.50,2195
IBM,2016-04-28,12:58:00,148.50,148.56,148.50,148.52,5098
IBM,2016-04-28,12:59:00,148.52,148.53,148.51,148.51,950
IBM,2016-04-28,13:00:00,148.52,148.53,148.47,148.47,3550
IBM,2016-04-28,13:01:00,148.48,148.49,148.44,148.45,2614
IBM,2016-04-28,13:02:00,148.46,148.46,148.39,148.39,3100
IBM,2016-04-28,13:03:00,148.39,148.40,148.36,148.38,2200
IBM,2016-04-28,13:04:00,148.36,148.36,148.27,148.28,8250
IBM,2016-04-28,13:05:00,148.30,148.30,148.17,148.18,6535
IBM,2016-04-28,13:06:00,148.15,148.16,148.13,148.13,3787
IBM,2016-04-28,13:07:00,148.16,148.17,148.15,148.15,3560
IBM,2016-04-28,13:08:00,148.16,148.16,148.13,148.15,3748
IBM,2016-04-28,13:09:00,148.15,148.15,148.11,148.14,5464
IBM,2016-04-28,13:10:00,148.14,148.14,148.08,148.10,5120
IBM,2016-04-28,13:11:00,148.10,148.12,148.02,148.02,3815
IBM,2016-04-28,13:12:00,148.02,148.02,147.96,148.01,9709
IBM,2016-04-28,13:13:00,148.01,148.04,148.00,148.01,3121
IBM,2016-04-28,13:14:00,148.00,148.06,147.99,148.04,4399
IBM,2016-04-28,13:15:00,148.06,148.06,148.02,148.03,4733
IBM,2016-04-28,13:16:00,148.03,148.03,147.95,147.96,5342
IBM,2016-04-28,13:17:00,147.95,147.96,147.86,147.88,7358
IBM,2016-04-28,13:18:00,147.88,147.90,147.85,147.87,6600
IBM,2016-04-28,13:19:00,147.87,147.93,147.86,147.90,3702
IBM,2016-04-28,13:20:00,147.91,147.93,147.84,147.87,5613
IBM,2016-04-28,13:21:00,147.86,147.86,147.82,147.83,3395
IBM,2016-04-28,13:22:00,147.82,147.83,147.76,147.77,21967
IBM,2016-04-28,13:23:00,147.75,147.75,147.72,147.73,6232
IBM,2016-04-28,13:24:00,147.74,147.74,147.69,147.72,6335
IBM,2016-04-28,13:25:00,147.71,147.74,147.71,147.73,7252
IBM,2016-04-28,13:26:00,147.73,147.84,147.73,147.79,6400
IBM,2016-04-28,13:27:00,147.81,147.81,147.75,147.75,4717
IBM,2016-04-28,13:28:00,147.77,147.80,147.74,147.78,4050
IBM,2016-04-28,13:29:00,147.78,147.78,147.74,147.75,2700
IBM,2016-04-28,13:30:00,147.74,147.78,147.74,147.74,4900
IBM,2016-04-28,13:31:00,147.75,147.76,147.65,147.67,9540
IBM,2016-04-28,13:32:00,147.67,147.69,147.63,147.63,2200
IBM,2016-04-28,13:33:00,147.63,147.74,147.60,147.74,13566
IBM,2016-04-28,13:34:00,147.72,147.80,147.72,147.78,4699
IBM,2016-04-28,13:35:00,147.79,147.84,147.79,147.81,3699
IBM,2016-04-28,13:36:00,147.81,147.82,147.79,147.81,2100
IBM,2016-04-28,13:37:00,147.82,147.85,147.82,147.83,900
IBM,2016-04-28,13:38:00,147.86,147.94,147.85,147.90,8495
IBM,2016-04-28,13:39:00,147.89,147.89,147.81,147.83,3700
IBM,2016-04-28,13:40:00,147.83,147.83,147.78,147.81,2971
IBM,2016-04-28,13:41:00,147.84,147.84,147.74,147.77,3988
IBM,2016-04-28,13:42:00,147.76,147.76,147.71,147.72,3383
IBM,2016-04-28,13:43:00,147.73,147.75,147.69,147.72,5085
IBM,2016-04-28,13:44:00,147.72,147.74,147.70,147.70,1800
IBM,2016-04-28,13:45:00,147.72,147.74,147.70,147.72,3487
IBM,2016-04-28,13:46:00,147.74,147.74,147.65,147.65,2025
IBM,2016-04-28,13:47:00,147.65,147.65,147.62,147.65,2307
IBM,2016-04-28,13:48:00,147.65,147.66,147.63,147.66,5926
IBM,2016-04-28,13:49:00,147.66,147.67,147.64,147.67,2437
IBM,2016-04-28,13:50:00,147.66,147.66,147.62,147.63,5315
IBM,2016-04-28,13:51:00,147.65,147.71,147.65,147.70,6133
IBM,2016-04-28,13:52:00,147.70,147.77,147.70,147.77,2800
IBM,2016-04-28,13:53:00,147.78,147.79,147.72,147.73,4569
IBM,2016-04-28,13:54:00,147.70,147.75,147.70,147.73,5590
IBM,2016-04-28,13:55:00,147.72,147.72,147.67,147.70,2750
IBM,2016-04-28,13:56:00,147.72,147.74,147.70,147.70,3852
IBM,2016-04-28,13:57:00,147.69,147.69,147.61,147.62,6145
IBM,2016-04-28,13:58:00,147.62,147.62,147.58,147.60,3600
IBM,2016-04-28,13:59:00,147.58,147.58,147.56,147.57,3755
IBM,2016-04-28,14:00:00,147.57,147.60,147.56,147.58,6526
IBM,2016-04-28,14:01:00,147.58,147.63,147.58,147.62,5296
IBM,2016-04-28,14:02:00,147.61,147.62,147.58,147.62,3837
IBM,2016-04-28,14:03:00,147.62,147.71,147.62,147.71,8176
IBM,2016-04-28,14:04:00,147.72,147.73,147.70,147.70,3388
IBM,2016-04-28,14:05:00,147.71,147.72,147.58,147.61,19087
IBM,2016-04-28,14:06:00,147.61,147.65,147.57,147.58,12803
IBM,2016-04-28,14:07:00,147.56,147.61,147.55,147.55,5157
IBM,2016-04-28,14:08:00,147.55,147.55,147.50,147.54,20890
IBM,2016-04-28,14:09:00,147.55,147.65,147.55,147.64,17462
IBM,2016-04-28,14:10:00,147.64,147.70,147.61,147.61,11262
IBM,2016-04-28,14:11:00,147.62,147.64,147.61,147.62,2300
IBM,2016-04-28,14:12:00,147.61,147.63,147.56,147.63,7958
IBM,2016-04-28,14:13:00,147.64,147.67,147.59,147.59,1910
IBM,2016-04-28,14:14:00,147.57,147.63,147.56,147.57,3078
IBM,2016-04-28,14:15:00,147.59,147.65,147.59,147.65,11386
IBM,2016-04-28,14:16:00,147.65,147.69,147.65,147.66,3366
IBM,2016-04-28,14:17:00,147.66,147.69,147.64,147.64,5265
IBM,2016-04-28,14:18:00,147.64,147.64,147.56,147.60,5309
IBM,2016-04-28,14:19:00,147.60,147.60,147.58,147.60,5040
IBM,2016-04-28,14:20:00,147.59,147.61,147.53,147.54,7314
IBM,2016-04-28,14:21:00,147.53,147.56,147.50,147.54,16040
IBM,2016-04-28,14:22:00,147.54,147.55,147.51,147.53,9773
IBM,2016-04-28,14:23:00,147.53,147.55,147.53,147.55,5822
IBM,2016-04-28,14:24:00,147.55,147.57,147.53,147.57,3503
IBM,2016-04-28,14:25:00,147.57,147.62,147.55,147.60,6317
IBM,2016-04-28,14:26:00,147.61,147.63,147.60,147.60,3425
IBM,2016-04-28,14:27:00,147.61,147.66,147.60,147.64,5133
IBM,2016-04-28,14:28:00,147.64,147.74,147.64,147.73,6354
IBM,2016-04-28,14:29:00,147.73,147.75,147.69,147.71,2793
IBM,2016-04-28,14:30:00,147.72,147.77,147.72,147.77,3330
IBM,2016-04-28,14:31:00,147.77,147.81,147.75,147.81,2467
IBM,2016-04-28,14:32:00,147.81,147.82,147.79,147.80,5389
IBM,2016-04-28,14:33:00,147.78,147.86,147.75,147.82,16863
IBM,2016-04-28,14:34:00,147.81,147.83,147.77,147.81,6053
IBM,2016-04-28,14:35:00,147.84,147.91,147.84,147.91,12345
IBM,2016-04-28,14:36:00,147.92,147.97,147.92,147.97,6600
IBM,2016-04-28,14:37:00,147.97,147.97,147.90,147.93,8725
IBM,2016-04-28,14:38:00,147.91,147.91,147.86,147.90,5024
IBM,2016-04-28,14:39:00,147.88,147.88,147.86,147.86,1700
IBM,2016-04-28,14:40:00,147.86,147.87,147.79,147.82,6128
IBM,2016-04-28,14:41:00,147.83,147.83,147.80,147.81,2913
IBM,2016-04-28,14:42:00,147.80,147.86,147.80,147.85,5928
IBM,2016-04-28,14:43:00,147.84,147.94,147.84,147.94,4776
IBM,2016-04-28,14:44:00,147.94,147.94,147.90,147.91,5675
IBM,2016-04-28,14:45:00,147.92,147.93,147.90,147.92,2500
IBM,2016-04-28,14:46:00,147.91,147.91,147.80,147.81,5962
IBM,2016-04-28,14:47:00,147.80,147.80,147.72,147.73,3054
IBM,2016-04-28,14:48:00,147.74,147.79,147.74,147.75,4540
IBM,2016-04-28,14:49:00,147.76,147.78,147.69,147.72,7415
IBM,2016-04-28,14:50:00,147.72,147.76,147.72,147.75,3200
IBM,2016-04-28,14:51:00,147.76,147.76,147.73,147.75,4600
IBM,2016-04-28,14:52:00,147.74,147.77,147.74,147.74,4759
IBM,2016-04-28,14:53:00,147.75,147.81,147.75,147.80,4892
IBM,2016-04-28,14:54:00,147.81,147.86,147.81,147.85,9237
IBM,2016-04-28,14:55:00,147.85,147.88,147.84,147.84,4076
IBM,2016-04-28,14:56:00,147.84,147.84,147.73,147.80,10554
IBM,2016-04-28,14:57:00,147.80,147.81,147.73,147.74,7256
IBM,2016-04-28,14:58:00,147.78,147.84,147.78,147.84,2356
IBM,2016-04-28,14:59:00,147.84,147.87,147.84,147.86,2205
IBM,2016-04-28,15:00:00,147.85,147.86,147.80,147.86,6392
IBM,2016-04-28,15:01:00,147.86,147.86,147.82,147.84,11770
IBM,2016-04-28,15:02:00,147.84,147.85,147.79,147.80,6109
IBM,2016-04-28,15:03:00,147.81,147.89,147.81,147.89,7267
IBM,2016-04-28,15:04:00,147.89,147.90,147.83,147.83,4600
IBM,2016-04-28,15:05:00,147.83,147.84,147.69,147.76,11317
IBM,2016-04-28,15:06:00,147.77,147.77,147.63,147.68,8957
IBM,2016-04-28,15:07:00,147.67,147.71,147.58,147.58,8931
IBM,2016-04-28,15:08:00,147.60,147.63,147.58,147.60,4920
IBM,2016-04-28,15:09:00,147.58,147.60,147.50,147.50,6500
IBM,2016-04-28,15:10:00,147.52,147.54,147.41,147.43,9662
IBM,2016-04-28,15:11:00,147.41,147.47,147.37,147.47,7694
IBM,2016-04-28,15:12:00,147.47,147.48,147.41,147.48,6500
IBM,2016-04-28,15:13:00,147.49,147.54,147.46,147.47,7700
IBM,2016-04-28,15:14:00,147.48,147.50,147.33,147.33,6622
IBM,2016-04-28,15:15:00,147.33,147.37,147.28,147.32,11756
IBM,2016-04-28,15:16:00,147.30,147.30,147.25,147.28,9313
IBM,2016-04-28,15:17:00,147.27,147.28,147.20,147.23,9174
IBM,2016-04-28,15:18:00,147.24,147.36,147.23,147.29,15345
IBM,2016-04-28,15:19:00,147.31,147.33,147.17,147.17,16972
IBM,2016-04-28,15:20:00,147.18,147.24,147.16,147.16,12277
IBM,2016-04-28,15:21:00,147.15,147.29,147.13,147.24,21147
IBM,2016-04-28,15:22:00,147.23,147.25,147.17,147.23,8107
IBM,2016-04-28,15:23:00,147.23,147.25,147.08,147.08,13732
IBM,2016-04-28,15:24:00,147.10,147.18,147.09,147.12,6818
IBM,2016-04-28,15:25:00,147.14,147.16,147.12,147.15,7611
IBM,2016-04-28,15:26:00,147.16,147.16,146.90,147.03,22414
IBM,2016-04-28,15:27:00,147.04,147.15,147.04,147.15,6894
IBM,2016-04-28,15:28:00,147.13,147.21,147.12,147.18,10200
IBM,2016-04-28,15:29:00,147.21,147.23,147.01,147.01,13541
IBM,2016-04-28,15:30:00,147.00,147.08,147.00,147.02,23278
IBM,2016-04-28,15:31:00,147.04,147.26,147.04,147.22,20769
IBM,2016-04-28,15:32:00,147.25,147.27,147.19,147.23,15274
IBM,2016-04-28,15:33:00,147.24,147.24,147.17,147.18,8481
IBM,2016-04-28,15:34:00,147.18,147.20,146.96,147.00,25090
IBM,2016-04-28,15:35:00,146.98,147.10,146.98,147.10,5870
IBM,2016-04-28,15:36:00,147.09,147.19,147.09,147.19,11557
IBM,2016-04-28,15:37:00,147.19,147.27,147.19,147.23,8798
IBM,2016-04-28,15:38:00,147.24,147.24,147.09,147.14,9010
IBM,2016-04-28,15:39:00,147.13,147.17,147.05,147.17,10376
IBM,2016-04-28,15:40:00,147.15,147.19,147.10,147.10,8497
IBM,2016-04-28,15:41:00,147.12,147.18,147.12,147.16,11133
IBM,2016-04-28,15:42:00,147.15,147.30,147.15,147.23,22762
IBM,2016-04-28,15:43:00,147.25,147.26,147.15,147.20,11918
IBM,2016-04-28,15:44:00,147.21,147.25,147.15,147.22,16479
IBM,2016-04-28,15:45:00,147.23,147.25,147.13,147.17,12337
IBM,2016-04-28,15:46:00,147.17,147.21,147.08,147.21,16291
IBM,2016-04-28,15:47:00,147.21,147.23,147.19,147.20,12782
IBM,2016-04-28,15:48:00,147.20,147.33,147.20,147.25,14727
IBM,2016-04-28,15:49:00,147.26,147.28,147.12,147.15,17674
IBM,2016-04-28,15:50:00,147.14,147.15,147.01,147.02,21168
IBM,2016-04-28,15:51:00,147.03,147.07,146.96,147.03,25817
IBM,2016-04-28,15:52:00,147.02,147.04,146.93,147.02,19493
IBM,2016-04-28,15:53:00,147.01,147.04,146.86,146.90,25568
IBM,2016-04-28,15:54:00,146.88,146.96,146.88,146.90,19792
IBM,2016-04-28,15:55:00,146.89,146.93,146.79,146.93,28776
IBM,2016-04-28,15:56:00,146.91,146.99,146.87,146.87,37369
IBM,2016-04-28,15:57:00,146.88,146.90,146.83,146.83,34698
IBM,2016-04-28,15:58:00,146.83,146.84,146.72,146.81,57461
IBM,2016-04-28,15:59:00,146.81,146.92,146.77,146.91,43891
IBM,2016-04-28,16:00:00,146.92,147.22,146.88,147.15,122316
IBM,2016-04-29,09:30:00,146.49,146.55,146.49,146.49,56002
IBM,2016-04-29,09:31:00,146.49,146.81,146.49,146.81,2778
IBM,2016-04-29,09:32:00,146.54,146.75,146.52,146.72,5344
IBM,2016-04-29,09:33:00,146.56,146.83,146.51,146.82,10875
IBM,2016-04-29,09:34:00,146.83,147.00,146.67,146.79,3900
IBM,2016-04-29,09:35:00,146.92,147.11,146.73,147.03,4180
IBM,2016-04-29,09:36:00,147.07,147.15,146.89,147.14,10547
IBM,2016-04-29,09:37:00,147.14,147.27,146.98,146.98,5206
IBM,2016-04-29,09:38:00,146.98,147.08,146.85,147.08,4635
IBM,2016-04-29,09:39:00,147.07,147.11,146.87,147.03,11208
IBM,2016-04-29,09:40:00,147.02,147.02,146.87,146.89,600
IBM,2016-04-29,09:41:00,146.95,147.18,146.87,147.12,11415
IBM,2016-04-29,09:42:00,147.19,147.34,147.16,147.22,8080
IBM,2016-04-29,09:43:00,147.22,147.25,147.08,147.23,2497
IBM,2016-04-29,09:44:00,147.25,147.28,146.87,146.87,7064
IBM,2016-04-29,09:45:00,146.93,147.09,146.90,146.96,5973
IBM,2016-04-29,09:46:00,146.95,147.02,146.74,146.82,7641
IBM,2016-04-29,09:47:00,146.74,146.85,146.60,146.85,9874
IBM,2016-04-29,09:48:00,146.74,146.93,146.74,146.85,10841
IBM,2016-04-29,09:49:00,146.86,146.86,146.74,146.79,7606
IBM,2016-04-29,09:50:00,146.76,146.92,146.67,146.75,18491
IBM,2016-04-29,09:51:00,146.67,146.72,146.56,146.65,7135
IBM,2016-04-29,09:52:00,146.61,146.75,146.61,146.75,6471
IBM,2016-04-29,09:53:00,146.74,146.77,146.67,146.69,10064
IBM,2016-04-29,09:54:00,146.64,146.70,146.55,146.59,12165
IBM,2016-04-29,09:55:00,146.61,146.88,146.56,146.69,8259
IBM,2016-04-29,09:56:00,146.67,146.93,146.63,146.83,10876
IBM,2016-04-29,09:57:00,146.83,146.87,146.68,146.70,5360
IBM,2016-04-29,09:58:00,146.71,146.78,146.67,146.75,40961
IBM,2016-04-29,09:59:00,146.76,146.78,146.65,146.73,8416
IBM,2016-04-29,10:00:00,146.72,146.73,146.66,146.72,4292
IBM,2016-04-29,10:01:00,146.72,146.72,146.51,146.54,8080
IBM,2016-04-29,10:02:00,146.54,146.54,146.22,146.25,22657
IBM,2016-04-29,10:03:00,146.27,146.43,146.23,146.43,6096
IBM,2016-04-29,10:04:00,146.38,146.42,146.21,146.24,8860
IBM,2016-04-29,10:05:00,146.22,146.29,146.13,146.24,8123
IBM,2016-04-29,10:06:00,146.24,146.32,146.06,146.21,11367
IBM,2016-04-29,10:07:00,146.20,146.21,146.04,146.06,13500
IBM,2016-04-29,10:08:00,146.05,146.08,145.84,146.00,20558
IBM,2016-04-29,10:09:00,146.02,146.05,145.93,146.05,5708
IBM,2016-04-29,10:10:00,146.05,146.05,145.96,145.96,6900
IBM,2016-04-29,10:11:00,145.92,146.07,145.92,146.07,4780
IBM,2016-04-29,10:12:00,146.10,146.10,145.93,145.93,7599
IBM,2016-04-29,10:13:00,145.97,145.98,145.91,145.91,5475
IBM,2016-04-29,10:14:00,145.93,145.97,145.86,145.89,10128
IBM,2016-04-29,10:15:00,145.89,145.89,145.69,145.88,13709
IBM,2016-04-29,10:16:00,145.82,145.82,145.71,145.71,7155
IBM,2016-04-29,10:17:00,145.73,145.83,145.70,145.77,6295
IBM,2016-04-29,10:18:00,145.76,145.76,145.60,145.67,3720
IBM,2016-04-29,10:19:00,145.65,145.68,145.45,145.47,11048
IBM,2016-04-29,10:20:00,145.44,145.46,145.28,145.43,19490
IBM,2016-04-29,10:21:00,145.41,145.51,145.40,145.47,8800
IBM,2016-04-29,10:22:00,145.48,145.56,145.34,145.46,5893
IBM,2016-04-29,10:23:00,145.45,145.47,145.37,145.46,14286
IBM,2016-04-29,10:24:00,145.45,145.50,145.32,145.49,12247
IBM,2016-04-29,10:25:00,145.49,145.50,145.41,145.45,6620
IBM,2016-04-29,10:26:00,145.42,145.43,145.29,145.32,5723
IBM,2016-04-29,10:27:00,145.30,145.46,145.27,145.28,7470
IBM,2016-04-29,10:28:00,145.36,145.36,145.24,145.31,5624
IBM,2016-04-29,10:29:00,145.33,145.48,145.33,145.48,5703
IBM,2016-04-29,10:30:00,145.47,145.50,145.38,145.40,8168
IBM,2016-04-29,10:31:00,145.42,145.50,145.41,145.50,10356
IBM,2016-04-29,10:32:00,145.48,145.48,145.40,145.47,7672
IBM,2016-04-29,10:33:00,145.45,145.53,145.41,145.49,9601
IBM,2016-04-29,10:34:00,145.48,145.64,145.48,145.60,9359
IBM,2016-04-29,10:35:00,145.62,145.77,145.61,145.77,5950
IBM,2016-04-29,10:36:00,145.76,145.85,145.75,145.79,10016
IBM,2016-04-29,10:37:00,145.78,145.89,145.78,145.86,8228
IBM,2016-04-29,10:38:00,145.85,145.86,145.77,145.83,9066
IBM,2016-04-29,10:39:00,145.85,145.92,145.85,145.90,5485
IBM,2016-04-29,10:40:00,145.90,145.95,145.87,145.94,5075
IBM,2016-04-29,10:41:00,145.94,145.97,145.89,145.92,10671
IBM,2016-04-29,10:42:00,145.91,145.93,145.78,145.78,5609
IBM,2016-04-29,10:43:00,145.81,145.83,145.64,145.65,10374
IBM,2016-04-29,10:44:00,145.65,145.66,145.57,145.65,8626
IBM,2016-04-29,10:45:00,145.66,145.74,145.65,145.65,8818
IBM,2016-04-29,10:46:00,145.68,145.68,145.55,145.57,7998
IBM,2016-04-29,10:47:00,145.57,145.57,145.37,145.42,5631
IBM,2016-04-29,10:48:00,145.40,145.41,145.31,145.31,5020
IBM,2016-04-29,10:49:00,145.32,145.38,145.29,145.29,8106
IBM,2016-04-29,10:50:00,145.28,145.32,145.25,145.32,3227
IBM,2016-04-29,10:51:00,145.30,145.33,145.14,145.14,7690
IBM,2016-04-29,10:52:00,145.12,145.19,145.12,145.16,7366
IBM,2016-04-29,10:53:00,145.17,145.18,145.09,145.09,4733
IBM,2016-04-29,10:54:00,145.11,145.14,145.03,145.03,10317
IBM,2016-04-29,10:55:00,145.02,145.03,144.95,144.97,24984
IBM,2016-04-29,10:56:00,145.00,145.00,144.90,144.92,13567
IBM,2016-04-29,10:57:00,144.93,144.94,144.78,144.82,6250
IBM,2016-04-29,10:58:00,144.82,144.87,144.81,144.84,11307
IBM,2016-04-29,10:59:00,144.85,144.85,144.75,144.78,8031
IBM,2016-04-29,11:00:00,144.78,144.79,144.70,144.70,6332
IBM,2016-04-29,11:01:00,144.69,144.77,144.69,144.75,9329
IBM,2016-04-29,11:02:00,144.74,144.75,144.69,144.71,5179
IBM,2016-04-29,11:03:00,144.69,144.69,144.59,144.64,7551
IBM,2016-04-29,11:04:00,144.65,144.77,144.65,144.72,8742
IBM,2016-04-29,11:05:00,144.72,144.78,144.68,144.68,8521
IBM,2016-04-29,11:06:00,144.65,144.80,144.63,144.79,6230
IBM,2016-04-29,11:07:00,144.80,144.85,144.78,144.82,17132
IBM,2016-04-29,11:08:00,144.81,144.93,144.81,144.93,5825
IBM,2016-04-29,11:09:00,144.94,145.08,144.92,145.08,15973
IBM,2016-04-29,11:10:00,145.09,145.14,145.07,145.11,4800
IBM,2016-04-29,11:11:00,145.09,145.09,145.02,145.02,7619
IBM,2016-04-29,11:12:00,145.03,145.04,145.00,145.02,4427
IBM,2016-04-29,11:13:00,145.04,145.04,144.94,144.94,10057
IBM,2016-04-29,11:14:00,144.92,144.93,144.88,144.88,10695
IBM,2016-04-29,11:15:00,144.88,144.88,144.81,144.82,16667
IBM,2016-04-29,11:16:00,144.81,144.81,144.72,144.73,31363
IBM,2016-04-29,11:17:00,144.71,144.72,144.65,144.66,5786
IBM,2016-04-29,11:18:00,144.64,144.64,144.59,144.60,7014
IBM,2016-04-29,11:19:00,144.60,144.60,144.51,144.53,9444
IBM,2016-04-29,11:20:00,144.51,144.54,144.45,144.45,11497
IBM,2016-04-29,11:21:00,144.44,144.46,144.41,144.46,13662
IBM,2016-04-29,11:22:00,144.43,144.53,144.42,144.53,8055
IBM,2016-04-29,11:23:00,144.53,144.66,144.52,144.59,6490
IBM,2016-04-29,11:24:00,144.59,144.68,144.57,144.66,4862
IBM,2016-04-29,11:25:00,144.67,144.67,144.53,144.56,6503
IBM,2016-04-29,11:26:00,144.58,144.66,144.50,144.65,7832
IBM,2016-04-29,11:27:00,144.63,144.78,144.61,144.64,12174
IBM,2016-04-29,11:28:00,144.66,144.80,144.65,144.79,4200
IBM,2016-04-29,11:29:00,144.81,144.83,144.69,144.70,8602
IBM,2016-04-29,11:30:00,144.71,144.75,144.68,144.70,6100
IBM,2016-04-29,11:31:00,144.71,144.74,144.63,144.66,8295
IBM,2016-04-29,11:32:00,144.68,144.68,144.62,144.65,4723
IBM,2016-04-29,11:33:00,144.62,144.68,144.54,144.54,10960
IBM,2016-04-29,11:34:00,144.53,144.53,144.37,144.38,9192
IBM,2016-04-29,11:35:00,144.38,144.40,144.35,144.36,5391
IBM,2016-04-29,11:36:00,144.34,144.36,144.21,144.22,7119
IBM,2016-04-29,11:37:00,144.21,144.33,144.19,144.25,8254
IBM,2016-04-29,11:38:00,144.28,144.41,144.28,144.41,5067
IBM,2016-04-29,11:39:00,144.36,144.39,144.28,144.28,7216
IBM,2016-04-29,11:40:00,144.33,144.51,144.32,144.50,9413
IBM,2016-04-29,11:41:00,144.48,144.54,144.48,144.51,3860
IBM,2016-04-29,11:42:00,144.51,144.51,144.45,144.47,6223
IBM,2016-04-29,11:43:00,144.47,144.48,144.40,144.41,5548
IBM,2016-04-29,11:44:00,144.42,144.43,144.37,144.43,5744
IBM,2016-04-29,11:45:00,144.41,144.47,144.39,144.43,5520
IBM,2016-04-29,11:46:00,144.43,144.53,144.42,144.48,5336
IBM,2016-04-29,11:47:00,144.48,144.50,144.46,144.49,3331
IBM,2016-04-29,11:48:00,144.49,144.49,144.32,144.39,25366
IBM,2016-04-29,11:49:00,144.40,144.47,144.37,144.39,4875
IBM,2016-04-29,11:50:00,144.41,144.44,144.40,144.43,2560
IBM,2016-04-29,11:51:00,144.43,144.48,144.37,144.37,13142
IBM,2016-04-29,11:52:00,144.35,144.41,144.35,144.40,6287
IBM,2016-04-29,11:53:00,144.41,144.50,144.39,144.50,12639
IBM,2016-04-29,11:54:00,144.46,144.59,144.46,144.59,3820
IBM,2016-04-29,11:55:00,144.57,144.64,144.56,144.61,3785
IBM,2016-04-29,11:56:00,144.62,144.71,144.61,144.71,5251
IBM,2016-04-29,11:57:00,144.71,144.84,144.69,144.77,17150
IBM,2016-04-29,11:58:00,144.80,144.81,144.72,144.74,4077
IBM,2016-04-29,11:59:00,144.74,144.82,144.74,144.82,3401
IBM,2016-04-29,12:00:00,144.81,144.81,144.66,144.66,8140
IBM,2016-04-29,12:01:00,144.66,144.82,144.66,144.81,6483
IBM,2016-04-29,12:02:00,144.80,144.82,144.78,144.82,5600
IBM,2016-04-29,12:03:00,144.79,144.85,144.78,144.82,5522
IBM,2016-04-29,12:04:00,144.84,144.85,144.79,144.79,4873
IBM,2016-04-29,12:05:00,144.80,144.80,144.71,144.73,7849
IBM,2016-04-29,12:06:00,144.75,144.77,144.71,144.72,1590
IBM,2016-04-29,12:07:00,144.73,144.81,144.73,144.80,6005
IBM,2016-04-29,12:08:00,144.78,144.83,144.77,144.83,5229
IBM,2016-04-29,12:09:00,144.83,144.83,144.72,144.73,4164
IBM,2016-04-29,12:10:00,144.72,144.73,144.68,144.73,5529
IBM,2016-04-29,12:11:00,144.73,144.77,144.72,144.75,4902
IBM,2016-04-29,12:12:00,144.76,144.78,144.72,144.72,7886
IBM,2016-04-29,12:13:00,144.71,144.72,144.62,144.62,3295
IBM,2016-04-29,12:14:00,144.61,144.65,144.61,144.65,4381
IBM,2016-04-29,12:15:00,144.65,144.69,144.50,144.50,9979
IBM,2016-04-29,12:16:00,144.52,144.69,144.50,144.68,5366
IBM,2016-04-29,12:17:00,144.69,144.77,144.68,144.77,7332
IBM,2016-04-29,12:18:00,144.74,144.78,144.69,144.75,7871
IBM,2016-04-29,12:19:00,144.77,144.77,144.73,144.75,5455
IBM,2016-04-29,12:20:00,144.76,144.88,144.76,144.85,4197
IBM,2016-04-29,12:21:00,144.87,145.00,144.85,144.94,11531
IBM,2016-04-29,12:22:00,144.96,145.05,144.96,145.05,7065
IBM,2016-04-29,12:23:00,145.04,145.05,145.00,145.02,6795
IBM,2016-04-29,12:24:00,145.01,145.01,144.97,145.00,3846
IBM,2016-04-29,12:25:00,145.00,145.02,145.00,145.00,1400
IBM,2016-04-29,12:26:00,145.00,145.02,144.99,145.00,4508
IBM,2016-04-29,12:27:00,145.01,145.03,144.98,145.00,4424
IBM,2016-04-29,12:28:00,145.00,145.00,144.95,144.97,5140
IBM,2016-04-29,12:29:00,144.95,145.01,144.95,144.97,5248
IBM,2016-04-29,12:30:00,144.97,144.99,144.93,144.95,5100
IBM,2016-04-29,12:31:00,144.96,144.98,144.91,144.91,11743
IBM,2016-04-29,12:32:00,144.91,144.98,144.91,144.98,4323
IBM,2016-04-29,12:33:00,144.98,145.05,144.98,145.03,3021
IBM,2016-04-29,12:34:00,145.03,145.09,145.03,145.07,4158
IBM,2016-04-29,12:35:00,145.07,145.16,145.06,145.14,5349
IBM,2016-04-29,12:36:00,145.13,145.15,145.09,145.09,4154
IBM,2016-04-29,12:37:00,145.09,145.14,145.09,145.14,1750
IBM,2016-04-29,12:38:00,145.12,145.13,145.02,145.04,12510
IBM,2016-04-29,12:39:00,145.06,145.10,145.05,145.08,7247
IBM,2016-04-29,12:40:00,145.08,145.08,145.03,145.03,3825
IBM,2016-04-29,12:41:00,145.04,145.06,145.01,145.02,4302
IBM,2016-04-29,12:42:00,145.01,145.18,145.01,145.03,23868
IBM,2016-04-29,12:43:00,145.04,145.05,145.04,145.04,925
IBM,2016-04-29,12:44:00,145.06,145.06,145.03,145.05,2301
IBM,2016-04-29,12:45:00,145.05,145.10,145.03,145.08,3428
IBM,2016-04-29,12:46:00,145.06,145.23,145.05,145.23,25399
IBM,2016-04-29,12:47:00,145.20,145.22,145.19,145.21,2050
IBM,2016-04-29,12:48:00,145.23,145.23,145.18,145.23,4305
IBM,2016-04-29,12:49:00,145.23,145.29,145.19,145.28,9048
IBM,2016-04-29,12:50:00,145.27,145.29,145.24,145.27,7345
IBM,2016-04-29,12:51:00,145.26,145.31,145.25,145.27,3235
IBM,2016-04-29,12:52:00,145.26,145.26,145.19,145.19,6480
IBM,2016-04-29,12:53:00,145.19,145.27,145.18,145.27,7355
IBM,2016-04-29,12:54:00,145.26,145.27,145.23,145.23,3610
IBM,2016-04-29,12:55:00,145.21,145.25,145.20,145.22,4254
IBM,2016-04-29,12:56:00,145.22,145.22,145.16,145.17,8085
IBM,2016-04-29,12:57:00,145.18,145.23,145.18,145.22,6589
IBM,2016-04-29,12:58:00,145.20,145.26,145.18,145.20,5301
IBM,2016-04-29,12:59:00,145.20,145.20,145.15,145.19,7884
IBM,2016-04-29,13:00:00,145.20,145.20,145.17,145.20,4475
IBM,2016-04-29,13:01:00,145.19,145.26,145.18,145.26,12183
IBM,2016-04-29,13:02:00,145.26,145.31,145.25,145.28,7303
IBM,2016-04-29,13:03:00,145.28,145.29,145.27,145.28,3300
IBM,2016-04-29,13:04:00,145.28,145.32,145.27,145.32,5250
IBM,2016-04-29,13:05:00,145.32,145.34,145.31,145.33,4160
IBM,2016-04-29,13:06:00,145.33,145.34,145.32,145.34,7476
IBM,2016-04-29,13:07:00,145.34,145.34,145.32,145.33,8018
IBM,2016-04-29,13:08:00,145.32,145.32,145.26,145.32,5126
IBM,2016-04-29,13:09:00,145.33,145.35,145.31,145.35,3494
IBM,2016-04-29,13:10:00,145.35,145.42,145.35,145.38,11605
IBM,2016-04-29,13:11:00,145.38,145.39,145.36,145.38,1935
IBM,2016-04-29,13:12:00,145.38,145.38,145.30,145.32,5110
IBM,2016-04-29,13:13:00,145.31,145.39,145.31,145.39,3004
IBM,2016-04-29,13:14:00,145.40,145.41,145.38,145.39,15413
IBM,2016-04-29,13:15:00,145.40,145.58,145.40,145.58,6996
IBM,2016-04-29,13:16:00,145.59,145.59,145.55,145.58,2276
IBM,2016-04-29,13:17:00,145.57,145.57,145.50,145.50,2950
IBM,2016-04-29,13:18:00,145.49,145.49,145.45,145.47,2269
IBM,2016-04-29,13:19:00,145.47,145.54,145.47,145.51,2503
IBM,2016-04-29,13:20:00,145.53,145.61,145.53,145.61,2394
IBM,2016-04-29,13:21:00,145.61,145.64,145.58,145.63,5127
IBM,2016-04-29,13:22:00,145.62,145.63,145.62,145.63,1200
IBM,2016-04-29,13:23:00,145.61,145.62,145.56,145.56,4000
IBM,2016-04-29,13:24:00,145.55,145.55,145.51,145.54,1855
IBM,2016-04-29,13:25:00,145.55,145.64,145.55,145.64,4538
IBM,2016-04-29,13:26:00,145.64,145.67,145.64,145.65,3450
IBM,2016-04-29,13:27:00,145.64,145.67,145.64,145.66,1300
IBM,2016-04-29,13:28:00,145.66,145.66,145.61,145.62,3202
IBM,2016-04-29,13:29:00,145.61,145.61,145.58,145.58,2000
IBM,2016-04-29,13:30:00,145.58,145.61,145.56,145.59,15066
IBM,2016-04-29,13:31:00,145.58,145.59,145.54,145.54,3557
IBM,2016-04-29,13:32:00,145.53,145.53,145.44,145.45,9856
IBM,2016-04-29,13:33:00,145.43,145.43,145.38,145.41,7215
IBM,2016-04-29,13:34:00,145.40,145.42,145.40,145.41,7167
IBM,2016-04-29,13:35:00,145.40,145.40,145.33,145.33,1900
IBM,2016-04-29,13:36:00,145.32,145.33,145.30,145.33,5112
IBM,2016-04-29,13:37:00,145.35,145.42,145.34,145.39,6857
IBM,2016-04-29,13:38:00,145.40,145.40,145.30,145.30,3648
IBM,2016-04-29,13:39:00,145.31,145.35,145.29,145.34,4149
IBM,2016-04-29,13:40:00,145.34,145.40,145.34,145.40,3603
IBM,2016-04-29,13:41:00,145.38,145.41,145.37,145.41,3991
IBM,2016-04-29,13:42:00,145.41,145.43,145.35,145.35,8239
IBM,2016-04-29,13:43:00,145.34,145.34,145.29,145.31,2790
IBM,2016-04-29,13:44:00,145.32,145.32,145.30,145.32,5450
IBM,2016-04-29,13:45:00,145.31,145.35,145.31,145.35,7200
IBM,2016-04-29,13:46:00,145.34,145.34,145.29,145.31,55127
IBM,2016-04-29,13:47:00,145.31,145.34,145.29,145.32,7063
IBM,2016-04-29,13:48:00,145.33,145.35,145.29,145.34,5181
IBM,2016-04-29,13:49:00,145.33,145.38,145.32,145.38,2800
IBM,2016-04-29,13:50:00,145.37,145.40,145.35,145.39,4040
IBM,2016-04-29,13:51:00,145.40,145.44,145.40,145.41,6878
IBM,2016-04-29,13:52:00,145.38,145.40,145.36,145.37,3672
IBM,2016-04-29,13:53:00,145.40,145.42,145.39,145.40,2800
IBM,2016-04-29,13:54:00,145.42,145.50,145.42,145.49,2502
IBM,2016-04-29,13:55:00,145.48,145.55,145.47,145.53,7619
IBM,2016-04-29,13:56:00,145.53,145.53,145.46,145.48,5093
IBM,2016-04-29,13:57:00,145.47,145.49,145.47,145.48,1200
IBM,2016-04-29,13:58:00,145.48,145.51,145.48,145.48,41873
IBM,2016-04-29,13:59:00,145.46,145.46,145.40,145.40,11900
IBM,2016-04-29,14:00:00,145.40,145.41,145.38,145.39,10819
IBM,2016-04-29,14:01:00,145.38,145.49,145.38,145.48,5939
IBM,2016-04-29,14:02:00,145.48,145.56,145.48,145.52,7666
IBM,2016-04-29,14:03:00,145.51,145.52,145.48,145.52,3240
IBM,2016-04-29,14:04:00,145.51,145.69,145.50,145.67,19509
IBM,2016-04-29,14:05:00,145.66,145.70,145.62,145.70,6477
IBM,2016-04-29,14:06:00,145.69,145.70,145.67,145.70,4500
IBM,2016-04-29,14:07:00,145.68,145.68,145.59,145.63,8400
IBM,2016-04-29,14:08:00,145.62,145.62,145.52,145.52,3074
IBM,2016-04-29,14:09:00,145.52,145.57,145.47,145.53,10401
IBM,2016-04-29,14:10:00,145.52,145.62,145.51,145.57,10902
IBM,2016-04-29,14:11:00,145.57,145.64,145.57,145.64,4960
IBM,2016-04-29,14:12:00,145.62,145.63,145.51,145.52,5272
IBM,2016-04-29,14:13:00,145.52,145.54,145.49,145.54,2312
IBM,2016-04-29,14:14:00,145.52,145.56,145.51,145.51,3029
IBM,2016-04-29,14:15:00,145.49,145.59,145.49,145.55,5632
IBM,2016-04-29,14:16:00,145.55,145.55,145.41,145.45,5944
IBM,2016-04-29,14:17:00,145.43,145.44,145.37,145.39,1937
IBM,2016-04-29,14:18:00,145.36,145.39,145.34,145.38,4598
IBM,2016-04-29,14:19:00,145.40,145.53,145.40,145.52,6595
IBM,2016-04-29,14:20:00,145.51,145.58,145.51,145.54,2900
IBM,2016-04-29,14:21:00,145.55,145.55,145.50,145.50,1700
IBM,2016-04-29,14:22:00,145.52,145.56,145.50,145.53,3779
IBM,2016-04-29,14:23:00,145.52,145.62,145.52,145.59,4745
IBM,2016-04-29,14:24:00,145.62,145.63,145.59,145.60,2261
IBM,2016-04-29,14:25:00,145.60,145.66,145.58,145.58,3042
IBM,2016-04-29,14:26:00,145.58,145.60,145.54,145.56,4027
IBM,2016-04-29,14:27:00,145.57,145.61,145.55,145.56,3775
IBM,2016-04-29,14:28:00,145.56,145.71,145.55,145.71,5938
IBM,2016-04-29,14:29:00,145.72,145.82,145.69,145.70,7197
IBM,2016-04-29,14:30:00,145.71,145.79,145.71,145.74,5660
IBM,2016-04-29,14:31:00,145.72,145.74,145.67,145.74,4855
IBM,2016-04-29,14:32:00,145.73,145.75,145.65,145.65,4401
IBM,2016-04-29,14:33:00,145.64,145.68,145.62,145.64,4744
IBM,2016-04-29,14:34:00,145.66,145.68,145.56,145.63,5186
IBM,2016-04-29,14:35:00,145.62,145.65,145.60,145.63,5545
IBM,2016-04-29,14:36:00,145.61,145.61,145.56,145.56,2705
IBM,2016-04-29,14:37:00,145.53,145.55,145.49,145.50,4200
IBM,2016-04-29,14:38:00,145.49,145.55,145.48,145.54,5350
IBM,2016-04-29,14:39:00,145.56,145.60,145.53,145.58,4355
IBM,2016-04-29,14:40:00,145.59,145.63,145.57,145.58,5639
IBM,2016-04-29,14:41:00,145.58,145.64,145.57,145.63,5355
IBM,2016-04-29,14:42:00,145.63,145.67,145.63,145.64,3808
IBM,2016-04-29,14:43:00,145.64,145.66,145.61,145.64,4564
IBM,2016-04-29,14:44:00,145.60,145.63,145.56,145.59,3577
IBM,2016-04-29,14:45:00,145.59,145.65,145.57,145.63,4508
IBM,2016-04-29,14:46:00,145.64,145.73,145.62,145.70,7480
IBM,2016-04-29,14:47:00,145.71,145.71,145.65,145.67,2650
IBM,2016-04-29,14:48:00,145.66,145.79,145.66,145.79,7116
IBM,2016-04-29,14:49:00,145.81,145.81,145.76,145.80,4957
IBM,2016-04-29,14:50:00,145.80,145.85,145.78,145.82,12100
IBM,2016-04-29,14:51:00,145.81,145.83,145.74,145.74,5033
IBM,2016-04-29,14:52:00,145.73,145.75,145.69,145.70,5679
IBM,2016-04-29,14:53:00,145.70,145.71,145.61,145.64,4306
IBM,2016-04-29,14:54:00,145.64,145.71,145.62,145.70,5385
IBM,2016-04-29,14:55:00,145.70,145.79,145.67,145.79,10737
IBM,2016-04-29,14:56:00,145.79,145.89,145.79,145.88,13470
IBM,2016-04-29,14:57:00,145.88,145.88,145.78,145.78,8404
IBM,2016-04-29,14:58:00,145.79,145.81,145.69,145.70,10702
IBM,2016-04-29,14:59:00,145.69,145.76,145.69,145.73,6619
IBM,2016-04-29,15:00:00,145.73,145.73,145.68,145.69,12193
IBM,2016-04-29,15:01:00,145.69,145.73,145.66,145.72,17090
IBM,2016-04-29,15:02:00,145.73,145.79,145.71,145.79,7538
IBM,2016-04-29,15:03:00,145.80,145.83,145.73,145.74,7196
IBM,2016-04-29,15:04:00,145.74,145.74,145.67,145.67,2709
IBM,2016-04-29,15:05:00,145.67,145.69,145.64,145.65,3300
IBM,2016-04-29,15:06:00,145.65,145.65,145.58,145.63,4671
IBM,2016-04-29,15:07:00,145.65,145.75,145.65,145.75,3607
IBM,2016-04-29,15:08:00,145.75,145.76,145.71,145.75,5043
IBM,2016-04-29,15:09:00,145.78,145.84,145.75,145.75,13286
IBM,2016-04-29,15:10:00,145.74,145.74,145.63,145.63,4763
IBM,2016-04-29,15:11:00,145.63,145.65,145.59,145.64,16730
IBM,2016-04-29,15:12:00,145.64,145.81,145.63,145.81,9759
IBM,2016-04-29,15:13:00,145.79,145.85,145.76,145.80,5918
IBM,2016-04-29,15:14:00,145.80,145.87,145.80,145.85,4194
IBM,2016-04-29,15:15:00,145.83,145.87,145.80,145.81,5644
IBM,2016-04-29,15:16:00,145.81,145.86,145.80,145.86,4942
IBM,2016-04-29,15:17:00,145.84,145.85,145.76,145.79,7348
IBM,2016-04-29,15:18:00,145.80,145.81,145.72,145.75,3775
IBM,2016-04-29,15:19:00,145.74,145.81,145.73,145.73,4900
IBM,2016-04-29,15:20:00,145.75,145.77,145.74,145.75,2500
IBM,2016-04-29,15:21:00,145.75,145.78,145.67,145.69,9025
IBM,2016-04-29,15:22:00,145.69,145.69,145.65,145.68,4165
IBM,2016-04-29,15:23:00,145.66,145.74,145.66,145.73,4878
IBM,2016-04-29,15:24:00,145.74,145.81,145.73,145.74,8757
IBM,2016-04-29,15:25:00,145.74,145.75,145.66,145.67,6110
IBM,2016-04-29,15:26:00,145.69,145.70,145.66,145.70,6178
IBM,2016-04-29,15:27:00,145.69,145.75,145.69,145.69,5600
IBM,2016-04-29,15:28:00,145.68,145.71,145.62,145.69,5426
IBM,2016-04-29,15:29:00,145.69,145.69,145.53,145.55,4700
IBM,2016-04-29,15:30:00,145.55,145.59,145.54,145.59,6900
IBM,2016-04-29,15:31:00,145.60,145.72,145.59,145.72,6544
IBM,2016-04-29,15:32:00,145.74,145.78,145.68,145.75,5625
IBM,2016-04-29,15:33:00,145.74,145.91,145.74,145.90,12339
IBM,2016-04-29,15:34:00,145.90,145.99,145.86,145.88,9678
IBM,2016-04-29,15:35:00,145.87,145.97,145.87,145.96,7022
IBM,2016-04-29,15:36:00,145.99,146.00,145.91,145.93,5000
IBM,2016-04-29,15:37:00,145.95,145.98,145.88,145.88,4650
IBM,2016-04-29,15:38:00,145.86,145.93,145.84,145.84,6066
IBM,2016-04-29,15:39:00,145.85,145.91,145.80,145.84,7595
IBM,2016-04-29,15:40:00,145.85,145.87,145.77,145.82,7517
IBM,2016-04-29,15:41:00,145.82,145.88,145.82,145.85,11260
IBM,2016-04-29,15:42:00,145.83,145.87,145.80,145.85,5305
IBM,2016-04-29,15:43:00,145.86,145.93,145.86,145.91,6486
IBM,2016-04-29,15:44:00,145.91,145.91,145.80,145.86,15700
IBM,2016-04-29,15:45:00,145.85,145.97,145.83,145.95,16883
IBM,2016-04-29,15:46:00,145.94,146.23,145.93,146.23,23188
IBM,2016-04-29,15:47:00,146.25,146.29,146.19,146.28,9956
IBM,2016-04-29,15:48:00,146.24,146.24,146.12,146.14,6497
IBM,2016-04-29,15:49:00,146.13,146.13,145.96,145.96,9064
IBM,2016-04-29,15:50:00,145.96,145.99,145.85,145.87,10786
IBM,2016-04-29,15:51:00,145.86,145.94,145.85,145.89,20217
IBM,2016-04-29,15:52:00,145.91,145.98,145.89,145.96,13855
IBM,2016-04-29,15:53:00,145.97,145.99,145.90,145.92,8794
IBM,2016-04-29,15:54:00,145.92,145.92,145.81,145.85,10133
IBM,2016-04-29,15:55:00,145.84,146.01,145.84,146.01,13652
IBM,2016-04-29,15:56:00,146.01,146.05,145.95,145.95,23589
IBM,2016-04-29,15:57:00,145.95,145.95,145.87,145.90,11549
IBM,2016-04-29,15:58:00,145.91,145.95,145.84,145.88,13085
IBM,2016-04-29,15:59:00,145.88,145.95,145.82,145.94,19936
IBM,2016-04-29,16:00:00,145.94,146.06,145.89,145.95,73204
