JNJ,2016-04-28,09:30:00,112.10,112.10,112.07,112.10,700
JNJ,2016-04-28,09:31:00,112.10,112.13,111.92,111.98,7482
JNJ,2016-04-28,09:32:00,111.97,112.07,111.64,111.64,158028
JNJ,2016-04-28,09:33:00,111.73,112.19,111.73,112.19,12874
JNJ,2016-04-28,09:34:00,112.20,112.56,112.20,112.51,15476
JNJ,2016-04-28,09:35:00,112.50,112.56,112.43,112.44,15242
JNJ,2016-04-28,09:36:00,112.46,112.55,112.40,112.46,35550
JNJ,2016-04-28,09:37:00,112.46,112.50,112.40,112.41,6305
JNJ,2016-04-28,09:38:00,112.35,112.36,112.23,112.33,13492
JNJ,2016-04-28,09:39:00,112.33,112.37,112.28,112.30,33253
JNJ,2016-04-28,09:40:00,112.32,112.35,112.29,112.30,10531
JNJ,2016-04-28,09:41:00,112.30,112.32,112.18,112.18,12232
JNJ,2016-04-28,09:42:00,112.16,112.19,112.14,112.14,4832
JNJ,2016-04-28,09:43:00,112.14,112.29,112.14,112.27,21886
JNJ,2016-04-28,09:44:00,112.25,112.29,112.25,112.29,7824
JNJ,2016-04-28,09:45:00,112.28,112.34,112.26,112.31,5558
JNJ,2016-04-28,09:46:00,112.30,112.31,112.23,112.27,10266
JNJ,2016-04-28,09:47:00,112.28,112.42,112.26,112.40,12041
JNJ,2016-04-28,09:48:00,112.39,112.40,112.29,112.35,9100
JNJ,2016-04-28,09:49:00,112.36,112.41,112.31,112.39,15402
JNJ,2016-04-28,09:50:00,112.40,112.46,112.31,112.31,21655
JNJ,2016-04-28,09:51:00,112.30,112.45,112.30,112.40,20509
JNJ,2016-04-28,09:52:00,112.41,112.51,112.34,112.45,20182
JNJ,2016-04-28,09:53:00,112.45,112.47,112.38,112.38,11240
JNJ,2016-04-28,09:54:00,112.37,112.39,112.34,112.34,7907
JNJ,2016-04-28,09:55:00,112.35,112.39,112.35,112.35,10902
JNJ,2016-04-28,09:56:00,112.35,112.40,112.35,112.38,6660
JNJ,2016-04-28,09:57:00,112.38,112.42,112.36,112.37,10914
JNJ,2016-04-28,09:58:00,112.37,112.43,112.36,112.40,10308
JNJ,2016-04-28,09:59:00,112.42,112.43,112.36,112.38,8047
JNJ,2016-04-28,10:00:00,112.38,112.40,112.33,112.34,11117
JNJ,2016-04-28,10:01:00,112.34,112.38,112.34,112.35,12222
JNJ,2016-04-28,10:02:00,112.33,112.40,112.33,112.39,14659
JNJ,2016-04-28,10:03:00,112.39,112.40,112.38,112.39,23522
JNJ,2016-04-28,10:04:00,112.39,112.40,112.37,112.39,11427
JNJ,2016-04-28,10:05:00,112.38,112.40,112.36,112.38,11352
JNJ,2016-04-28,10:06:00,112.39,112.49,112.38,112.49,25555
JNJ,2016-04-28,10:07:00,112.48,112.50,112.45,112.48,12642
JNJ,2016-04-28,10:08:00,112.48,112.55,112.48,112.51,30890
JNJ,2016-04-28,10:09:00,112.51,112.53,112.48,112.49,16048
JNJ,2016-04-28,10:10:00,112.49,112.52,112.47,112.48,28496
JNJ,2016-04-28,10:11:00,112.48,112.49,112.46,112.47,16480
JNJ,2016-04-28,10:12:00,112.47,112.52,112.46,112.47,16404
JNJ,2016-04-28,10:13:00,112.47,112.50,112.46,112.47,16003
JNJ,2016-04-28,10:14:00,112.47,112.47,112.42,112.47,16397
JNJ,2016-04-28,10:15:00,112.47,112.57,112.47,112.55,7937
JNJ,2016-04-28,10:16:00,112.53,112.53,112.41,112.42,6747
JNJ,2016-04-28,10:17:00,112.42,112.42,112.36,112.41,8308
JNJ,2016-04-28,10:18:00,112.41,112.46,112.39,112.41,10211
JNJ,2016-04-28,10:19:00,112.41,112.44,112.40,112.44,11598
JNJ,2016-04-28,10:20:00,112.44,112.45,112.36,112.38,17814
JNJ,2016-04-28,10:21:00,112.36,112.38,112.35,112.35,9430
JNJ,2016-04-28,10:22:00,112.36,112.36,112.32,112.33,7803
JNJ,2016-04-28,10:23:00,112.32,112.33,112.27,112.27,13130
JNJ,2016-04-28,10:24:00,112.27,112.28,112.26,112.26,7538
JNJ,2016-04-28,10:25:00,112.27,112.30,112.24,112.24,16355
JNJ,2016-04-28,10:26:00,112.25,112.25,112.18,112.22,9364
JNJ,2016-04-28,10:27:00,112.22,112.23,112.20,112.20,9027
JNJ,2016-04-28,10:28:00,112.20,112.24,112.20,112.24,6499
JNJ,2016-04-28,10:29:00,112.23,112.23,112.18,112.18,6154
JNJ,2016-04-28,10:30:00,112.18,112.26,112.17,112.26,9765
JNJ,2016-04-28,10:31:00,112.27,112.29,112.19,112.20,39535
JNJ,2016-04-28,10:32:00,112.20,112.31,112.20,112.30,27253
JNJ,2016-04-28,10:33:00,112.30,112.34,112.25,112.28,12372
JNJ,2016-04-28,10:34:00,112.28,112.29,112.17,112.22,25534
JNJ,2016-04-28,10:35:00,112.24,112.27,112.23,112.27,6940
JNJ,2016-04-28,10:36:00,112.27,112.29,112.22,112.29,10429
JNJ,2016-04-28,10:37:00,112.28,112.43,112.27,112.43,10320
JNJ,2016-04-28,10:38:00,112.44,112.45,112.35,112.35,25735
JNJ,2016-04-28,10:39:00,112.35,112.36,112.30,112.33,13453
JNJ,2016-04-28,10:40:00,112.34,112.37,112.30,112.37,18782
JNJ,2016-04-28,10:41:00,112.38,112.38,112.32,112.35,21324
JNJ,2016-04-28,10:42:00,112.34,112.34,112.30,112.31,10577
JNJ,2016-04-28,10:43:00,112.31,112.34,112.30,112.30,5440
JNJ,2016-04-28,10:44:00,112.30,112.33,112.25,112.26,13370
JNJ,2016-04-28,10:45:00,112.25,112.30,112.21,112.30,20709
JNJ,2016-04-28,10:46:00,112.30,112.33,112.27,112.28,15910
JNJ,2016-04-28,10:47:00,112.28,112.30,112.24,112.24,40237
JNJ,2016-04-28,10:48:00,112.25,112.28,112.24,112.27,10585
JNJ,2016-04-28,10:49:00,112.26,112.28,112.22,112.22,17096
JNJ,2016-04-28,10:50:00,112.23,112.25,112.22,112.25,17744
JNJ,2016-04-28,10:51:00,112.24,112.26,112.22,112.25,10096
JNJ,2016-04-28,10:52:00,112.25,112.26,112.22,112.24,9725
JNJ,2016-04-28,10:53:00,112.22,112.24,112.17,112.17,19432
JNJ,2016-04-28,10:54:00,112.17,112.18,112.16,112.18,8196
JNJ,2016-04-28,10:55:00,112.17,112.23,112.17,112.22,13856
JNJ,2016-04-28,10:56:00,112.22,112.24,112.17,112.19,44909
JNJ,2016-04-28,10:57:00,112.20,112.21,112.17,112.17,12917
JNJ,2016-04-28,10:58:00,112.17,112.20,112.17,112.18,17857
JNJ,2016-04-28,10:59:00,112.17,112.17,112.13,112.16,14419
JNJ,2016-04-28,11:00:00,112.16,112.18,112.15,112.17,16140
JNJ,2016-04-28,11:01:00,112.17,112.23,112.17,112.23,21513
JNJ,2016-04-28,11:02:00,112.22,112.30,112.22,112.29,12742
JNJ,2016-04-28,11:03:00,112.29,112.30,112.28,112.29,9862
JNJ,2016-04-28,11:04:00,112.28,112.30,112.28,112.30,11760
JNJ,2016-04-28,11:05:00,112.30,112.33,112.30,112.31,10501
JNJ,2016-04-28,11:06:00,112.31,112.38,112.28,112.38,16337
JNJ,2016-04-28,11:07:00,112.38,112.40,112.37,112.39,8463
JNJ,2016-04-28,11:08:00,112.39,112.40,112.38,112.39,9299
JNJ,2016-04-28,11:09:00,112.39,112.39,112.36,112.37,9823
JNJ,2016-04-28,11:10:00,112.36,112.38,112.33,112.33,13748
JNJ,2016-04-28,11:11:00,112.32,112.35,112.31,112.35,12423
JNJ,2016-04-28,11:12:00,112.35,112.38,112.34,112.36,13489
JNJ,2016-04-28,11:13:00,112.37,112.38,112.34,112.34,11477
JNJ,2016-04-28,11:14:00,112.34,112.37,112.34,112.37,7400
JNJ,2016-04-28,11:15:00,112.37,112.48,112.37,112.48,17087
JNJ,2016-04-28,11:16:00,112.48,112.52,112.46,112.47,12469
JNJ,2016-04-28,11:17:00,112.46,112.47,112.46,112.47,2615
JNJ,2016-04-28,11:18:00,112.47,112.56,112.46,112.56,17690
JNJ,2016-04-28,11:19:00,112.57,112.57,112.55,112.56,8568
JNJ,2016-04-28,11:20:00,112.56,112.57,112.54,112.55,18645
JNJ,2016-04-28,11:21:00,112.56,112.56,112.50,112.55,26802
JNJ,2016-04-28,11:22:00,112.56,112.57,112.53,112.55,11817
JNJ,2016-04-28,11:23:00,112.54,112.56,112.53,112.56,10830
JNJ,2016-04-28,11:24:00,112.55,112.55,112.52,112.52,8604
JNJ,2016-04-28,11:25:00,112.52,112.54,112.52,112.53,7827
JNJ,2016-04-28,11:26:00,112.53,112.56,112.53,112.55,23078
JNJ,2016-04-28,11:27:00,112.55,112.56,112.52,112.52,9527
JNJ,2016-04-28,11:28:00,112.52,112.53,112.51,112.53,12854
JNJ,2016-04-28,11:29:00,112.53,112.54,112.50,112.50,9119
JNJ,2016-04-28,11:30:00,112.50,112.52,112.50,112.50,7027
JNJ,2016-04-28,11:31:00,112.50,112.52,112.49,112.51,15364
JNJ,2016-04-28,11:32:00,112.52,112.55,112.50,112.55,26360
JNJ,2016-04-28,11:33:00,112.55,112.56,112.53,112.53,18460
JNJ,2016-04-28,11:34:00,112.53,112.55,112.53,112.54,8088
JNJ,2016-04-28,11:35:00,112.55,112.58,112.52,112.56,23718
JNJ,2016-04-28,11:36:00,112.57,112.69,112.56,112.67,22801
JNJ,2016-04-28,11:37:00,112.66,112.67,112.61,112.61,13966
JNJ,2016-04-28,11:38:00,112.62,112.63,112.60,112.61,19356
JNJ,2016-04-28,11:39:00,112.61,112.62,112.60,112.61,17728
JNJ,2016-04-28,11:40:00,112.61,112.63,112.59,112.61,16037
JNJ,2016-04-28,11:41:00,112.61,112.62,112.61,112.61,8000
JNJ,2016-04-28,11:42:00,112.61,112.62,112.59,112.60,11018
JNJ,2016-04-28,11:43:00,112.60,112.61,112.59,112.59,10401
JNJ,2016-04-28,11:44:00,112.59,112.61,112.57,112.57,13336
JNJ,2016-04-28,11:45:00,112.57,112.58,112.55,112.56,19838
JNJ,2016-04-28,11:46:00,112.56,112.57,112.56,112.56,6932
JNJ,2016-04-28,11:47:00,112.55,112.56,112.52,112.53,10903
JNJ,2016-04-28,11:48:00,112.53,112.53,112.48,112.49,12297
JNJ,2016-04-28,11:49:00,112.48,112.49,112.48,112.49,5850
JNJ,2016-04-28,11:50:00,112.49,112.50,112.42,112.42,7940
JNJ,2016-04-28,11:51:00,112.42,112.44,112.41,112.42,23719
JNJ,2016-04-28,11:52:00,112.42,112.43,112.41,112.42,7518
JNJ,2016-04-28,11:53:00,112.41,112.42,112.39,112.39,11081
JNJ,2016-04-28,11:54:00,112.39,112.41,112.38,112.39,11666
JNJ,2016-04-28,11:55:00,112.39,112.39,112.36,112.37,11854
JNJ,2016-04-28,11:56:00,112.36,112.36,112.31,112.35,11608
JNJ,2016-04-28,11:57:00,112.36,112.36,112.34,112.34,2227
JNJ,2016-04-28,11:58:00,112.34,112.36,112.34,112.35,4058
JNJ,2016-04-28,11:59:00,112.35,112.39,112.35,112.38,7697
JNJ,2016-04-28,12:00:00,112.39,112.39,112.34,112.34,8230
JNJ,2016-04-28,12:01:00,112.35,112.39,112.35,112.39,5030
JNJ,2016-04-28,12:02:00,112.38,112.42,112.38,112.42,5540
JNJ,2016-04-28,12:03:00,112.41,112.42,112.40,112.40,4284
JNJ,2016-04-28,12:04:00,112.42,112.42,112.38,112.39,15092
JNJ,2016-04-28,12:05:00,112.39,112.40,112.38,112.39,5399
JNJ,2016-04-28,12:06:00,112.39,112.41,112.37,112.41,8165
JNJ,2016-04-28,12:07:00,112.41,112.41,112.37,112.39,11660
JNJ,2016-04-28,12:08:00,112.39,112.39,112.37,112.38,7249
JNJ,2016-04-28,12:09:00,112.37,112.37,112.34,112.34,4444
JNJ,2016-04-28,12:10:00,112.33,112.37,112.33,112.37,7367
JNJ,2016-04-28,12:11:00,112.38,112.39,112.36,112.36,7682
JNJ,2016-04-28,12:12:00,112.37,112.39,112.35,112.36,4653
JNJ,2016-04-28,12:13:00,112.36,112.40,112.36,112.40,6456
JNJ,2016-04-28,12:14:00,112.40,112.40,112.36,112.38,17243
JNJ,2016-04-28,12:15:00,112.38,112.38,112.37,112.37,2898
JNJ,2016-04-28,12:16:00,112.37,112.41,112.37,112.41,13262
JNJ,2016-04-28,12:17:00,112.41,112.45,112.41,112.44,4865
JNJ,2016-04-28,12:18:00,112.44,112.44,112.42,112.43,6783
JNJ,2016-04-28,12:19:00,112.44,112.45,112.41,112.41,4672
JNJ,2016-04-28,12:20:00,112.40,112.41,112.39,112.39,4068
JNJ,2016-04-28,12:21:00,112.39,112.42,112.39,112.41,7669
JNJ,2016-04-28,12:22:00,112.42,112.42,112.39,112.39,9075
JNJ,2016-04-28,12:23:00,112.39,112.39,112.37,112.39,5621
JNJ,2016-04-28,12:24:00,112.38,112.39,112.38,112.39,2172
JNJ,2016-04-28,12:25:00,112.39,112.40,112.38,112.39,7182
JNJ,2016-04-28,12:26:00,112.39,112.42,112.38,112.42,2930
JNJ,2016-04-28,12:27:00,112.41,112.42,112.40,112.42,3714
JNJ,2016-04-28,12:28:00,112.42,112.42,112.41,112.42,2977
JNJ,2016-04-28,12:29:00,112.42,112.43,112.41,112.42,8506
JNJ,2016-04-28,12:30:00,112.41,112.41,112.37,112.38,5513
JNJ,2016-04-28,12:31:00,112.38,112.39,112.37,112.37,4636
JNJ,2016-04-28,12:32:00,112.37,112.37,112.33,112.34,4017
JNJ,2016-04-28,12:33:00,112.33,112.37,112.33,112.37,3526
JNJ,2016-04-28,12:34:00,112.37,112.42,112.36,112.41,1825
JNJ,2016-04-28,12:35:00,112.42,112.44,112.41,112.44,3655
JNJ,2016-04-28,12:36:00,112.43,112.44,112.42,112.43,4321
JNJ,2016-04-28,12:37:00,112.43,112.45,112.43,112.44,13632
JNJ,2016-04-28,12:38:00,112.45,112.45,112.40,112.41,7235
JNJ,2016-04-28,12:39:00,112.41,112.43,112.41,112.42,5590
JNJ,2016-04-28,12:40:00,112.42,112.43,112.41,112.41,20205
JNJ,2016-04-28,12:41:00,112.41,112.43,112.40,112.42,12470
JNJ,2016-04-28,12:42:00,112.42,112.43,112.41,112.42,9254
JNJ,2016-04-28,12:43:00,112.42,112.44,112.40,112.42,13327
JNJ,2016-04-28,12:44:00,112.42,112.43,112.41,112.42,9351
JNJ,2016-04-28,12:45:00,112.42,112.43,112.41,112.42,8545
JNJ,2016-04-28,12:46:00,112.42,112.43,112.42,112.42,6811
JNJ,2016-04-28,12:47:00,112.42,112.50,112.42,112.49,14140
JNJ,2016-04-28,12:48:00,112.49,112.52,112.48,112.50,11455
JNJ,2016-04-28,12:49:00,112.50,112.51,112.48,112.49,5866
JNJ,2016-04-28,12:50:00,112.49,112.50,112.49,112.50,7603
JNJ,2016-04-28,12:51:00,112.49,112.50,112.48,112.50,8121
JNJ,2016-04-28,12:52:00,112.49,112.50,112.49,112.50,10332
JNJ,2016-04-28,12:53:00,112.50,112.52,112.49,112.51,5424
JNJ,2016-04-28,12:54:00,112.51,112.53,112.51,112.51,8735
JNJ,2016-04-28,12:55:00,112.52,112.54,112.49,112.54,8337
JNJ,2016-04-28,12:56:00,112.54,112.57,112.54,112.56,8299
JNJ,2016-04-28,12:57:00,112.56,112.57,112.54,112.54,14838
JNJ,2016-04-28,12:58:00,112.54,112.58,112.54,112.56,9300
JNJ,2016-04-28,12:59:00,112.56,112.57,112.56,112.56,3644
JNJ,2016-04-28,13:00:00,112.56,112.60,112.56,112.60,5691
JNJ,2016-04-28,13:01:00,112.61,112.64,112.61,112.62,5525
JNJ,2016-04-28,13:02:00,112.62,112.63,112.62,112.62,2650
JNJ,2016-04-28,13:03:00,112.63,112.69,112.63,112.67,8081
JNJ,2016-04-28,13:04:00,112.68,112.68,112.60,112.60,8269
JNJ,2016-04-28,13:05:00,112.60,112.61,112.58,112.59,7014
JNJ,2016-04-28,13:06:00,112.59,112.60,112.57,112.60,2906
JNJ,2016-04-28,13:07:00,112.59,112.61,112.59,112.60,5057
JNJ,2016-04-28,13:08:00,112.59,112.63,112.59,112.62,4107
JNJ,2016-04-28,13:09:00,112.63,112.66,112.61,112.65,6317
JNJ,2016-04-28,13:10:00,112.65,112.66,112.62,112.62,7100
JNJ,2016-04-28,13:11:00,112.62,112.62,112.56,112.57,9140
JNJ,2016-04-28,13:12:00,112.57,112.58,112.54,112.55,6407
JNJ,2016-04-28,13:13:00,112.55,112.56,112.53,112.53,6794
JNJ,2016-04-28,13:14:00,112.53,112.56,112.52,112.56,5228
JNJ,2016-04-28,13:15:00,112.56,112.59,112.55,112.58,4227
JNJ,2016-04-28,13:16:00,112.58,112.60,112.58,112.59,4471
JNJ,2016-04-28,13:17:00,112.59,112.60,112.58,112.59,4811
JNJ,2016-04-28,13:18:00,112.59,112.60,112.58,112.59,5571
JNJ,2016-04-28,13:19:00,112.59,112.60,112.59,112.59,5682
JNJ,2016-04-28,13:20:00,112.59,112.60,112.58,112.59,3300
JNJ,2016-04-28,13:21:00,112.58,112.62,112.57,112.61,9355
JNJ,2016-04-28,13:22:00,112.60,112.62,112.59,112.59,11324
JNJ,2016-04-28,13:23:00,112.58,112.59,112.57,112.58,3902
JNJ,2016-04-28,13:24:00,112.57,112.60,112.55,112.60,5117
JNJ,2016-04-28,13:25:00,112.60,112.62,112.59,112.60,10130
JNJ,2016-04-28,13:26:00,112.60,112.62,112.59,112.61,5671
JNJ,2016-04-28,13:27:00,112.62,112.65,112.61,112.63,6396
JNJ,2016-04-28,13:28:00,112.64,112.64,112.60,112.60,9489
JNJ,2016-04-28,13:29:00,112.60,112.63,112.60,112.63,4204
JNJ,2016-04-28,13:30:00,112.63,112.71,112.63,112.69,4999
JNJ,2016-04-28,13:31:00,112.69,112.69,112.64,112.65,8075
JNJ,2016-04-28,13:32:00,112.64,112.66,112.64,112.65,4311
JNJ,2016-04-28,13:33:00,112.66,112.66,112.63,112.65,4682
JNJ,2016-04-28,13:34:00,112.64,112.65,112.63,112.64,7651
JNJ,2016-04-28,13:35:00,112.63,112.69,112.63,112.68,8604
JNJ,2016-04-28,13:36:00,112.68,112.69,112.66,112.67,5986
JNJ,2016-04-28,13:37:00,112.67,112.67,112.61,112.62,6192
JNJ,2016-04-28,13:38:00,112.63,112.63,112.60,112.61,6530
JNJ,2016-04-28,13:39:00,112.61,112.66,112.60,112.65,10227
JNJ,2016-04-28,13:40:00,112.66,112.66,112.63,112.66,7610
JNJ,2016-04-28,13:41:00,112.66,112.66,112.60,112.60,9398
JNJ,2016-04-28,13:42:00,112.59,112.66,112.59,112.66,18340
JNJ,2016-04-28,13:43:00,112.66,112.67,112.62,112.62,8551
JNJ,2016-04-28,13:44:00,112.63,112.64,112.62,112.62,2634
JNJ,2016-04-28,13:45:00,112.61,112.62,112.61,112.61,3321
JNJ,2016-04-28,13:46:00,112.61,112.64,112.60,112.64,4580
JNJ,2016-04-28,13:47:00,112.64,112.66,112.63,112.63,6905
JNJ,2016-04-28,13:48:00,112.62,112.66,112.62,112.66,7949
JNJ,2016-04-28,13:49:00,112.66,112.67,112.65,112.65,3601
JNJ,2016-04-28,13:50:00,112.66,112.66,112.63,112.64,5351
JNJ,2016-04-28,13:51:00,112.65,112.66,112.64,112.66,10907
JNJ,2016-04-28,13:52:00,112.66,112.66,112.64,112.66,10954
JNJ,2016-04-28,13:53:00,112.66,112.67,112.64,112.64,11877
JNJ,2016-04-28,13:54:00,112.64,112.66,112.64,112.65,8114
JNJ,2016-04-28,13:55:00,112.64,112.64,112.63,112.64,4517
JNJ,2016-04-28,13:56:00,112.65,112.65,112.62,112.62,7734
JNJ,2016-04-28,13:57:00,112.62,112.63,112.61,112.63,5418
JNJ,2016-04-28,13:58:00,112.62,112.63,112.62,112.62,1600
JNJ,2016-04-28,13:59:00,112.62,112.63,112.59,112.59,5913
JNJ,2016-04-28,14:00:00,112.60,112.61,112.57,112.59,7281
JNJ,2016-04-28,14:01:00,112.58,112.59,112.54,112.56,5648
JNJ,2016-04-28,14:02:00,112.56,112.58,112.54,112.58,3892
JNJ,2016-04-28,14:03:00,112.58,112.65,112.58,112.63,3561
JNJ,2016-04-28,14:04:00,112.64,112.64,112.62,112.63,7407
JNJ,2016-04-28,14:05:00,112.64,112.64,112.59,112.60,3600
JNJ,2016-04-28,14:06:00,112.60,112.65,112.60,112.63,4839
JNJ,2016-04-28,14:07:00,112.63,112.65,112.62,112.63,7205
JNJ,2016-04-28,14:08:00,112.63,112.64,112.63,112.63,2637
JNJ,2016-04-28,14:09:00,112.63,112.63,112.59,112.59,3750
JNJ,2016-04-28,14:10:00,112.61,112.64,112.59,112.64,5597
JNJ,2016-04-28,14:11:00,112.65,112.66,112.62,112.63,7538
JNJ,2016-04-28,14:12:00,112.62,112.63,112.61,112.63,2622
JNJ,2016-04-28,14:13:00,112.62,112.63,112.61,112.61,7997
JNJ,2016-04-28,14:14:00,112.61,112.64,112.61,112.62,12498
JNJ,2016-04-28,14:15:00,112.62,112.64,112.60,112.64,6412
JNJ,2016-04-28,14:16:00,112.63,112.64,112.61,112.61,11557
JNJ,2016-04-28,14:17:00,112.62,112.62,112.59,112.61,8891
JNJ,2016-04-28,14:18:00,112.61,112.65,112.60,112.64,3440
JNJ,2016-04-28,14:19:00,112.64,112.65,112.64,112.64,3479
JNJ,2016-04-28,14:20:00,112.65,112.65,112.61,112.61,5467
JNJ,2016-04-28,14:21:00,112.61,112.61,112.56,112.56,5810
JNJ,2016-04-28,14:22:00,112.58,112.64,112.56,112.61,13836
JNJ,2016-04-28,14:23:00,112.61,112.61,112.58,112.58,3257
JNJ,2016-04-28,14:24:00,112.58,112.63,112.57,112.63,11209
JNJ,2016-04-28,14:25:00,112.62,112.67,112.62,112.65,11873
JNJ,2016-04-28,14:26:00,112.66,112.66,112.61,112.61,7061
JNJ,2016-04-28,14:27:00,112.62,112.65,112.62,112.64,14572
JNJ,2016-04-28,14:28:00,112.64,112.65,112.63,112.63,1788
JNJ,2016-04-28,14:29:00,112.64,112.65,112.63,112.64,5925
JNJ,2016-04-28,14:30:00,112.64,112.65,112.63,112.65,6210
JNJ,2016-04-28,14:31:00,112.65,112.65,112.64,112.64,3228
JNJ,2016-04-28,14:32:00,112.64,112.65,112.63,112.63,7672
JNJ,2016-04-28,14:33:00,112.63,112.63,112.59,112.62,5274
JNJ,2016-04-28,14:34:00,112.61,112.62,112.58,112.58,4772
JNJ,2016-04-28,14:35:00,112.58,112.58,112.58,112.58,2514
JNJ,2016-04-28,14:36:00,112.58,112.59,112.58,112.58,2941
JNJ,2016-04-28,14:37:00,112.58,112.58,112.54,112.54,9808
JNJ,2016-04-28,14:38:00,112.55,112.55,112.47,112.47,20047
JNJ,2016-04-28,14:39:00,112.47,112.47,112.45,112.46,9579
JNJ,2016-04-28,14:40:00,112.46,112.47,112.45,112.47,3800
JNJ,2016-04-28,14:41:00,112.47,112.50,112.46,112.50,6896
JNJ,2016-04-28,14:42:00,112.49,112.51,112.48,112.49,8806
JNJ,2016-04-28,14:43:00,112.51,112.54,112.50,112.54,19805
JNJ,2016-04-28,14:44:00,112.54,112.56,112.54,112.54,9493
JNJ,2016-04-28,14:45:00,112.55,112.56,112.54,112.55,3440
JNJ,2016-04-28,14:46:00,112.54,112.54,112.45,112.47,14654
JNJ,2016-04-28,14:47:00,112.46,112.47,112.44,112.44,5425
JNJ,2016-04-28,14:48:00,112.44,112.49,112.43,112.48,6820
JNJ,2016-04-28,14:49:00,112.48,112.50,112.46,112.48,9527
JNJ,2016-04-28,14:50:00,112.48,112.48,112.45,112.45,2643
JNJ,2016-04-28,14:51:00,112.45,112.48,112.45,112.47,4926
JNJ,2016-04-28,14:52:00,112.50,112.50,112.47,112.47,9153
JNJ,2016-04-28,14:53:00,112.47,112.49,112.47,112.49,7141
JNJ,2016-04-28,14:54:00,112.49,112.52,112.48,112.50,12434
JNJ,2016-04-28,14:55:00,112.49,112.52,112.48,112.50,22282
JNJ,2016-04-28,14:56:00,112.48,112.49,112.47,112.49,6644
JNJ,2016-04-28,14:57:00,112.49,112.51,112.45,112.50,12868
JNJ,2016-04-28,14:58:00,112.50,112.56,112.50,112.55,7588
JNJ,2016-04-28,14:59:00,112.55,112.55,112.53,112.53,5226
JNJ,2016-04-28,15:00:00,112.53,112.55,112.53,112.54,7304
JNJ,2016-04-28,15:01:00,112.54,112.55,112.53,112.53,9034
JNJ,2016-04-28,15:02:00,112.53,112.54,112.48,112.48,7610
JNJ,2016-04-28,15:03:00,112.47,112.50,112.47,112.49,9747
JNJ,2016-04-28,15:04:00,112.50,112.55,112.50,112.52,7754
JNJ,2016-04-28,15:05:00,112.52,112.52,112.45,112.52,12948
JNJ,2016-04-28,15:06:00,112.54,112.56,112.49,112.49,4449
JNJ,2016-04-28,15:07:00,112.50,112.51,112.41,112.43,18172
JNJ,2016-04-28,15:08:00,112.42,112.46,112.42,112.45,11204
JNJ,2016-04-28,15:09:00,112.45,112.46,112.43,112.43,6875
JNJ,2016-04-28,15:10:00,112.44,112.46,112.42,112.44,15262
JNJ,2016-04-28,15:11:00,112.43,112.45,112.41,112.45,17012
JNJ,2016-04-28,15:12:00,112.45,112.45,112.39,112.44,21273
JNJ,2016-04-28,15:13:00,112.44,112.44,112.35,112.40,8541
JNJ,2016-04-28,15:14:00,112.40,112.41,112.30,112.32,10571
JNJ,2016-04-28,15:15:00,112.32,112.35,112.25,112.29,13638
JNJ,2016-04-28,15:16:00,112.28,112.33,112.25,112.29,20874
JNJ,2016-04-28,15:17:00,112.29,112.30,112.23,112.23,20716
JNJ,2016-04-28,15:18:00,112.22,112.29,112.22,112.27,9441
JNJ,2016-04-28,15:19:00,112.28,112.28,112.18,112.20,22754
JNJ,2016-04-28,15:20:00,112.19,112.22,112.19,112.20,10380
JNJ,2016-04-28,15:21:00,112.20,112.29,112.19,112.25,31511
JNJ,2016-04-28,15:22:00,112.26,112.29,112.24,112.29,24207
JNJ,2016-04-28,15:23:00,112.29,112.29,112.22,112.25,60318
JNJ,2016-04-28,15:24:00,112.26,112.29,112.25,112.25,15220
JNJ,2016-04-28,15:25:00,112.26,112.28,112.25,112.28,14229
JNJ,2016-04-28,15:26:00,112.27,112.28,112.21,112.25,97785
JNJ,2016-04-28,15:27:00,112.26,112.28,112.25,112.26,17041
JNJ,2016-04-28,15:28:00,112.26,112.30,112.25,112.28,28291
JNJ,2016-04-28,15:29:00,112.27,112.29,112.25,112.25,24018
JNJ,2016-04-28,15:30:00,112.25,112.27,112.24,112.26,63241
JNJ,2016-04-28,15:31:00,112.27,112.38,112.26,112.29,23660
JNJ,2016-04-28,15:32:00,112.29,112.35,112.28,112.32,10025
JNJ,2016-04-28,15:33:00,112.33,112.35,112.31,112.34,8507
JNJ,2016-04-28,15:34:00,112.33,112.33,112.27,112.31,28843
JNJ,2016-04-28,15:35:00,112.30,112.31,112.28,112.31,12399
JNJ,2016-04-28,15:36:00,112.31,112.34,112.29,112.33,18488
JNJ,2016-04-28,15:37:00,112.34,112.38,112.30,112.36,14543
JNJ,2016-04-28,15:38:00,112.36,112.36,112.22,112.29,116564
JNJ,2016-04-28,15:39:00,112.28,112.34,112.25,112.33,12678
JNJ,2016-04-28,15:40:00,112.32,112.34,112.29,112.30,12943
JNJ,2016-04-28,15:41:00,112.30,112.34,112.30,112.33,12239
JNJ,2016-04-28,15:42:00,112.33,112.38,112.30,112.34,30582
JNJ,2016-04-28,15:43:00,112.34,112.35,112.29,112.33,37999
JNJ,2016-04-28,15:44:00,112.33,112.34,112.30,112.32,21447
JNJ,2016-04-28,15:45:00,112.33,112.34,112.24,112.27,33756
JNJ,2016-04-28,15:46:00,112.27,112.30,112.25,112.28,27698
JNJ,2016-04-28,15:47:00,112.27,112.29,112.24,112.25,33085
JNJ,2016-04-28,15:48:00,112.25,112.35,112.25,112.27,19899
JNJ,2016-04-28,15:49:00,112.27,112.28,112.25,112.25,31916
JNJ,2016-04-28,15:50:00,112.25,112.27,112.20,112.21,42617
JNJ,2016-04-28,15:51:00,112.22,112.23,112.17,112.21,30370
JNJ,2016-04-28,15:52:00,112.21,112.22,112.17,112.21,16579
JNJ,2016-04-28,15:53:00,112.21,112.23,112.15,112.16,21155
JNJ,2016-04-28,15:54:00,112.16,112.17,112.11,112.12,32863
JNJ,2016-04-28,15:55:00,112.12,112.17,112.08,112.16,29584
JNJ,2016-04-28,15:56:00,112.15,112.22,112.12,112.16,37606
JNJ,2016-04-28,15:57:00,112.15,112.19,112.14,112.15,26188
JNJ,2016-04-28,15:58:00,112.14,112.23,112.12,112.20,42773
JNJ,2016-04-28,15:59:00,112.20,112.33,112.20,112.33,66672
JNJ,2016-04-28,16:00:00,112.33,112.50,112.33,112.48,148529
JNJ,2016-04-29,09:30:00,112.06,112.07,112.00,112.07,125434
JNJ,2016-04-29,09:31:00,112.15,112.19,111.98,112.04,13433
JNJ,2016-04-29,09:32:00,112.00,112.10,111.85,111.86,15326
JNJ,2016-04-29,09:33:00,111.93,111.97,111.79,111.95,13446
JNJ,2016-04-29,09:34:00,111.97,112.05,111.92,112.00,5696
JNJ,2016-04-29,09:35:00,112.05,112.17,111.98,112.17,7953
JNJ,2016-04-29,09:36:00,112.07,112.16,111.75,111.76,21233
JNJ,2016-04-29,09:37:00,111.75,111.83,111.59,111.74,26894
JNJ,2016-04-29,09:38:00,111.75,111.83,111.68,111.81,6322
JNJ,2016-04-29,09:39:00,111.79,111.93,111.79,111.93,900
JNJ,2016-04-29,09:40:00,111.87,111.97,111.85,111.93,11787
JNJ,2016-04-29,09:41:00,111.95,112.00,111.94,111.95,6769
JNJ,2016-04-29,09:42:00,111.97,111.99,111.80,111.82,7914
JNJ,2016-04-29,09:43:00,111.80,111.85,111.79,111.83,10036
JNJ,2016-04-29,09:44:00,111.85,111.85,111.77,111.78,10100
JNJ,2016-04-29,09:45:00,111.80,111.85,111.76,111.79,12137
JNJ,2016-04-29,09:46:00,111.78,111.97,111.77,111.90,16693
JNJ,2016-04-29,09:47:00,111.90,111.92,111.77,111.78,16525
JNJ,2016-04-29,09:48:00,111.78,111.84,111.77,111.84,10305
JNJ,2016-04-29,09:49:00,111.84,111.87,111.78,111.78,11345
JNJ,2016-04-29,09:50:00,111.80,111.80,111.76,111.76,11072
JNJ,2016-04-29,09:51:00,111.76,111.77,111.63,111.64,21536
JNJ,2016-04-29,09:52:00,111.63,111.66,111.55,111.63,18037
JNJ,2016-04-29,09:53:00,111.63,111.73,111.61,111.73,14631
JNJ,2016-04-29,09:54:00,111.74,111.75,111.70,111.74,8140
JNJ,2016-04-29,09:55:00,111.75,111.76,111.68,111.75,13857
JNJ,2016-04-29,09:56:00,111.72,111.72,111.65,111.65,14588
JNJ,2016-04-29,09:57:00,111.65,111.67,111.62,111.65,9527
JNJ,2016-04-29,09:58:00,111.68,111.72,111.63,111.72,14009
JNJ,2016-04-29,09:59:00,111.73,111.87,111.73,111.87,13968
JNJ,2016-04-29,10:00:00,111.86,111.87,111.78,111.84,11987
JNJ,2016-04-29,10:01:00,111.82,111.83,111.64,111.66,15245
JNJ,2016-04-29,10:02:00,111.64,111.72,111.63,111.63,16363
JNJ,2016-04-29,10:03:00,111.64,111.67,111.62,111.66,11149
JNJ,2016-04-29,10:04:00,111.66,111.68,111.62,111.62,9574
JNJ,2016-04-29,10:05:00,111.62,111.68,111.62,111.66,8543
JNJ,2016-04-29,10:06:00,111.68,111.77,111.66,111.77,15859
JNJ,2016-04-29,10:07:00,111.76,111.87,111.76,111.82,8282
JNJ,2016-04-29,10:08:00,111.81,111.84,111.77,111.83,13478
JNJ,2016-04-29,10:09:00,111.82,111.85,111.79,111.83,12140
JNJ,2016-04-29,10:10:00,111.83,111.91,111.83,111.89,13344
JNJ,2016-04-29,10:11:00,111.91,111.91,111.87,111.89,16091
JNJ,2016-04-29,10:12:00,111.90,111.91,111.84,111.86,25629
JNJ,2016-04-29,10:13:00,111.86,111.89,111.81,111.83,10697
JNJ,2016-04-29,10:14:00,111.82,111.94,111.82,111.92,15190
JNJ,2016-04-29,10:15:00,111.91,111.93,111.91,111.91,5970
JNJ,2016-04-29,10:16:00,111.91,111.92,111.83,111.88,8576
JNJ,2016-04-29,10:17:00,111.90,111.93,111.87,111.91,6580
JNJ,2016-04-29,10:18:00,111.91,111.95,111.90,111.92,8716
JNJ,2016-04-29,10:19:00,111.91,112.06,111.89,112.04,21964
JNJ,2016-04-29,10:20:00,112.04,112.09,112.03,112.07,19808
JNJ,2016-04-29,10:21:00,112.07,112.08,112.03,112.05,17910
JNJ,2016-04-29,10:22:00,112.06,112.11,112.03,112.04,12028
JNJ,2016-04-29,10:23:00,112.04,112.06,112.03,112.03,5308
JNJ,2016-04-29,10:24:00,112.04,112.09,112.04,112.07,7537
JNJ,2016-04-29,10:25:00,112.08,112.17,112.08,112.11,12041
JNJ,2016-04-29,10:26:00,112.12,112.12,112.09,112.10,4550
JNJ,2016-04-29,10:27:00,112.10,112.11,112.05,112.06,15724
JNJ,2016-04-29,10:28:00,112.06,112.08,112.05,112.08,6150
JNJ,2016-04-29,10:29:00,112.08,112.21,112.07,112.21,12981
JNJ,2016-04-29,10:30:00,112.22,112.22,112.15,112.15,11816
JNJ,2016-04-29,10:31:00,112.15,112.18,112.11,112.13,11373
JNJ,2016-04-29,10:32:00,112.13,112.13,112.08,112.08,9534
JNJ,2016-04-29,10:33:00,112.07,112.08,112.06,112.07,7325
JNJ,2016-04-29,10:34:00,112.07,112.07,111.93,111.93,27062
JNJ,2016-04-29,10:35:00,111.95,111.98,111.93,111.95,12088
JNJ,2016-04-29,10:36:00,111.96,111.98,111.95,111.96,28239
JNJ,2016-04-29,10:37:00,111.97,112.06,111.96,112.06,8696
JNJ,2016-04-29,10:38:00,112.06,112.09,112.02,112.03,11618
JNJ,2016-04-29,10:39:00,112.02,112.05,112.01,112.04,18594
JNJ,2016-04-29,10:40:00,112.04,112.04,111.99,112.02,7606
JNJ,2016-04-29,10:41:00,112.02,112.04,112.01,112.04,9441
JNJ,2016-04-29,10:42:00,112.02,112.03,111.94,111.94,12446
JNJ,2016-04-29,10:43:00,111.93,111.93,111.90,111.91,6141
JNJ,2016-04-29,10:44:00,111.92,111.93,111.89,111.92,10790
JNJ,2016-04-29,10:45:00,111.93,111.93,111.86,111.86,14187
JNJ,2016-04-29,10:46:00,111.85,111.85,111.81,111.83,10804
JNJ,2016-04-29,10:47:00,111.84,111.84,111.81,111.83,5700
JNJ,2016-04-29,10:48:00,111.82,111.83,111.75,111.75,17086
JNJ,2016-04-29,10:49:00,111.75,111.78,111.75,111.76,9560
JNJ,2016-04-29,10:50:00,111.76,111.77,111.74,111.77,5196
JNJ,2016-04-29,10:51:00,111.77,111.77,111.66,111.66,11000
JNJ,2016-04-29,10:52:00,111.66,111.72,111.65,111.68,17586
JNJ,2016-04-29,10:53:00,111.70,111.72,111.66,111.69,12194
JNJ,2016-04-29,10:54:00,111.69,111.71,111.65,111.66,4456
JNJ,2016-04-29,10:55:00,111.67,111.69,111.64,111.68,5111
JNJ,2016-04-29,10:56:00,111.68,111.71,111.68,111.70,5357
JNJ,2016-04-29,10:57:00,111.71,111.71,111.69,111.70,3746
JNJ,2016-04-29,10:58:00,111.70,111.72,111.68,111.71,18730
JNJ,2016-04-29,10:59:00,111.71,111.75,111.71,111.72,4003
JNJ,2016-04-29,11:00:00,111.73,111.74,111.71,111.73,9851
JNJ,2016-04-29,11:01:00,111.72,111.72,111.69,111.69,6669
JNJ,2016-04-29,11:02:00,111.70,111.71,111.60,111.61,15157
JNJ,2016-04-29,11:03:00,111.60,111.62,111.58,111.62,16918
JNJ,2016-04-29,11:04:00,111.62,111.67,111.62,111.67,12581
JNJ,2016-04-29,11:05:00,111.67,111.74,111.67,111.69,12376
JNJ,2016-04-29,11:06:00,111.70,111.75,111.69,111.75,12622
JNJ,2016-04-29,11:07:00,111.73,111.74,111.70,111.71,10571
JNJ,2016-04-29,11:08:00,111.71,111.72,111.68,111.68,12467
JNJ,2016-04-29,11:09:00,111.67,111.67,111.60,111.60,7719
JNJ,2016-04-29,11:10:00,111.60,111.65,111.59,111.61,11857
JNJ,2016-04-29,11:11:00,111.61,111.64,111.60,111.63,7465
JNJ,2016-04-29,11:12:00,111.63,111.69,111.62,111.68,8107
JNJ,2016-04-29,11:13:00,111.68,111.75,111.67,111.73,9958
JNJ,2016-04-29,11:14:00,111.74,111.81,111.73,111.79,8620
JNJ,2016-04-29,11:15:00,111.79,111.90,111.79,111.87,11171
JNJ,2016-04-29,11:16:00,111.88,111.88,111.83,111.84,8460
JNJ,2016-04-29,11:17:00,111.81,111.81,111.79,111.79,5076
JNJ,2016-04-29,11:18:00,111.78,111.78,111.71,111.72,12265
JNJ,2016-04-29,11:19:00,111.72,111.73,111.67,111.70,9987
JNJ,2016-04-29,11:20:00,111.71,111.71,111.65,111.67,16419
JNJ,2016-04-29,11:21:00,111.66,111.68,111.65,111.66,20436
JNJ,2016-04-29,11:22:00,111.66,111.66,111.64,111.64,5039
JNJ,2016-04-29,11:23:00,111.64,111.65,111.62,111.62,5257
JNJ,2016-04-29,11:24:00,111.62,111.66,111.62,111.66,7198
JNJ,2016-04-29,11:25:00,111.66,111.66,111.59,111.60,7891
JNJ,2016-04-29,11:26:00,111.60,111.61,111.56,111.61,12752
JNJ,2016-04-29,11:27:00,111.61,111.64,111.59,111.60,8738
JNJ,2016-04-29,11:28:00,111.60,111.64,111.58,111.60,11244
JNJ,2016-04-29,11:29:00,111.61,111.61,111.51,111.53,39384
JNJ,2016-04-29,11:30:00,111.53,111.61,111.53,111.58,8900
JNJ,2016-04-29,11:31:00,111.58,111.60,111.54,111.60,12575
JNJ,2016-04-29,11:32:00,111.60,111.65,111.60,111.61,9488
JNJ,2016-04-29,11:33:00,111.61,111.64,111.61,111.64,5822
JNJ,2016-04-29,11:34:00,111.64,111.65,111.60,111.61,7782
JNJ,2016-04-29,11:35:00,111.61,111.65,111.59,111.64,10390
JNJ,2016-04-29,11:36:00,111.64,111.66,111.61,111.61,7268
JNJ,2016-04-29,11:37:00,111.61,111.61,111.56,111.58,12864
JNJ,2016-04-29,11:38:00,111.58,111.62,111.58,111.62,7390
JNJ,2016-04-29,11:39:00,111.61,111.62,111.55,111.59,14774
JNJ,2016-04-29,11:40:00,111.60,111.64,111.59,111.63,13611
JNJ,2016-04-29,11:41:00,111.63,111.64,111.59,111.64,9502
JNJ,2016-04-29,11:42:00,111.63,111.63,111.59,111.60,12291
JNJ,2016-04-29,11:43:00,111.59,111.61,111.59,111.61,5182
JNJ,2016-04-29,11:44:00,111.61,111.61,111.54,111.56,20068
JNJ,2016-04-29,11:45:00,111.56,111.59,111.54,111.57,22680
JNJ,2016-04-29,11:46:00,111.56,111.64,111.56,111.61,12502
JNJ,2016-04-29,11:47:00,111.61,111.62,111.60,111.60,3545
JNJ,2016-04-29,11:48:00,111.60,111.62,111.58,111.60,9948
JNJ,2016-04-29,11:49:00,111.61,111.66,111.60,111.65,9803
JNJ,2016-04-29,11:50:00,111.64,111.66,111.63,111.65,8469
JNJ,2016-04-29,11:51:00,111.65,111.68,111.61,111.61,8953
JNJ,2016-04-29,11:52:00,111.60,111.61,111.60,111.61,5120
JNJ,2016-04-29,11:53:00,111.61,111.63,111.60,111.61,8936
JNJ,2016-04-29,11:54:00,111.62,111.65,111.62,111.64,6793
JNJ,2016-04-29,11:55:00,111.63,111.66,111.61,111.66,7900
JNJ,2016-04-29,11:56:00,111.65,111.67,111.64,111.65,17030
JNJ,2016-04-29,11:57:00,111.66,111.69,111.63,111.65,12993
JNJ,2016-04-29,11:58:00,111.65,111.66,111.61,111.63,4857
JNJ,2016-04-29,11:59:00,111.63,111.70,111.63,111.69,8237
JNJ,2016-04-29,12:00:00,111.69,111.69,111.65,111.66,9737
JNJ,2016-04-29,12:01:00,111.67,111.70,111.64,111.70,10099
JNJ,2016-04-29,12:02:00,111.70,111.72,111.69,111.70,6490
JNJ,2016-04-29,12:03:00,111.70,111.72,111.69,111.69,8712
JNJ,2016-04-29,12:04:00,111.68,111.69,111.65,111.66,3732
JNJ,2016-04-29,12:05:00,111.65,111.66,111.60,111.63,4697
JNJ,2016-04-29,12:06:00,111.64,111.64,111.59,111.61,5883
JNJ,2016-04-29,12:07:00,111.61,111.65,111.61,111.64,7742
JNJ,2016-04-29,12:08:00,111.62,111.65,111.62,111.62,8191
JNJ,2016-04-29,12:09:00,111.62,111.64,111.61,111.63,2640
JNJ,2016-04-29,12:10:00,111.61,111.64,111.60,111.62,4826
JNJ,2016-04-29,12:11:00,111.62,111.65,111.61,111.65,3249
JNJ,2016-04-29,12:12:00,111.63,111.65,111.62,111.62,5449
JNJ,2016-04-29,12:13:00,111.62,111.64,111.62,111.63,4928
JNJ,2016-04-29,12:14:00,111.62,111.64,111.62,111.64,3303
JNJ,2016-04-29,12:15:00,111.64,111.65,111.61,111.62,14961
JNJ,2016-04-29,12:16:00,111.62,111.65,111.61,111.65,4718
JNJ,2016-04-29,12:17:00,111.65,111.69,111.64,111.67,12874
JNJ,2016-04-29,12:18:00,111.67,111.72,111.65,111.72,16552
JNJ,2016-04-29,12:19:00,111.71,111.72,111.69,111.71,7440
JNJ,2016-04-29,12:20:00,111.71,111.74,111.71,111.74,6004
JNJ,2016-04-29,12:21:00,111.74,111.77,111.73,111.77,4998
JNJ,2016-04-29,12:22:00,111.77,111.77,111.74,111.77,5593
JNJ,2016-04-29,12:23:00,111.77,111.77,111.74,111.74,3669
JNJ,2016-04-29,12:24:00,111.74,111.74,111.72,111.73,4673
JNJ,2016-04-29,12:25:00,111.73,111.73,111.71,111.71,5734
JNJ,2016-04-29,12:26:00,111.70,111.71,111.69,111.70,8464
JNJ,2016-04-29,12:27:00,111.71,111.73,111.70,111.73,2800
JNJ,2016-04-29,12:28:00,111.73,111.75,111.71,111.75,5798
JNJ,2016-04-29,12:29:00,111.75,111.79,111.73,111.77,4624
JNJ,2016-04-29,12:30:00,111.77,111.83,111.77,111.79,9091
JNJ,2016-04-29,12:31:00,111.78,111.78,111.70,111.71,8196
JNJ,2016-04-29,12:32:00,111.71,111.77,111.71,111.76,3710
JNJ,2016-04-29,12:33:00,111.79,111.81,111.78,111.78,2222
JNJ,2016-04-29,12:34:00,111.78,111.81,111.77,111.81,4915
JNJ,2016-04-29,12:35:00,111.80,111.87,111.80,111.84,9329
JNJ,2016-04-29,12:36:00,111.83,111.83,111.78,111.80,4489
JNJ,2016-04-29,12:37:00,111.80,111.81,111.79,111.81,3236
JNJ,2016-04-29,12:38:00,111.80,111.83,111.80,111.82,6197
JNJ,2016-04-29,12:39:00,111.83,111.86,111.83,111.86,9507
JNJ,2016-04-29,12:40:00,111.85,111.87,111.85,111.86,3373
JNJ,2016-04-29,12:41:00,111.86,111.89,111.85,111.85,5240
JNJ,2016-04-29,12:42:00,111.85,111.85,111.78,111.79,8188
JNJ,2016-04-29,12:43:00,111.78,111.78,111.77,111.77,1818
JNJ,2016-04-29,12:44:00,111.78,111.78,111.75,111.75,5214
JNJ,2016-04-29,12:45:00,111.73,111.76,111.71,111.73,9405
JNJ,2016-04-29,12:46:00,111.73,111.74,111.72,111.73,5260
JNJ,2016-04-29,12:47:00,111.74,111.78,111.73,111.78,8256
JNJ,2016-04-29,12:48:00,111.78,111.81,111.75,111.79,12679
JNJ,2016-04-29,12:49:00,111.79,111.83,111.79,111.82,12401
JNJ,2016-04-29,12:50:00,111.82,111.86,111.81,111.86,3000
JNJ,2016-04-29,12:51:00,111.86,111.89,111.84,111.89,7284
JNJ,2016-04-29,12:52:00,111.88,111.89,111.83,111.85,11214
JNJ,2016-04-29,12:53:00,111.84,111.84,111.79,111.79,6012
JNJ,2016-04-29,12:54:00,111.79,111.80,111.77,111.77,13608
JNJ,2016-04-29,12:55:00,111.77,111.78,111.76,111.78,3643
JNJ,2016-04-29,12:56:00,111.78,111.80,111.77,111.77,4548
JNJ,2016-04-29,12:57:00,111.77,111.78,111.76,111.76,5708
JNJ,2016-04-29,12:58:00,111.76,111.77,111.74,111.75,8792
JNJ,2016-04-29,12:59:00,111.75,111.75,111.71,111.72,6487
JNJ,2016-04-29,13:00:00,111.72,111.73,111.69,111.70,7388
JNJ,2016-04-29,13:01:00,111.70,111.72,111.67,111.67,20699
JNJ,2016-04-29,13:02:00,111.67,111.69,111.63,111.63,5279
JNJ,2016-04-29,13:03:00,111.63,111.66,111.62,111.66,7071
JNJ,2016-04-29,13:04:00,111.65,111.65,111.61,111.63,5897
JNJ,2016-04-29,13:05:00,111.62,111.64,111.62,111.63,4845
JNJ,2016-04-29,13:06:00,111.62,111.65,111.62,111.64,5009
JNJ,2016-04-29,13:07:00,111.65,111.72,111.64,111.72,4903
JNJ,2016-04-29,13:08:00,111.72,111.72,111.69,111.71,2526
JNJ,2016-04-29,13:09:00,111.71,111.72,111.68,111.68,7054
JNJ,2016-04-29,13:10:00,111.69,111.77,111.68,111.69,26557
JNJ,2016-04-29,13:11:00,111.69,111.69,111.63,111.65,18939
JNJ,2016-04-29,13:12:00,111.65,111.66,111.64,111.65,33255
JNJ,2016-04-29,13:13:00,111.65,111.69,111.65,111.69,10100
JNJ,2016-04-29,13:14:00,111.69,111.77,111.69,111.75,7228
JNJ,2016-04-29,13:15:00,111.74,111.78,111.73,111.76,6106
JNJ,2016-04-29,13:16:00,111.77,111.77,111.71,111.74,6676
JNJ,2016-04-29,13:17:00,111.74,111.74,111.71,111.74,5403
JNJ,2016-04-29,13:18:00,111.72,111.72,111.71,111.72,4784
JNJ,2016-04-29,13:19:00,111.71,111.75,111.71,111.74,3808
JNJ,2016-04-29,13:20:00,111.74,111.77,111.73,111.77,7398
JNJ,2016-04-29,13:21:00,111.76,111.77,111.72,111.74,5434
JNJ,2016-04-29,13:22:00,111.73,111.74,111.72,111.74,3826
JNJ,2016-04-29,13:23:00,111.74,111.75,111.71,111.72,4201
JNJ,2016-04-29,13:24:00,111.71,111.73,111.70,111.72,9692
JNJ,2016-04-29,13:25:00,111.72,111.79,111.72,111.79,4610
JNJ,2016-04-29,13:26:00,111.80,111.82,111.77,111.77,4801
JNJ,2016-04-29,13:27:00,111.77,111.80,111.76,111.77,5289
JNJ,2016-04-29,13:28:00,111.77,111.77,111.75,111.75,4338
JNJ,2016-04-29,13:29:00,111.75,111.75,111.72,111.74,6050
JNJ,2016-04-29,13:30:00,111.74,111.74,111.71,111.73,5267
JNJ,2016-04-29,13:31:00,111.74,111.78,111.74,111.77,3330
JNJ,2016-04-29,13:32:00,111.77,111.77,111.70,111.70,8341
JNJ,2016-04-29,13:33:00,111.70,111.74,111.69,111.74,5696
JNJ,2016-04-29,13:34:00,111.73,111.73,111.71,111.71,5406
JNJ,2016-04-29,13:35:00,111.72,111.75,111.72,111.74,3513
JNJ,2016-04-29,13:36:00,111.73,111.74,111.70,111.71,5665
JNJ,2016-04-29,13:37:00,111.71,111.75,111.71,111.74,10024
JNJ,2016-04-29,13:38:00,111.74,111.74,111.66,111.66,14824
JNJ,2016-04-29,13:39:00,111.66,111.68,111.66,111.67,5271
JNJ,2016-04-29,13:40:00,111.66,111.68,111.65,111.67,2568
JNJ,2016-04-29,13:41:00,111.66,111.68,111.63,111.64,5583
JNJ,2016-04-29,13:42:00,111.64,111.64,111.61,111.61,4803
JNJ,2016-04-29,13:43:00,111.61,111.63,111.61,111.62,5615
JNJ,2016-04-29,13:44:00,111.63,111.63,111.58,111.59,11440
JNJ,2016-04-29,13:45:00,111.59,111.61,111.59,111.60,3028
JNJ,2016-04-29,13:46:00,111.61,111.61,111.57,111.59,5514
JNJ,2016-04-29,13:47:00,111.57,111.59,111.55,111.56,10526
JNJ,2016-04-29,13:48:00,111.57,111.59,111.54,111.55,12643
JNJ,2016-04-29,13:49:00,111.55,111.56,111.53,111.55,7716
JNJ,2016-04-29,13:50:00,111.56,111.58,111.55,111.58,6650
JNJ,2016-04-29,13:51:00,111.58,111.59,111.56,111.56,5322
JNJ,2016-04-29,13:52:00,111.55,111.55,111.51,111.55,9746
JNJ,2016-04-29,13:53:00,111.55,111.57,111.53,111.54,11719
JNJ,2016-04-29,13:54:00,111.56,111.60,111.54,111.59,6462
JNJ,2016-04-29,13:55:00,111.60,111.61,111.59,111.60,6621
JNJ,2016-04-29,13:56:00,111.59,111.59,111.57,111.58,5464
JNJ,2016-04-29,13:57:00,111.58,111.58,111.56,111.57,4085
JNJ,2016-04-29,13:58:00,111.58,111.60,111.58,111.60,3443
JNJ,2016-04-29,13:59:00,111.59,111.64,111.59,111.64,21322
JNJ,2016-04-29,14:00:00,111.63,111.64,111.62,111.62,6261
JNJ,2016-04-29,14:01:00,111.62,111.64,111.62,111.63,4796
JNJ,2016-04-29,14:02:00,111.64,111.67,111.63,111.67,6188
JNJ,2016-04-29,14:03:00,111.66,111.67,111.64,111.65,5350
JNJ,2016-04-29,14:04:00,111.64,111.66,111.63,111.66,17687
JNJ,2016-04-29,14:05:00,111.66,111.70,111.64,111.70,13711
JNJ,2016-04-29,14:06:00,111.69,111.70,111.64,111.64,21420
JNJ,2016-04-29,14:07:00,111.63,111.63,111.60,111.61,8622
JNJ,2016-04-29,14:08:00,111.60,111.61,111.55,111.56,7338
JNJ,2016-04-29,14:09:00,111.56,111.59,111.56,111.56,11357
JNJ,2016-04-29,14:10:00,111.55,111.56,111.54,111.55,9488
JNJ,2016-04-29,14:11:00,111.55,111.58,111.54,111.57,9689
JNJ,2016-04-29,14:12:00,111.57,111.61,111.56,111.58,14390
JNJ,2016-04-29,14:13:00,111.58,111.61,111.58,111.61,3728
JNJ,2016-04-29,14:14:00,111.60,111.61,111.59,111.59,3408
JNJ,2016-04-29,14:15:00,111.59,111.60,111.58,111.59,4702
JNJ,2016-04-29,14:16:00,111.59,111.59,111.56,111.57,8802
JNJ,2016-04-29,14:17:00,111.56,111.59,111.55,111.58,11153
JNJ,2016-04-29,14:18:00,111.58,111.58,111.56,111.57,8470
JNJ,2016-04-29,14:19:00,111.59,111.62,111.59,111.62,9601
JNJ,2016-04-29,14:20:00,111.63,111.64,111.62,111.64,4488
JNJ,2016-04-29,14:21:00,111.64,111.65,111.60,111.60,14157
JNJ,2016-04-29,14:22:00,111.60,111.61,111.56,111.56,4708
JNJ,2016-04-29,14:23:00,111.56,111.60,111.56,111.59,16120
JNJ,2016-04-29,14:24:00,111.61,111.61,111.60,111.60,2776
JNJ,2016-04-29,14:25:00,111.60,111.63,111.60,111.63,6546
JNJ,2016-04-29,14:26:00,111.62,111.62,111.59,111.59,5250
JNJ,2016-04-29,14:27:00,111.60,111.62,111.59,111.62,6988
JNJ,2016-04-29,14:28:00,111.62,111.71,111.62,111.70,18964
JNJ,2016-04-29,14:29:00,111.69,111.70,111.68,111.68,3806
JNJ,2016-04-29,14:30:00,111.68,111.72,111.67,111.69,14234
JNJ,2016-04-29,14:31:00,111.69,111.69,111.67,111.67,5417
JNJ,2016-04-29,14:32:00,111.67,111.68,111.62,111.62,6720
JNJ,2016-04-29,14:33:00,111.62,111.67,111.59,111.64,10791
JNJ,2016-04-29,14:34:00,111.65,111.67,111.63,111.63,5041
JNJ,2016-04-29,14:35:00,111.63,111.66,111.63,111.63,5897
JNJ,2016-04-29,14:36:00,111.65,111.65,111.61,111.62,7175
JNJ,2016-04-29,14:37:00,111.62,111.64,111.61,111.63,5154
JNJ,2016-04-29,14:38:00,111.64,111.65,111.62,111.63,4585
JNJ,2016-04-29,14:39:00,111.63,111.64,111.60,111.60,7249
JNJ,2016-04-29,14:40:00,111.61,111.61,111.60,111.60,7259
JNJ,2016-04-29,14:41:00,111.61,111.64,111.61,111.64,5284
JNJ,2016-04-29,14:42:00,111.65,111.70,111.65,111.67,9333
JNJ,2016-04-29,14:43:00,111.66,111.67,111.62,111.62,12582
JNJ,2016-04-29,14:44:00,111.62,111.63,111.61,111.62,11919
JNJ,2016-04-29,14:45:00,111.61,111.64,111.61,111.64,11469
JNJ,2016-04-29,14:46:00,111.65,111.69,111.65,111.69,5765
JNJ,2016-04-29,14:47:00,111.69,111.70,111.67,111.68,5084
JNJ,2016-04-29,14:48:00,111.67,111.75,111.67,111.74,11272
JNJ,2016-04-29,14:49:00,111.75,111.75,111.72,111.74,11634
JNJ,2016-04-29,14:50:00,111.74,111.78,111.74,111.75,8255
JNJ,2016-04-29,14:51:00,111.76,111.76,111.72,111.72,10621
JNJ,2016-04-29,14:52:00,111.71,111.74,111.69,111.69,11368
JNJ,2016-04-29,14:53:00,111.70,111.72,111.66,111.66,14060
JNJ,2016-04-29,14:54:00,111.66,111.69,111.66,111.68,5656
JNJ,2016-04-29,14:55:00,111.67,111.69,111.66,111.69,4531
JNJ,2016-04-29,14:56:00,111.69,111.70,111.65,111.65,10923
JNJ,2016-04-29,14:57:00,111.65,111.65,111.55,111.56,15873
JNJ,2016-04-29,14:58:00,111.57,111.58,111.56,111.56,8539
JNJ,2016-04-29,14:59:00,111.56,111.60,111.56,111.56,15290
JNJ,2016-04-29,15:00:00,111.56,111.59,111.55,111.58,9089
JNJ,2016-04-29,15:01:00,111.57,111.61,111.57,111.61,11852
JNJ,2016-04-29,15:02:00,111.61,111.68,111.61,111.67,6506
JNJ,2016-04-29,15:03:00,111.67,111.67,111.57,111.57,18463
JNJ,2016-04-29,15:04:00,111.58,111.58,111.55,111.55,13039
JNJ,2016-04-29,15:05:00,111.55,111.58,111.55,111.56,7979
JNJ,2016-04-29,15:06:00,111.55,111.57,111.55,111.56,6686
JNJ,2016-04-29,15:07:00,111.56,111.62,111.56,111.62,9158
JNJ,2016-04-29,15:08:00,111.63,111.67,111.63,111.65,14245
JNJ,2016-04-29,15:09:00,111.65,111.71,111.64,111.65,12192
JNJ,2016-04-29,15:10:00,111.65,111.66,111.62,111.62,10020
JNJ,2016-04-29,15:11:00,111.62,111.63,111.60,111.60,9339
JNJ,2016-04-29,15:12:00,111.61,111.70,111.61,111.70,9344
JNJ,2016-04-29,15:13:00,111.69,111.70,111.67,111.68,16506
JNJ,2016-04-29,15:14:00,111.70,111.70,111.67,111.67,5413
JNJ,2016-04-29,15:15:00,111.67,111.70,111.67,111.69,17887
JNJ,2016-04-29,15:16:00,111.68,111.73,111.67,111.73,12040
JNJ,2016-04-29,15:17:00,111.73,111.75,111.70,111.70,11059
JNJ,2016-04-29,15:18:00,111.72,111.72,111.66,111.66,10838
JNJ,2016-04-29,15:19:00,111.67,111.74,111.67,111.69,14602
JNJ,2016-04-29,15:20:00,111.70,111.72,111.68,111.72,11127
JNJ,2016-04-29,15:21:00,111.71,111.74,111.68,111.68,10443
JNJ,2016-04-29,15:22:00,111.67,111.69,111.64,111.68,9413
JNJ,2016-04-29,15:23:00,111.69,111.77,111.69,111.77,13251
JNJ,2016-04-29,15:24:00,111.77,111.82,111.72,111.72,18936
JNJ,2016-04-29,15:25:00,111.72,111.74,111.66,111.67,12723
JNJ,2016-04-29,15:26:00,111.68,111.70,111.67,111.70,11933
JNJ,2016-04-29,15:27:00,111.70,111.75,111.69,111.70,10790
JNJ,2016-04-29,15:28:00,111.69,111.71,111.66,111.66,11034
JNJ,2016-04-29,15:29:00,111.67,111.71,111.62,111.64,17212
JNJ,2016-04-29,15:30:00,111.64,111.66,111.61,111.64,18094
JNJ,2016-04-29,15:31:00,111.65,111.73,111.64,111.72,14120
JNJ,2016-04-29,15:32:00,111.72,111.72,111.69,111.71,9666
JNJ,2016-04-29,15:33:00,111.72,111.84,111.72,111.84,19255
JNJ,2016-04-29,15:34:00,111.84,111.93,111.84,111.84,16976
JNJ,2016-04-29,15:35:00,111.86,111.92,111.83,111.92,13994
JNJ,2016-04-29,15:36:00,111.92,111.92,111.88,111.88,7553
JNJ,2016-04-29,15:37:00,111.89,111.91,111.87,111.88,9166
JNJ,2016-04-29,15:38:00,111.88,111.90,111.86,111.87,11839
JNJ,2016-04-29,15:39:00,111.87,111.89,111.83,111.86,10672
JNJ,2016-04-29,15:40:00,111.86,111.87,111.84,111.84,10048
JNJ,2016-04-29,15:41:00,111.85,111.89,111.83,111.85,26037
JNJ,2016-04-29,15:42:00,111.84,111.89,111.83,111.89,13999
JNJ,2016-04-29,15:43:00,111.88,111.94,111.88,111.94,13388
JNJ,2016-04-29,15:44:00,111.94,111.94,111.88,111.90,15402
JNJ,2016-04-29,15:45:00,111.90,111.95,111.90,111.93,20481
JNJ,2016-04-29,15:46:00,111.94,112.06,111.93,112.06,79352
JNJ,2016-04-29,15:47:00,112.05,112.11,112.05,112.10,27276
JNJ,2016-04-29,15:48:00,112.09,112.09,112.02,112.06,37338
JNJ,2016-04-29,15:49:00,112.06,112.07,111.95,111.96,32762
JNJ,2016-04-29,15:50:00,111.95,111.97,111.88,111.93,32727
JNJ,2016-04-29,15:51:00,111.93,111.96,111.88,111.95,45461
JNJ,2016-04-29,15:52:00,111.95,111.99,111.91,111.97,34182
JNJ,2016-04-29,15:53:00,111.96,112.01,111.90,111.92,35938
JNJ,2016-04-29,15:54:00,111.92,111.92,111.86,111.90,23042
JNJ,2016-04-29,15:55:00,111.90,112.05,111.89,112.03,39590
JNJ,2016-04-29,15:56:00,112.03,112.08,111.96,112.03,58874
JNJ,2016-04-29,15:57:00,112.02,112.03,111.93,111.95,37521
JNJ,2016-04-29,15:58:00,111.95,112.00,111.90,111.93,50728
JNJ,2016-04-29,15:59:00,111.92,111.95,111.83,111.94,69820
JNJ,2016-04-29,16:00:00,111.94,112.14,111.94,112.10,263802
