MSFT,2016-04-28,09:30:00,50.62,50.70,50.62,50.68,362874
MSFT,2016-04-28,09:31:00,50.69,50.77,50.60,50.62,205859
MSFT,2016-04-28,09:32:00,50.61,50.62,50.56,50.56,103291
MSFT,2016-04-28,09:33:00,50.56,50.59,50.53,50.59,93887
MSFT,2016-04-28,09:34:00,50.59,50.60,50.36,50.43,209588
MSFT,2016-04-28,09:35:00,50.43,50.52,50.43,50.47,96416
MSFT,2016-04-28,09:36:00,50.47,50.60,50.46,50.57,92282
MSFT,2016-04-28,09:37:00,50.57,50.59,50.52,50.54,89046
MSFT,2016-04-28,09:38:00,50.54,50.56,50.48,50.56,160894
MSFT,2016-04-28,09:39:00,50.55,50.57,50.48,50.55,157492
MSFT,2016-04-28,09:40:00,50.55,50.61,50.52,50.53,108126
MSFT,2016-04-28,09:41:00,50.53,50.60,50.51,50.56,203343
MSFT,2016-04-28,09:42:00,50.56,50.60,50.56,50.58,265382
MSFT,2016-04-28,09:43:00,50.57,50.58,50.55,50.56,126095
MSFT,2016-04-28,09:44:00,50.56,50.59,50.55,50.57,73798
MSFT,2016-04-28,09:45:00,50.56,50.58,50.51,50.51,80575
MSFT,2016-04-28,09:46:00,50.52,50.57,50.52,50.56,95879
MSFT,2016-04-28,09:47:00,50.57,50.57,50.53,50.54,92729
MSFT,2016-04-28,09:48:00,50.54,50.55,50.51,50.52,80307
MSFT,2016-04-28,09:49:00,50.53,50.71,50.53,50.64,407422
MSFT,2016-04-28,09:50:00,50.64,50.70,50.64,50.65,100084
MSFT,2016-04-28,09:51:00,50.65,50.66,50.59,50.62,77637
MSFT,2016-04-28,09:52:00,50.62,50.63,50.59,50.60,70822
MSFT,2016-04-28,09:53:00,50.60,50.60,50.52,50.52,64133
MSFT,2016-04-28,09:54:00,50.52,50.59,50.50,50.55,61358
MSFT,2016-04-28,09:55:00,50.55,50.56,50.54,50.54,32417
MSFT,2016-04-28,09:56:00,50.54,50.55,50.50,50.51,85382
MSFT,2016-04-28,09:57:00,50.51,50.53,50.48,50.51,71173
MSFT,2016-04-28,09:58:00,50.51,50.56,50.51,50.54,35147
MSFT,2016-04-28,09:59:00,50.55,50.60,50.55,50.59,45630
MSFT,2016-04-28,10:00:00,50.60,50.61,50.56,50.58,95452
MSFT,2016-04-28,10:01:00,50.58,50.60,50.56,50.59,65340
MSFT,2016-04-28,10:02:00,50.59,50.60,50.57,50.57,91587
MSFT,2016-04-28,10:03:00,50.58,50.60,50.56,50.59,84492
MSFT,2016-04-28,10:04:00,50.59,50.61,50.51,50.51,134871
MSFT,2016-04-28,10:05:00,50.52,50.56,50.51,50.55,40814
MSFT,2016-04-28,10:06:00,50.55,50.56,50.53,50.55,72676
MSFT,2016-04-28,10:07:00,50.55,50.56,50.55,50.56,52193
MSFT,2016-04-28,10:08:00,50.55,50.56,50.50,50.51,42888
MSFT,2016-04-28,10:09:00,50.51,50.52,50.45,50.45,93210
MSFT,2016-04-28,10:10:00,50.46,50.46,50.41,50.44,79316
MSFT,2016-04-28,10:11:00,50.45,50.45,50.36,50.38,127200
MSFT,2016-04-28,10:12:00,50.38,50.42,50.30,50.31,133004
MSFT,2016-04-28,10:13:00,50.31,50.44,50.30,50.42,89766
MSFT,2016-04-28,10:14:00,50.42,50.45,50.39,50.45,67062
MSFT,2016-04-28,10:15:00,50.45,50.45,50.41,50.41,51079
MSFT,2016-04-28,10:16:00,50.41,50.41,50.34,50.34,100248
MSFT,2016-04-28,10:17:00,50.35,50.40,50.33,50.38,116520
MSFT,2016-04-28,10:18:00,50.39,50.41,50.38,50.39,54942
MSFT,2016-04-28,10:19:00,50.39,50.44,50.38,50.44,153856
MSFT,2016-04-28,10:20:00,50.44,50.44,50.41,50.42,35609
MSFT,2016-04-28,10:21:00,50.42,50.45,50.42,50.45,103076
MSFT,2016-04-28,10:22:00,50.46,50.46,50.40,50.40,89085
MSFT,2016-04-28,10:23:00,50.41,50.42,50.37,50.37,68682
MSFT,2016-04-28,10:24:00,50.37,50.39,50.35,50.37,80103
MSFT,2016-04-28,10:25:00,50.37,50.44,50.36,50.44,60084
MSFT,2016-04-28,10:26:00,50.44,50.51,50.44,50.48,92849
MSFT,2016-04-28,10:27:00,50.48,50.51,50.48,50.50,42855
MSFT,2016-04-28,10:28:00,50.49,50.50,50.47,50.47,50732
MSFT,2016-04-28,10:29:00,50.48,50.49,50.44,50.44,57545
MSFT,2016-04-28,10:30:00,50.44,50.46,50.42,50.45,77793
MSFT,2016-04-28,10:31:00,50.45,50.49,50.45,50.47,108891
MSFT,2016-04-28,10:32:00,50.48,50.49,50.47,50.48,56247
MSFT,2016-04-28,10:33:00,50.48,50.50,50.47,50.48,73148
MSFT,2016-04-28,10:34:00,50.48,50.48,50.42,50.43,83732
MSFT,2016-04-28,10:35:00,50.42,50.49,50.42,50.45,68619
MSFT,2016-04-28,10:36:00,50.46,50.49,50.44,50.48,48140
MSFT,2016-04-28,10:37:00,50.48,50.52,50.46,50.51,117848
MSFT,2016-04-28,10:38:00,50.51,50.53,50.49,50.52,58625
MSFT,2016-04-28,10:39:00,50.52,50.52,50.44,50.44,32806
MSFT,2016-04-28,10:40:00,50.45,50.45,50.42,50.42,42684
MSFT,2016-04-28,10:41:00,50.42,50.46,50.40,50.44,62513
MSFT,2016-04-28,10:42:00,50.44,50.45,50.43,50.45,40692
MSFT,2016-04-28,10:43:00,50.45,50.47,50.42,50.42,56498
MSFT,2016-04-28,10:44:00,50.43,50.45,50.41,50.43,50217
MSFT,2016-04-28,10:45:00,50.44,50.45,50.42,50.45,66527
MSFT,2016-04-28,10:46:00,50.45,50.45,50.42,50.43,65141
MSFT,2016-04-28,10:47:00,50.43,50.45,50.42,50.45,65061
MSFT,2016-04-28,10:48:00,50.45,50.46,50.45,50.45,115532
MSFT,2016-04-28,10:49:00,50.45,50.46,50.43,50.45,81908
MSFT,2016-04-28,10:50:00,50.45,50.50,50.45,50.50,95265
MSFT,2016-04-28,10:51:00,50.50,50.52,50.50,50.52,52823
MSFT,2016-04-28,10:52:00,50.52,50.56,50.51,50.54,77926
MSFT,2016-04-28,10:53:00,50.54,50.55,50.50,50.51,49825
MSFT,2016-04-28,10:54:00,50.51,50.53,50.50,50.51,34568
MSFT,2016-04-28,10:55:00,50.51,50.52,50.50,50.50,33194
MSFT,2016-04-28,10:56:00,50.50,50.51,50.48,50.49,60726
MSFT,2016-04-28,10:57:00,50.50,50.51,50.47,50.48,51257
MSFT,2016-04-28,10:58:00,50.49,50.51,50.47,50.49,117313
MSFT,2016-04-28,10:59:00,50.49,50.52,50.48,50.49,79201
MSFT,2016-04-28,11:00:00,50.50,50.51,50.49,50.51,32603
MSFT,2016-04-28,11:01:00,50.51,50.52,50.49,50.51,91991
MSFT,2016-04-28,11:02:00,50.51,50.53,50.50,50.52,25794
MSFT,2016-04-28,11:03:00,50.52,50.52,50.50,50.50,29739
MSFT,2016-04-28,11:04:00,50.51,50.53,50.50,50.52,45836
MSFT,2016-04-28,11:05:00,50.54,50.55,50.53,50.55,92272
MSFT,2016-04-28,11:06:00,50.55,50.57,50.54,50.57,85107
MSFT,2016-04-28,11:07:00,50.56,50.59,50.56,50.58,53308
MSFT,2016-04-28,11:08:00,50.58,50.59,50.56,50.57,15261
MSFT,2016-04-28,11:09:00,50.57,50.57,50.54,50.57,35726
MSFT,2016-04-28,11:10:00,50.56,50.58,50.55,50.55,37090
MSFT,2016-04-28,11:11:00,50.54,50.56,50.53,50.56,40567
MSFT,2016-04-28,11:12:00,50.56,50.58,50.54,50.58,66059
MSFT,2016-04-28,11:13:00,50.57,50.59,50.56,50.58,52451
MSFT,2016-04-28,11:14:00,50.58,50.60,50.57,50.57,78340
MSFT,2016-04-28,11:15:00,50.57,50.58,50.56,50.56,44554
MSFT,2016-04-28,11:16:00,50.56,50.60,50.56,50.59,34301
MSFT,2016-04-28,11:17:00,50.59,50.60,50.55,50.56,39912
MSFT,2016-04-28,11:18:00,50.55,50.60,50.55,50.59,31505
MSFT,2016-04-28,11:19:00,50.60,50.60,50.56,50.56,26028
MSFT,2016-04-28,11:20:00,50.56,50.59,50.55,50.59,24022
MSFT,2016-04-28,11:21:00,50.60,50.61,50.58,50.60,56942
MSFT,2016-04-28,11:22:00,50.60,50.62,50.59,50.62,44976
MSFT,2016-04-28,11:23:00,50.61,50.62,50.60,50.62,25550
MSFT,2016-04-28,11:24:00,50.62,50.64,50.61,50.63,37060
MSFT,2016-04-28,11:25:00,50.64,50.65,50.63,50.65,64888
MSFT,2016-04-28,11:26:00,50.65,50.65,50.63,50.65,51583
MSFT,2016-04-28,11:27:00,50.65,50.65,50.63,50.64,27508
MSFT,2016-04-28,11:28:00,50.65,50.65,50.62,50.63,15765
MSFT,2016-04-28,11:29:00,50.62,50.63,50.62,50.62,22894
MSFT,2016-04-28,11:30:00,50.61,50.62,50.61,50.61,18466
MSFT,2016-04-28,11:31:00,50.61,50.62,50.61,50.62,28857
MSFT,2016-04-28,11:32:00,50.61,50.62,50.61,50.61,15896
MSFT,2016-04-28,11:33:00,50.62,50.62,50.59,50.59,27929
MSFT,2016-04-28,11:34:00,50.59,50.60,50.55,50.56,43870
MSFT,2016-04-28,11:35:00,50.57,50.62,50.57,50.61,20569
MSFT,2016-04-28,11:36:00,50.62,50.63,50.60,50.63,30079
MSFT,2016-04-28,11:37:00,50.62,50.66,50.62,50.63,82256
MSFT,2016-04-28,11:38:00,50.63,50.63,50.61,50.61,29448
MSFT,2016-04-28,11:39:00,50.62,50.65,50.61,50.63,59514
MSFT,2016-04-28,11:40:00,50.63,50.64,50.61,50.63,43497
MSFT,2016-04-28,11:41:00,50.63,50.63,50.61,50.62,27159
MSFT,2016-04-28,11:42:00,50.62,50.62,50.58,50.58,66268
MSFT,2016-04-28,11:43:00,50.59,50.60,50.58,50.59,17913
MSFT,2016-04-28,11:44:00,50.59,50.60,50.59,50.59,16714
MSFT,2016-04-28,11:45:00,50.59,50.60,50.59,50.59,30127
MSFT,2016-04-28,11:46:00,50.59,50.61,50.59,50.59,34228
MSFT,2016-04-28,11:47:00,50.60,50.60,50.57,50.58,28301
MSFT,2016-04-28,11:48:00,50.58,50.58,50.55,50.57,48303
MSFT,2016-04-28,11:49:00,50.57,50.57,50.56,50.57,12637
MSFT,2016-04-28,11:50:00,50.57,50.57,50.55,50.55,28387
MSFT,2016-04-28,11:51:00,50.56,50.58,50.55,50.58,33777
MSFT,2016-04-28,11:52:00,50.58,50.58,50.53,50.54,53307
MSFT,2016-04-28,11:53:00,50.54,50.56,50.53,50.55,23277
MSFT,2016-04-28,11:54:00,50.55,50.56,50.55,50.56,17796
MSFT,2016-04-28,11:55:00,50.55,50.58,50.54,50.55,49953
MSFT,2016-04-28,11:56:00,50.55,50.56,50.55,50.55,20134
MSFT,2016-04-28,11:57:00,50.55,50.58,50.55,50.57,18548
MSFT,2016-04-28,11:58:00,50.57,50.57,50.55,50.56,29869
MSFT,2016-04-28,11:59:00,50.55,50.56,50.53,50.55,41326
MSFT,2016-04-28,12:00:00,50.55,50.57,50.54,50.56,33320
MSFT,2016-04-28,12:01:00,50.56,50.59,50.56,50.58,59892
MSFT,2016-04-28,12:02:00,50.58,50.60,50.58,50.59,56709
MSFT,2016-04-28,12:03:00,50.59,50.59,50.58,50.59,7465
MSFT,2016-04-28,12:04:00,50.59,50.62,50.57,50.58,82293
MSFT,2016-04-28,12:05:00,50.59,50.59,50.54,50.55,54187
MSFT,2016-04-28,12:06:00,50.55,50.58,50.55,50.57,20221
MSFT,2016-04-28,12:07:00,50.57,50.58,50.55,50.55,17135
MSFT,2016-04-28,12:08:00,50.55,50.56,50.53,50.53,17693
MSFT,2016-04-28,12:09:00,50.53,50.54,50.53,50.53,16522
MSFT,2016-04-28,12:10:00,50.53,50.54,50.53,50.53,20326
MSFT,2016-04-28,12:11:00,50.53,50.54,50.50,50.50,71713
MSFT,2016-04-28,12:12:00,50.51,50.51,50.47,50.48,114100
MSFT,2016-04-28,12:13:00,50.48,50.49,50.46,50.47,56150
MSFT,2016-04-28,12:14:00,50.47,50.48,50.45,50.45,36453
MSFT,2016-04-28,12:15:00,50.46,50.46,50.43,50.44,50517
MSFT,2016-04-28,12:16:00,50.44,50.45,50.43,50.44,46156
MSFT,2016-04-28,12:17:00,50.43,50.44,50.42,50.44,39714
MSFT,2016-04-28,12:18:00,50.43,50.44,50.41,50.42,32182
MSFT,2016-04-28,12:19:00,50.42,50.43,50.37,50.38,78612
MSFT,2016-04-28,12:20:00,50.38,50.39,50.37,50.37,19828
MSFT,2016-04-28,12:21:00,50.37,50.38,50.34,50.35,135527
MSFT,2016-04-28,12:22:00,50.35,50.36,50.33,50.33,56685
MSFT,2016-04-28,12:23:00,50.34,50.36,50.33,50.33,45756
MSFT,2016-04-28,12:24:00,50.33,50.34,50.33,50.33,26701
MSFT,2016-04-28,12:25:00,50.34,50.36,50.33,50.33,63107
MSFT,2016-04-28,12:26:00,50.34,50.36,50.32,50.34,278841
MSFT,2016-04-28,12:27:00,50.34,50.36,50.33,50.34,39224
MSFT,2016-04-28,12:28:00,50.34,50.36,50.34,50.34,52822
MSFT,2016-04-28,12:29:00,50.34,50.35,50.34,50.34,49410
MSFT,2016-04-28,12:30:00,50.34,50.35,50.33,50.33,40939
MSFT,2016-04-28,12:31:00,50.34,50.34,50.31,50.31,37770
MSFT,2016-04-28,12:32:00,50.31,50.31,50.29,50.30,90923
MSFT,2016-04-28,12:33:00,50.30,50.35,50.30,50.31,64570
MSFT,2016-04-28,12:34:00,50.31,50.35,50.30,50.30,66936
MSFT,2016-04-28,12:35:00,50.31,50.31,50.29,50.29,59247
MSFT,2016-04-28,12:36:00,50.30,50.30,50.26,50.28,107509
MSFT,2016-04-28,12:37:00,50.28,50.29,50.26,50.26,85924
MSFT,2016-04-28,12:38:00,50.26,50.28,50.26,50.27,90196
MSFT,2016-04-28,12:39:00,50.27,50.28,50.27,50.28,28884
MSFT,2016-04-28,12:40:00,50.27,50.29,50.27,50.27,53798
MSFT,2016-04-28,12:41:00,50.27,50.28,50.26,50.26,50292
MSFT,2016-04-28,12:42:00,50.27,50.29,50.26,50.27,67364
MSFT,2016-04-28,12:43:00,50.27,50.28,50.26,50.26,65505
MSFT,2016-04-28,12:44:00,50.26,50.28,50.26,50.28,49376
MSFT,2016-04-28,12:45:00,50.28,50.29,50.27,50.29,37262
MSFT,2016-04-28,12:46:00,50.29,50.33,50.28,50.31,45522
MSFT,2016-04-28,12:47:00,50.31,50.32,50.30,50.32,59421
MSFT,2016-04-28,12:48:00,50.32,50.33,50.30,50.32,41762
MSFT,2016-04-28,12:49:00,50.31,50.32,50.29,50.29,32042
MSFT,2016-04-28,12:50:00,50.29,50.30,50.27,50.27,29040
MSFT,2016-04-28,12:51:00,50.27,50.28,50.26,50.27,45003
MSFT,2016-04-28,12:52:00,50.27,50.30,50.26,50.30,34479
MSFT,2016-04-28,12:53:00,50.30,50.31,50.29,50.30,49639
MSFT,2016-04-28,12:54:00,50.30,50.30,50.29,50.30,54906
MSFT,2016-04-28,12:55:00,50.29,50.30,50.27,50.27,43365
MSFT,2016-04-28,12:56:00,50.28,50.31,50.27,50.30,41683
MSFT,2016-04-28,12:57:00,50.30,50.31,50.28,50.28,51092
MSFT,2016-04-28,12:58:00,50.29,50.30,50.28,50.30,25174
MSFT,2016-04-28,12:59:00,50.29,50.30,50.28,50.28,37623
MSFT,2016-04-28,13:00:00,50.28,50.29,50.28,50.28,33407
MSFT,2016-04-28,13:01:00,50.29,50.30,50.28,50.29,81186
MSFT,2016-04-28,13:02:00,50.29,50.30,50.28,50.30,84673
MSFT,2016-04-28,13:03:00,50.30,50.30,50.29,50.30,147910
MSFT,2016-04-28,13:04:00,50.30,50.31,50.29,50.30,253371
MSFT,2016-04-28,13:05:00,50.29,50.31,50.27,50.28,134815
MSFT,2016-04-28,13:06:00,50.28,50.29,50.26,50.28,135762
MSFT,2016-04-28,13:07:00,50.27,50.28,50.27,50.27,59564
MSFT,2016-04-28,13:08:00,50.28,50.29,50.27,50.28,79163
MSFT,2016-04-28,13:09:00,50.28,50.29,50.27,50.27,69269
MSFT,2016-04-28,13:10:00,50.27,50.28,50.27,50.27,44095
MSFT,2016-04-28,13:11:00,50.28,50.28,50.25,50.26,70083
MSFT,2016-04-28,13:12:00,50.26,50.28,50.24,50.28,305012
MSFT,2016-04-28,13:13:00,50.27,50.28,50.25,50.28,68266
MSFT,2016-04-28,13:14:00,50.29,50.30,50.28,50.30,50281
MSFT,2016-04-28,13:15:00,50.30,50.31,50.29,50.31,49211
MSFT,2016-04-28,13:16:00,50.31,50.31,50.25,50.26,128015
MSFT,2016-04-28,13:17:00,50.26,50.27,50.25,50.27,59425
MSFT,2016-04-28,13:18:00,50.26,50.27,50.26,50.27,13744
MSFT,2016-04-28,13:19:00,50.27,50.28,50.26,50.27,34048
MSFT,2016-04-28,13:20:00,50.27,50.28,50.27,50.27,24320
MSFT,2016-04-28,13:21:00,50.27,50.27,50.10,50.15,520783
MSFT,2016-04-28,13:22:00,50.15,50.16,50.09,50.13,137595
MSFT,2016-04-28,13:23:00,50.13,50.17,50.09,50.17,104940
MSFT,2016-04-28,13:24:00,50.16,50.17,50.15,50.15,34941
MSFT,2016-04-28,13:25:00,50.16,50.17,50.15,50.17,29116
MSFT,2016-04-28,13:26:00,50.17,50.20,50.16,50.20,33318
MSFT,2016-04-28,13:27:00,50.20,50.20,50.18,50.19,61962
MSFT,2016-04-28,13:28:00,50.19,50.20,50.18,50.19,79066
MSFT,2016-04-28,13:29:00,50.19,50.20,50.18,50.20,30402
MSFT,2016-04-28,13:30:00,50.20,50.21,50.19,50.20,51295
MSFT,2016-04-28,13:31:00,50.20,50.21,50.19,50.20,16904
MSFT,2016-04-28,13:32:00,50.19,50.21,50.19,50.20,50301
MSFT,2016-04-28,13:33:00,50.20,50.24,50.20,50.24,62535
MSFT,2016-04-28,13:34:00,50.25,50.28,50.23,50.23,58179
MSFT,2016-04-28,13:35:00,50.24,50.24,50.21,50.22,49289
MSFT,2016-04-28,13:36:00,50.21,50.23,50.20,50.23,35417
MSFT,2016-04-28,13:37:00,50.22,50.23,50.20,50.20,33952
MSFT,2016-04-28,13:38:00,50.20,50.21,50.20,50.20,21550
MSFT,2016-04-28,13:39:00,50.20,50.21,50.19,50.20,40176
MSFT,2016-04-28,13:40:00,50.19,50.20,50.17,50.19,32751
MSFT,2016-04-28,13:41:00,50.19,50.19,50.13,50.15,56109
MSFT,2016-04-28,13:42:00,50.15,50.15,50.13,50.15,47986
MSFT,2016-04-28,13:43:00,50.15,50.19,50.15,50.17,64069
MSFT,2016-04-28,13:44:00,50.17,50.19,50.17,50.18,24022
MSFT,2016-04-28,13:45:00,50.18,50.19,50.18,50.19,18160
MSFT,2016-04-28,13:46:00,50.19,50.19,50.14,50.15,28316
MSFT,2016-04-28,13:47:00,50.14,50.15,50.12,50.13,73736
MSFT,2016-04-28,13:48:00,50.14,50.16,50.13,50.15,64202
MSFT,2016-04-28,13:49:00,50.15,50.16,50.13,50.16,70139
MSFT,2016-04-28,13:50:00,50.16,50.16,50.13,50.13,43965
MSFT,2016-04-28,13:51:00,50.14,50.20,50.13,50.19,50912
MSFT,2016-04-28,13:52:00,50.20,50.22,50.19,50.22,32539
MSFT,2016-04-28,13:53:00,50.22,50.22,50.19,50.19,48503
MSFT,2016-04-28,13:54:00,50.18,50.20,50.17,50.18,19968
MSFT,2016-04-28,13:55:00,50.19,50.19,50.16,50.18,44410
MSFT,2016-04-28,13:56:00,50.19,50.20,50.18,50.19,25592
MSFT,2016-04-28,13:57:00,50.19,50.19,50.17,50.17,57816
MSFT,2016-04-28,13:58:00,50.17,50.18,50.15,50.15,42513
MSFT,2016-04-28,13:59:00,50.15,50.16,50.13,50.15,110757
MSFT,2016-04-28,14:00:00,50.15,50.18,50.14,50.15,78105
MSFT,2016-04-28,14:01:00,50.16,50.20,50.16,50.18,82572
MSFT,2016-04-28,14:02:00,50.16,50.20,50.13,50.20,162461
MSFT,2016-04-28,14:03:00,50.20,50.24,50.19,50.24,209572
MSFT,2016-04-28,14:04:00,50.24,50.24,50.21,50.23,107050
MSFT,2016-04-28,14:05:00,50.23,50.23,50.16,50.18,87345
MSFT,2016-04-28,14:06:00,50.19,50.22,50.18,50.20,31133
MSFT,2016-04-28,14:07:00,50.20,50.23,50.20,50.21,38358
MSFT,2016-04-28,14:08:00,50.21,50.23,50.20,50.23,23318
MSFT,2016-04-28,14:09:00,50.23,50.26,50.19,50.22,129826
MSFT,2016-04-28,14:10:00,50.22,50.26,50.22,50.24,99951
MSFT,2016-04-28,14:11:00,50.25,50.25,50.24,50.24,32234
MSFT,2016-04-28,14:12:00,50.24,50.24,50.19,50.22,55861
MSFT,2016-04-28,14:13:00,50.22,50.24,50.22,50.23,45346
MSFT,2016-04-28,14:14:00,50.23,50.25,50.22,50.24,34317
MSFT,2016-04-28,14:15:00,50.23,50.23,50.21,50.23,42900
MSFT,2016-04-28,14:16:00,50.23,50.25,50.22,50.23,56868
MSFT,2016-04-28,14:17:00,50.24,50.25,50.22,50.22,22535
MSFT,2016-04-28,14:18:00,50.22,50.24,50.20,50.23,30410
MSFT,2016-04-28,14:19:00,50.24,50.24,50.20,50.22,43258
MSFT,2016-04-28,14:20:00,50.23,50.23,50.20,50.20,33955
MSFT,2016-04-28,14:21:00,50.20,50.20,50.16,50.16,46794
MSFT,2016-04-28,14:22:00,50.16,50.18,50.14,50.15,130878
MSFT,2016-04-28,14:23:00,50.14,50.16,50.13,50.14,57245
MSFT,2016-04-28,14:24:00,50.14,50.16,50.12,50.16,50818
MSFT,2016-04-28,14:25:00,50.16,50.24,50.15,50.23,60481
MSFT,2016-04-28,14:26:00,50.23,50.23,50.18,50.19,41654
MSFT,2016-04-28,14:27:00,50.19,50.22,50.19,50.21,37632
MSFT,2016-04-28,14:28:00,50.20,50.23,50.20,50.23,29662
MSFT,2016-04-28,14:29:00,50.22,50.25,50.22,50.23,56307
MSFT,2016-04-28,14:30:00,50.23,50.23,50.22,50.23,49232
MSFT,2016-04-28,14:31:00,50.23,50.24,50.21,50.21,32028
MSFT,2016-04-28,14:32:00,50.21,50.22,50.17,50.17,67681
MSFT,2016-04-28,14:33:00,50.17,50.18,50.16,50.16,36089
MSFT,2016-04-28,14:34:00,50.16,50.17,50.14,50.15,47563
MSFT,2016-04-28,14:35:00,50.15,50.16,50.14,50.16,32011
MSFT,2016-04-28,14:36:00,50.16,50.20,50.16,50.19,43954
MSFT,2016-04-28,14:37:00,50.18,50.19,50.13,50.13,50706
MSFT,2016-04-28,14:38:00,50.13,50.14,50.08,50.11,159732
MSFT,2016-04-28,14:39:00,50.11,50.12,50.10,50.11,45707
MSFT,2016-04-28,14:40:00,50.10,50.12,50.09,50.09,57589
MSFT,2016-04-28,14:41:00,50.09,50.12,50.09,50.12,47807
MSFT,2016-04-28,14:42:00,50.12,50.14,50.10,50.10,64173
MSFT,2016-04-28,14:43:00,50.11,50.15,50.09,50.15,59761
MSFT,2016-04-28,14:44:00,50.15,50.16,50.13,50.13,39159
MSFT,2016-04-28,14:45:00,50.13,50.14,50.09,50.09,38707
MSFT,2016-04-28,14:46:00,50.09,50.09,50.05,50.07,150765
MSFT,2016-04-28,14:47:00,50.08,50.09,50.06,50.06,64144
MSFT,2016-04-28,14:48:00,50.07,50.08,50.05,50.06,106589
MSFT,2016-04-28,14:49:00,50.05,50.06,50.02,50.02,123258
MSFT,2016-04-28,14:50:00,50.02,50.04,50.02,50.02,51810
MSFT,2016-04-28,14:51:00,50.03,50.04,50.01,50.02,83725
MSFT,2016-04-28,14:52:00,50.01,50.02,49.99,50.00,486148
MSFT,2016-04-28,14:53:00,49.99,50.00,49.96,49.98,89504
MSFT,2016-04-28,14:54:00,49.98,50.04,49.95,50.02,147532
MSFT,2016-04-28,14:55:00,50.03,50.06,50.02,50.05,104896
MSFT,2016-04-28,14:56:00,50.04,50.05,50.00,50.00,75353
MSFT,2016-04-28,14:57:00,50.00,50.04,49.98,50.04,136096
MSFT,2016-04-28,14:58:00,50.05,50.09,50.04,50.09,59466
MSFT,2016-04-28,14:59:00,50.09,50.11,50.05,50.05,81348
MSFT,2016-04-28,15:00:00,50.06,50.10,50.05,50.07,87537
MSFT,2016-04-28,15:01:00,50.08,50.09,50.04,50.05,94216
MSFT,2016-04-28,15:02:00,50.05,50.06,50.04,50.05,36160
MSFT,2016-04-28,15:03:00,50.05,50.05,50.02,50.03,59491
MSFT,2016-04-28,15:04:00,50.04,50.06,50.03,50.05,97251
MSFT,2016-04-28,15:05:00,50.05,50.05,49.98,50.01,110332
MSFT,2016-04-28,15:06:00,50.01,50.02,49.98,49.98,52853
MSFT,2016-04-28,15:07:00,49.98,49.99,49.94,49.95,93732
MSFT,2016-04-28,15:08:00,49.96,49.98,49.95,49.98,72064
MSFT,2016-04-28,15:09:00,49.97,49.98,49.94,49.95,132372
MSFT,2016-04-28,15:10:00,49.95,49.96,49.90,49.90,134507
MSFT,2016-04-28,15:11:00,49.91,49.91,49.86,49.88,129414
MSFT,2016-04-28,15:12:00,49.88,49.90,49.85,49.90,118341
MSFT,2016-04-28,15:13:00,49.89,49.90,49.84,49.84,62011
MSFT,2016-04-28,15:14:00,49.85,49.86,49.80,49.84,118913
MSFT,2016-04-28,15:15:00,49.84,49.86,49.79,49.80,184477
MSFT,2016-04-28,15:16:00,49.80,49.80,49.74,49.77,329813
MSFT,2016-04-28,15:17:00,49.78,49.78,49.74,49.76,131549
MSFT,2016-04-28,15:18:00,49.76,49.79,49.75,49.77,77775
MSFT,2016-04-28,15:19:00,49.77,49.78,49.67,49.68,226597
MSFT,2016-04-28,15:20:00,49.68,49.73,49.67,49.71,90263
MSFT,2016-04-28,15:21:00,49.70,49.71,49.68,49.68,323146
MSFT,2016-04-28,15:22:00,49.69,49.69,49.67,49.67,65815
MSFT,2016-04-28,15:23:00,49.68,49.68,49.63,49.68,467942
MSFT,2016-04-28,15:24:00,49.68,49.71,49.65,49.66,182616
MSFT,2016-04-28,15:25:00,49.66,49.67,49.64,49.65,154174
MSFT,2016-04-28,15:26:00,49.65,49.70,49.56,49.62,461561
MSFT,2016-04-28,15:27:00,49.62,49.69,49.62,49.67,137580
MSFT,2016-04-28,15:28:00,49.68,49.71,49.65,49.70,248029
MSFT,2016-04-28,15:29:00,49.70,49.71,49.65,49.66,160612
MSFT,2016-04-28,15:30:00,49.66,49.69,49.59,49.63,254745
MSFT,2016-04-28,15:31:00,49.63,49.71,49.63,49.70,228788
MSFT,2016-04-28,15:32:00,49.70,49.70,49.63,49.65,286179
MSFT,2016-04-28,15:33:00,49.66,49.67,49.62,49.65,113576
MSFT,2016-04-28,15:34:00,49.64,49.66,49.59,49.63,164349
MSFT,2016-04-28,15:35:00,49.63,49.68,49.62,49.68,254257
MSFT,2016-04-28,15:36:00,49.67,49.72,49.67,49.72,221103
MSFT,2016-04-28,15:37:00,49.72,49.77,49.71,49.74,242301
MSFT,2016-04-28,15:38:00,49.73,49.75,49.66,49.70,432658
MSFT,2016-04-28,15:39:00,49.70,49.76,49.70,49.76,314640
MSFT,2016-04-28,15:40:00,49.76,49.79,49.75,49.78,301311
MSFT,2016-04-28,15:41:00,49.77,49.83,49.77,49.83,239502
MSFT,2016-04-28,15:42:00,49.82,49.83,49.75,49.79,176981
MSFT,2016-04-28,15:43:00,49.79,49.83,49.75,49.80,250012
MSFT,2016-04-28,15:44:00,49.80,49.92,49.77,49.84,417051
MSFT,2016-04-28,15:45:00,49.85,49.86,49.82,49.83,186654
MSFT,2016-04-28,15:46:00,49.84,49.91,49.83,49.90,283596
MSFT,2016-04-28,15:47:00,49.89,49.94,49.88,49.92,435304
MSFT,2016-04-28,15:48:00,49.92,49.99,49.91,49.97,309432
MSFT,2016-04-28,15:49:00,49.96,49.97,49.89,49.95,513054
MSFT,2016-04-28,15:50:00,49.95,49.95,49.89,49.92,312862
MSFT,2016-04-28,15:51:00,49.92,49.93,49.88,49.89,316675
MSFT,2016-04-28,15:52:00,49.89,49.90,49.86,49.90,399632
MSFT,2016-04-28,15:53:00,49.90,49.91,49.84,49.86,327313
MSFT,2016-04-28,15:54:00,49.87,49.90,49.85,49.85,278717
MSFT,2016-04-28,15:55:00,49.86,49.87,49.82,49.87,225020
MSFT,2016-04-28,15:56:00,49.86,49.87,49.82,49.84,293086
MSFT,2016-04-28,15:57:00,49.84,49.84,49.79,49.80,264958
MSFT,2016-04-28,15:58:00,49.80,49.81,49.75,49.77,311663
MSFT,2016-04-28,15:59:00,49.78,49.84,49.77,49.81,399231
MSFT,2016-04-28,16:00:00,49.84,49.97,49.80,49.93,2816676
MSFT,2016-04-29,09:30:00,49.35,49.45,49.35,49.42,1387226
MSFT,2016-04-29,09:31:00,49.43,50.03,49.41,50.01,526715
MSFT,2016-04-29,09:32:00,50.01,50.02,49.66,49.67,311338
MSFT,2016-04-29,09:33:00,49.68,49.68,49.51,49.58,196149
MSFT,2016-04-29,09:34:00,49.57,49.77,49.57,49.73,170026
MSFT,2016-04-29,09:35:00,49.73,49.79,49.68,49.78,90592
MSFT,2016-04-29,09:36:00,49.79,49.83,49.76,49.78,169369
MSFT,2016-04-29,09:37:00,49.77,49.84,49.77,49.84,199125
MSFT,2016-04-29,09:38:00,49.84,49.89,49.82,49.87,197767
MSFT,2016-04-29,09:39:00,49.87,49.88,49.83,49.87,198041
MSFT,2016-04-29,09:40:00,49.87,49.91,49.83,49.90,215750
MSFT,2016-04-29,09:41:00,49.91,50.01,49.90,50.01,224804
MSFT,2016-04-29,09:42:00,50.01,50.02,49.90,49.93,265413
MSFT,2016-04-29,09:43:00,49.93,50.00,49.91,49.96,351369
MSFT,2016-04-29,09:44:00,49.96,50.04,49.96,50.01,258349
MSFT,2016-04-29,09:45:00,50.01,50.10,50.00,50.02,202308
MSFT,2016-04-29,09:46:00,50.01,50.06,49.99,50.05,177037
MSFT,2016-04-29,09:47:00,50.05,50.05,49.97,49.97,236185
MSFT,2016-04-29,09:48:00,49.97,49.98,49.90,49.93,152517
MSFT,2016-04-29,09:49:00,49.92,49.94,49.81,49.84,163153
MSFT,2016-04-29,09:50:00,49.86,49.93,49.85,49.87,100197
MSFT,2016-04-29,09:51:00,49.86,49.92,49.77,49.82,200154
MSFT,2016-04-29,09:52:00,49.83,49.83,49.69,49.74,128728
MSFT,2016-04-29,09:53:00,49.73,49.82,49.73,49.76,100055
MSFT,2016-04-29,09:54:00,49.76,49.80,49.75,49.80,95844
MSFT,2016-04-29,09:55:00,49.80,49.90,49.79,49.88,122257
MSFT,2016-04-29,09:56:00,49.88,49.92,49.85,49.87,112947
MSFT,2016-04-29,09:57:00,49.87,49.90,49.81,49.90,165915
MSFT,2016-04-29,09:58:00,49.89,49.97,49.89,49.90,142760
MSFT,2016-04-29,09:59:00,49.90,49.91,49.83,49.85,83922
MSFT,2016-04-29,10:00:00,49.85,49.87,49.79,49.81,68251
MSFT,2016-04-29,10:01:00,49.81,49.83,49.77,49.81,160381
MSFT,2016-04-29,10:02:00,49.81,49.81,49.70,49.71,120270
MSFT,2016-04-29,10:03:00,49.70,49.82,49.69,49.79,104701
MSFT,2016-04-29,10:04:00,49.78,49.91,49.77,49.91,181987
MSFT,2016-04-29,10:05:00,49.90,49.94,49.87,49.91,90937
MSFT,2016-04-29,10:06:00,49.91,49.92,49.84,49.84,95593
MSFT,2016-04-29,10:07:00,49.84,49.89,49.83,49.88,58929
MSFT,2016-04-29,10:08:00,49.88,49.90,49.78,49.90,68370
MSFT,2016-04-29,10:09:00,49.89,49.92,49.86,49.86,78053
MSFT,2016-04-29,10:10:00,49.87,49.90,49.86,49.88,94555
MSFT,2016-04-29,10:11:00,49.88,49.97,49.88,49.95,163396
MSFT,2016-04-29,10:12:00,49.95,49.97,49.94,49.95,102980
MSFT,2016-04-29,10:13:00,49.94,49.97,49.83,49.84,138107
MSFT,2016-04-29,10:14:00,49.85,49.91,49.82,49.90,114194
MSFT,2016-04-29,10:15:00,49.91,49.92,49.80,49.82,105946
MSFT,2016-04-29,10:16:00,49.83,49.83,49.73,49.74,121197
MSFT,2016-04-29,10:17:00,49.74,49.79,49.74,49.78,93801
MSFT,2016-04-29,10:18:00,49.78,49.78,49.74,49.75,116580
MSFT,2016-04-29,10:19:00,49.75,49.75,49.68,49.69,174268
MSFT,2016-04-29,10:20:00,49.69,49.74,49.66,49.67,124858
MSFT,2016-04-29,10:21:00,49.67,49.68,49.64,49.66,146532
MSFT,2016-04-29,10:22:00,49.66,49.67,49.59,49.60,89172
MSFT,2016-04-29,10:23:00,49.60,49.71,49.56,49.70,164944
MSFT,2016-04-29,10:24:00,49.70,49.78,49.67,49.77,118238
MSFT,2016-04-29,10:25:00,49.78,49.78,49.72,49.72,102968
MSFT,2016-04-29,10:26:00,49.72,49.73,49.63,49.65,68897
MSFT,2016-04-29,10:27:00,49.66,49.73,49.62,49.64,139744
MSFT,2016-04-29,10:28:00,49.64,49.66,49.56,49.63,113362
MSFT,2016-04-29,10:29:00,49.63,49.73,49.63,49.72,133401
MSFT,2016-04-29,10:30:00,49.72,49.74,49.66,49.71,134562
MSFT,2016-04-29,10:31:00,49.72,49.77,49.70,49.76,124672
MSFT,2016-04-29,10:32:00,49.75,49.75,49.71,49.73,97009
MSFT,2016-04-29,10:33:00,49.70,49.76,49.69,49.73,110163
MSFT,2016-04-29,10:34:00,49.73,49.77,49.72,49.72,94168
MSFT,2016-04-29,10:35:00,49.73,49.78,49.72,49.78,103340
MSFT,2016-04-29,10:36:00,49.77,49.86,49.76,49.84,156331
MSFT,2016-04-29,10:37:00,49.84,49.90,49.83,49.85,136792
MSFT,2016-04-29,10:38:00,49.85,49.97,49.84,49.94,180050
MSFT,2016-04-29,10:39:00,49.94,49.95,49.92,49.94,138543
MSFT,2016-04-29,10:40:00,49.94,49.95,49.90,49.95,76543
MSFT,2016-04-29,10:41:00,49.95,49.98,49.91,49.97,263974
MSFT,2016-04-29,10:42:00,49.98,49.98,49.92,49.94,147240
MSFT,2016-04-29,10:43:00,49.93,49.97,49.92,49.93,124468
MSFT,2016-04-29,10:44:00,49.94,49.94,49.87,49.91,141272
MSFT,2016-04-29,10:45:00,49.91,49.97,49.91,49.96,128975
MSFT,2016-04-29,10:46:00,49.97,50.02,49.95,49.98,319403
MSFT,2016-04-29,10:47:00,49.99,50.06,49.98,50.05,264452
MSFT,2016-04-29,10:48:00,50.05,50.08,50.03,50.06,369081
MSFT,2016-04-29,10:49:00,50.06,50.10,50.04,50.04,177629
MSFT,2016-04-29,10:50:00,50.05,50.09,50.04,50.06,112670
MSFT,2016-04-29,10:51:00,50.07,50.08,50.02,50.03,348865
MSFT,2016-04-29,10:52:00,50.02,50.03,49.91,49.91,163438
MSFT,2016-04-29,10:53:00,49.91,49.97,49.90,49.90,151751
MSFT,2016-04-29,10:54:00,49.90,49.93,49.84,49.85,138713
MSFT,2016-04-29,10:55:00,49.84,49.87,49.81,49.86,85222
MSFT,2016-04-29,10:56:00,49.86,49.92,49.85,49.89,193365
MSFT,2016-04-29,10:57:00,49.90,49.90,49.85,49.88,150885
MSFT,2016-04-29,10:58:00,49.88,49.91,49.86,49.90,189905
MSFT,2016-04-29,10:59:00,49.90,49.92,49.88,49.89,63803
MSFT,2016-04-29,11:00:00,49.90,49.95,49.90,49.93,97198
MSFT,2016-04-29,11:01:00,49.92,49.95,49.91,49.94,82026
MSFT,2016-04-29,11:02:00,49.95,49.96,49.93,49.95,111763
MSFT,2016-04-29,11:03:00,49.95,49.96,49.80,49.83,124397
MSFT,2016-04-29,11:04:00,49.84,49.87,49.82,49.83,100596
MSFT,2016-04-29,11:05:00,49.83,49.89,49.83,49.84,50490
MSFT,2016-04-29,11:06:00,49.84,49.89,49.84,49.88,55919
MSFT,2016-04-29,11:07:00,49.89,49.92,49.87,49.88,68317
MSFT,2016-04-29,11:08:00,49.88,49.92,49.87,49.91,47920
MSFT,2016-04-29,11:09:00,49.91,49.91,49.85,49.87,51570
MSFT,2016-04-29,11:10:00,49.87,49.92,49.87,49.91,74049
MSFT,2016-04-29,11:11:00,49.91,49.92,49.87,49.88,96474
MSFT,2016-04-29,11:12:00,49.89,49.91,49.88,49.89,126110
MSFT,2016-04-29,11:13:00,49.90,49.91,49.88,49.91,57802
MSFT,2016-04-29,11:14:00,49.91,49.94,49.90,49.94,91013
MSFT,2016-04-29,11:15:00,49.94,49.97,49.93,49.95,107649
MSFT,2016-04-29,11:16:00,49.95,49.95,49.87,49.88,74571
MSFT,2016-04-29,11:17:00,49.88,49.94,49.87,49.88,173823
MSFT,2016-04-29,11:18:00,49.88,49.90,49.84,49.88,118725
MSFT,2016-04-29,11:19:00,49.88,49.92,49.87,49.92,174945
MSFT,2016-04-29,11:20:00,49.91,49.92,49.84,49.88,90880
MSFT,2016-04-29,11:21:00,49.88,49.93,49.87,49.92,182376
MSFT,2016-04-29,11:22:00,49.91,49.93,49.89,49.91,167685
MSFT,2016-04-29,11:23:00,49.91,49.91,49.89,49.90,140784
MSFT,2016-04-29,11:24:00,49.89,49.92,49.89,49.91,58280
MSFT,2016-04-29,11:25:00,49.91,49.92,49.84,49.85,114051
MSFT,2016-04-29,11:26:00,49.87,49.90,49.86,49.88,62409
MSFT,2016-04-29,11:27:00,49.88,49.91,49.84,49.84,102269
MSFT,2016-04-29,11:28:00,49.85,49.90,49.85,49.90,58846
MSFT,2016-04-29,11:29:00,49.90,49.90,49.87,49.88,85893
MSFT,2016-04-29,11:30:00,49.86,49.87,49.80,49.82,159479
MSFT,2016-04-29,11:31:00,49.82,49.82,49.79,49.80,115453
MSFT,2016-04-29,11:32:00,49.81,49.81,49.76,49.77,96813
MSFT,2016-04-29,11:33:00,49.77,49.80,49.75,49.76,52387
MSFT,2016-04-29,11:34:00,49.75,49.79,49.75,49.78,66012
MSFT,2016-04-29,11:35:00,49.77,49.84,49.77,49.81,125751
MSFT,2016-04-29,11:36:00,49.81,49.82,49.77,49.77,82283
MSFT,2016-04-29,11:37:00,49.77,49.78,49.74,49.77,132913
MSFT,2016-04-29,11:38:00,49.78,49.82,49.77,49.78,75727
MSFT,2016-04-29,11:39:00,49.78,49.81,49.77,49.78,73941
MSFT,2016-04-29,11:40:00,49.78,49.81,49.76,49.80,113801
MSFT,2016-04-29,11:41:00,49.79,49.80,49.74,49.75,123932
MSFT,2016-04-29,11:42:00,49.76,49.80,49.75,49.80,55178
MSFT,2016-04-29,11:43:00,49.79,49.81,49.75,49.76,110463
MSFT,2016-04-29,11:44:00,49.77,49.80,49.75,49.80,63646
MSFT,2016-04-29,11:45:00,49.80,49.80,49.74,49.77,133547
MSFT,2016-04-29,11:46:00,49.77,49.83,49.76,49.79,125299
MSFT,2016-04-29,11:47:00,49.80,49.80,49.74,49.76,165034
MSFT,2016-04-29,11:48:00,49.76,49.81,49.73,49.80,142208
MSFT,2016-04-29,11:49:00,49.81,49.82,49.78,49.80,68582
MSFT,2016-04-29,11:50:00,49.81,49.84,49.80,49.83,81295
MSFT,2016-04-29,11:51:00,49.83,49.84,49.79,49.82,95238
MSFT,2016-04-29,11:52:00,49.82,49.90,49.80,49.89,143967
MSFT,2016-04-29,11:53:00,49.90,49.90,49.85,49.88,274013
MSFT,2016-04-29,11:54:00,49.88,49.92,49.84,49.88,118868
MSFT,2016-04-29,11:55:00,49.88,49.89,49.83,49.83,95868
MSFT,2016-04-29,11:56:00,49.84,49.88,49.81,49.88,79386
MSFT,2016-04-29,11:57:00,49.88,49.90,49.84,49.85,140067
MSFT,2016-04-29,11:58:00,49.86,49.90,49.86,49.89,36490
MSFT,2016-04-29,11:59:00,49.90,49.90,49.87,49.90,42814
MSFT,2016-04-29,12:00:00,49.90,49.91,49.87,49.89,59328
MSFT,2016-04-29,12:01:00,49.88,49.92,49.86,49.91,68964
MSFT,2016-04-29,12:02:00,49.91,49.94,49.88,49.92,99796
MSFT,2016-04-29,12:03:00,49.93,49.95,49.91,49.92,84886
MSFT,2016-04-29,12:04:00,49.92,49.93,49.91,49.92,30362
MSFT,2016-04-29,12:05:00,49.93,49.95,49.90,49.95,36497
MSFT,2016-04-29,12:06:00,49.93,49.95,49.92,49.93,54169
MSFT,2016-04-29,12:07:00,49.94,49.99,49.93,49.98,79203
MSFT,2016-04-29,12:08:00,49.98,50.02,49.97,50.01,140715
MSFT,2016-04-29,12:09:00,50.00,50.01,49.96,49.98,51806
MSFT,2016-04-29,12:10:00,49.97,49.98,49.93,49.97,52951
MSFT,2016-04-29,12:11:00,49.96,49.97,49.95,49.96,99087
MSFT,2016-04-29,12:12:00,49.96,49.97,49.91,49.94,47486
MSFT,2016-04-29,12:13:00,49.94,49.95,49.91,49.92,22154
MSFT,2016-04-29,12:14:00,49.91,49.94,49.90,49.94,34510
MSFT,2016-04-29,12:15:00,49.93,49.94,49.84,49.85,133807
MSFT,2016-04-29,12:16:00,49.84,49.94,49.83,49.93,133528
MSFT,2016-04-29,12:17:00,49.92,49.97,49.92,49.95,77671
MSFT,2016-04-29,12:18:00,49.95,49.99,49.94,49.98,79088
MSFT,2016-04-29,12:19:00,49.97,50.01,49.95,50.00,29000
MSFT,2016-04-29,12:20:00,50.01,50.03,49.98,50.01,104832
MSFT,2016-04-29,12:21:00,50.02,50.05,50.01,50.03,99183
MSFT,2016-04-29,12:22:00,50.03,50.07,50.02,50.07,54127
MSFT,2016-04-29,12:23:00,50.08,50.08,50.03,50.04,79489
MSFT,2016-04-29,12:24:00,50.05,50.06,50.02,50.03,38547
MSFT,2016-04-29,12:25:00,50.03,50.04,49.99,50.00,92969
MSFT,2016-04-29,12:26:00,50.01,50.01,49.96,50.00,89250
MSFT,2016-04-29,12:27:00,50.00,50.01,49.98,49.98,31219
MSFT,2016-04-29,12:28:00,49.98,50.02,49.98,50.01,47515
MSFT,2016-04-29,12:29:00,50.01,50.01,49.95,49.95,28363
MSFT,2016-04-29,12:30:00,49.95,49.98,49.93,49.96,56381
MSFT,2016-04-29,12:31:00,49.97,49.97,49.92,49.93,47276
MSFT,2016-04-29,12:32:00,49.93,49.95,49.90,49.90,62762
MSFT,2016-04-29,12:33:00,49.91,49.95,49.90,49.93,29240
MSFT,2016-04-29,12:34:00,49.94,49.96,49.93,49.95,68407
MSFT,2016-04-29,12:35:00,49.95,49.98,49.94,49.97,51583
MSFT,2016-04-29,12:36:00,49.97,49.98,49.92,49.92,29182
MSFT,2016-04-29,12:37:00,49.93,49.98,49.92,49.98,111894
MSFT,2016-04-29,12:38:00,49.97,50.01,49.97,50.01,102501
MSFT,2016-04-29,12:39:00,50.01,50.07,50.00,50.01,141342
MSFT,2016-04-29,12:40:00,50.02,50.02,49.96,49.98,54416
MSFT,2016-04-29,12:41:00,49.98,50.01,49.96,49.97,90262
MSFT,2016-04-29,12:42:00,49.97,50.01,49.96,49.99,73404
MSFT,2016-04-29,12:43:00,49.99,50.01,49.96,49.98,136687
MSFT,2016-04-29,12:44:00,49.98,50.02,49.97,49.99,108807
MSFT,2016-04-29,12:45:00,50.00,50.01,49.98,49.99,48222
MSFT,2016-04-29,12:46:00,49.99,50.03,49.99,50.02,86664
MSFT,2016-04-29,12:47:00,50.03,50.03,49.98,49.98,65418
MSFT,2016-04-29,12:48:00,49.98,50.03,49.97,50.02,48791
MSFT,2016-04-29,12:49:00,50.03,50.03,50.01,50.02,21000
MSFT,2016-04-29,12:50:00,50.02,50.03,49.98,50.01,55789
MSFT,2016-04-29,12:51:00,50.02,50.03,49.99,50.00,67724
MSFT,2016-04-29,12:52:00,50.00,50.02,49.99,49.99,72739
MSFT,2016-04-29,12:53:00,49.99,49.99,49.94,49.98,93933
MSFT,2016-04-29,12:54:00,49.99,50.02,49.98,50.01,117548
MSFT,2016-04-29,12:55:00,50.01,50.03,50.00,50.02,43516
MSFT,2016-04-29,12:56:00,50.02,50.02,49.99,50.01,69207
MSFT,2016-04-29,12:57:00,50.00,50.02,50.00,50.00,83415
MSFT,2016-04-29,12:58:00,50.01,50.02,50.00,50.00,70883
MSFT,2016-04-29,12:59:00,50.01,50.01,49.97,49.98,172680
MSFT,2016-04-29,13:00:00,49.98,50.00,49.98,49.98,25599
MSFT,2016-04-29,13:01:00,49.99,49.99,49.92,49.97,152720
MSFT,2016-04-29,13:02:00,49.97,50.02,49.97,49.98,91256
MSFT,2016-04-29,13:03:00,50.02,50.02,49.98,50.01,30968
MSFT,2016-04-29,13:04:00,50.01,50.01,50.00,50.01,19010
MSFT,2016-04-29,13:05:00,50.01,50.01,49.98,49.99,39816
MSFT,2016-04-29,13:06:00,49.99,50.03,49.99,50.02,41340
MSFT,2016-04-29,13:07:00,50.03,50.05,50.02,50.04,66272
MSFT,2016-04-29,13:08:00,50.04,50.04,50.02,50.02,23149
MSFT,2016-04-29,13:09:00,50.02,50.03,49.98,49.98,27116
MSFT,2016-04-29,13:10:00,49.98,50.02,49.98,49.99,81019
MSFT,2016-04-29,13:11:00,49.99,50.01,49.98,50.00,101296
MSFT,2016-04-29,13:12:00,50.00,50.04,49.98,50.04,68391
MSFT,2016-04-29,13:13:00,50.02,50.06,50.02,50.05,110100
MSFT,2016-04-29,13:14:00,50.05,50.10,50.05,50.09,85780
MSFT,2016-04-29,13:15:00,50.08,50.13,50.08,50.11,83481
MSFT,2016-04-29,13:16:00,50.11,50.12,50.08,50.12,54365
MSFT,2016-04-29,13:17:00,50.13,50.13,50.09,50.11,48590
MSFT,2016-04-29,13:18:00,50.11,50.12,50.10,50.12,20738
MSFT,2016-04-29,13:19:00,50.12,50.14,50.11,50.13,33748
MSFT,2016-04-29,13:20:00,50.13,50.21,50.13,50.20,98890
MSFT,2016-04-29,13:21:00,50.20,50.20,50.16,50.20,87437
MSFT,2016-04-29,13:22:00,50.19,50.21,50.19,50.20,50827
MSFT,2016-04-29,13:23:00,50.20,50.21,50.17,50.17,92346
MSFT,2016-04-29,13:24:00,50.17,50.22,50.16,50.21,139257
MSFT,2016-04-29,13:25:00,50.21,50.25,50.21,50.23,80543
MSFT,2016-04-29,13:26:00,50.23,50.24,50.19,50.20,77505
MSFT,2016-04-29,13:27:00,50.20,50.20,50.19,50.20,16507
MSFT,2016-04-29,13:28:00,50.19,50.20,50.18,50.20,74506
MSFT,2016-04-29,13:29:00,50.20,50.22,50.20,50.22,84884
MSFT,2016-04-29,13:30:00,50.22,50.23,50.19,50.21,81080
MSFT,2016-04-29,13:31:00,50.22,50.23,50.18,50.19,75343
MSFT,2016-04-29,13:32:00,50.19,50.20,50.17,50.17,160468
MSFT,2016-04-29,13:33:00,50.18,50.20,50.17,50.20,64476
MSFT,2016-04-29,13:34:00,50.20,50.20,50.18,50.20,51404
MSFT,2016-04-29,13:35:00,50.20,50.20,50.16,50.18,64151
MSFT,2016-04-29,13:36:00,50.17,50.18,50.17,50.17,26224
MSFT,2016-04-29,13:37:00,50.17,50.20,50.17,50.19,63732
MSFT,2016-04-29,13:38:00,50.20,50.20,50.12,50.12,94158
MSFT,2016-04-29,13:39:00,50.12,50.13,50.09,50.10,39181
MSFT,2016-04-29,13:40:00,50.09,50.13,50.07,50.12,74251
MSFT,2016-04-29,13:41:00,50.12,50.12,50.06,50.09,39262
MSFT,2016-04-29,13:42:00,50.09,50.09,50.05,50.06,52958
MSFT,2016-04-29,13:43:00,50.07,50.07,50.02,50.02,23348
MSFT,2016-04-29,13:44:00,50.02,50.05,50.01,50.03,35909
MSFT,2016-04-29,13:45:00,50.03,50.05,50.02,50.03,30602
MSFT,2016-04-29,13:46:00,50.03,50.05,50.02,50.03,108355
MSFT,2016-04-29,13:47:00,50.04,50.06,50.02,50.04,67288
MSFT,2016-04-29,13:48:00,50.03,50.04,50.01,50.03,90342
MSFT,2016-04-29,13:49:00,50.03,50.06,50.01,50.06,59028
MSFT,2016-04-29,13:50:00,50.06,50.07,50.05,50.05,32135
MSFT,2016-04-29,13:51:00,50.06,50.07,50.03,50.03,29260
MSFT,2016-04-29,13:52:00,50.03,50.03,50.00,50.01,40081
MSFT,2016-04-29,13:53:00,50.01,50.05,50.00,50.03,73310
MSFT,2016-04-29,13:54:00,50.03,50.05,50.03,50.05,19755
MSFT,2016-04-29,13:55:00,50.05,50.06,50.02,50.02,42459
MSFT,2016-04-29,13:56:00,50.02,50.02,49.96,49.96,93467
MSFT,2016-04-29,13:57:00,49.96,50.01,49.93,49.99,120296
MSFT,2016-04-29,13:58:00,49.99,50.01,49.99,49.99,36976
MSFT,2016-04-29,13:59:00,49.99,49.99,49.96,49.98,66270
MSFT,2016-04-29,14:00:00,49.98,50.00,49.96,49.98,56904
MSFT,2016-04-29,14:01:00,49.98,50.02,49.97,50.02,39113
MSFT,2016-04-29,14:02:00,50.02,50.02,50.00,50.01,32349
MSFT,2016-04-29,14:03:00,50.01,50.02,49.99,50.02,48536
MSFT,2016-04-29,14:04:00,50.02,50.02,49.98,50.02,72174
MSFT,2016-04-29,14:05:00,50.01,50.05,50.00,50.05,83286
MSFT,2016-04-29,14:06:00,50.04,50.05,50.00,50.00,22414
MSFT,2016-04-29,14:07:00,50.00,50.01,49.97,49.97,83123
MSFT,2016-04-29,14:08:00,49.98,49.98,49.93,49.94,61880
MSFT,2016-04-29,14:09:00,49.94,49.97,49.92,49.97,82903
MSFT,2016-04-29,14:10:00,49.96,49.97,49.90,49.91,105020
MSFT,2016-04-29,14:11:00,49.91,49.91,49.88,49.88,33930
MSFT,2016-04-29,14:12:00,49.88,49.93,49.87,49.92,93477
MSFT,2016-04-29,14:13:00,49.92,49.96,49.91,49.95,87818
MSFT,2016-04-29,14:14:00,49.95,49.95,49.91,49.91,31184
MSFT,2016-04-29,14:15:00,49.91,49.94,49.89,49.94,37747
MSFT,2016-04-29,14:16:00,49.94,49.95,49.89,49.90,32447
MSFT,2016-04-29,14:17:00,49.91,49.94,49.90,49.91,82250
MSFT,2016-04-29,14:18:00,49.91,49.92,49.86,49.90,78814
MSFT,2016-04-29,14:19:00,49.90,49.94,49.89,49.92,103250
MSFT,2016-04-29,14:20:00,49.93,49.94,49.92,49.94,10734
MSFT,2016-04-29,14:21:00,49.94,49.96,49.93,49.94,83336
MSFT,2016-04-29,14:22:00,49.93,49.95,49.91,49.91,63628
MSFT,2016-04-29,14:23:00,49.92,49.98,49.91,49.95,46953
MSFT,2016-04-29,14:24:00,49.96,49.97,49.95,49.97,25481
MSFT,2016-04-29,14:25:00,49.97,49.97,49.92,49.92,48359
MSFT,2016-04-29,14:26:00,49.92,49.93,49.88,49.91,71525
MSFT,2016-04-29,14:27:00,49.91,49.93,49.89,49.90,21739
MSFT,2016-04-29,14:28:00,49.89,49.95,49.89,49.92,91562
MSFT,2016-04-29,14:29:00,49.92,49.93,49.89,49.90,39383
MSFT,2016-04-29,14:30:00,49.91,49.95,49.90,49.90,61012
MSFT,2016-04-29,14:31:00,49.90,49.90,49.86,49.88,41009
MSFT,2016-04-29,14:32:00,49.88,49.88,49.83,49.84,40651
MSFT,2016-04-29,14:33:00,49.83,49.87,49.80,49.84,47983
MSFT,2016-04-29,14:34:00,49.85,49.87,49.84,49.84,33978
MSFT,2016-04-29,14:35:00,49.84,49.88,49.84,49.87,22208
MSFT,2016-04-29,14:36:00,49.86,49.86,49.83,49.84,37461
MSFT,2016-04-29,14:37:00,49.84,49.85,49.82,49.84,36563
MSFT,2016-04-29,14:38:00,49.84,49.84,49.81,49.82,36948
MSFT,2016-04-29,14:39:00,49.82,49.83,49.79,49.80,92933
MSFT,2016-04-29,14:40:00,49.80,49.84,49.79,49.80,61102
MSFT,2016-04-29,14:41:00,49.80,49.84,49.80,49.84,22658
MSFT,2016-04-29,14:42:00,49.84,49.85,49.81,49.83,119650
MSFT,2016-04-29,14:43:00,49.83,49.87,49.81,49.84,124543
MSFT,2016-04-29,14:44:00,49.83,49.86,49.83,49.84,64699
MSFT,2016-04-29,14:45:00,49.84,49.84,49.81,49.84,23935
MSFT,2016-04-29,14:46:00,49.84,49.86,49.81,49.86,39411
MSFT,2016-04-29,14:47:00,49.85,49.87,49.85,49.85,25021
MSFT,2016-04-29,14:48:00,49.85,49.88,49.85,49.87,109466
MSFT,2016-04-29,14:49:00,49.88,49.88,49.86,49.87,83972
MSFT,2016-04-29,14:50:00,49.87,49.89,49.86,49.88,160861
MSFT,2016-04-29,14:51:00,49.89,49.89,49.80,49.81,68152
MSFT,2016-04-29,14:52:00,49.81,49.87,49.81,49.84,86848
MSFT,2016-04-29,14:53:00,49.85,49.87,49.80,49.82,84361
MSFT,2016-04-29,14:54:00,49.83,49.85,49.81,49.84,23189
MSFT,2016-04-29,14:55:00,49.85,49.85,49.82,49.84,50739
MSFT,2016-04-29,14:56:00,49.84,49.86,49.81,49.83,89480
MSFT,2016-04-29,14:57:00,49.84,49.85,49.78,49.80,148716
MSFT,2016-04-29,14:58:00,49.79,49.83,49.79,49.81,48386
MSFT,2016-04-29,14:59:00,49.81,49.84,49.78,49.79,71144
MSFT,2016-04-29,15:00:00,49.80,49.83,49.78,49.83,41210
MSFT,2016-04-29,15:01:00,49.83,49.84,49.79,49.81,136758
MSFT,2016-04-29,15:02:00,49.80,49.84,49.80,49.83,78491
MSFT,2016-04-29,15:03:00,49.84,49.84,49.79,49.79,64303
MSFT,2016-04-29,15:04:00,49.80,49.82,49.79,49.80,38092
MSFT,2016-04-29,15:05:00,49.80,49.80,49.76,49.78,118485
MSFT,2016-04-29,15:06:00,49.77,49.80,49.75,49.79,57394
MSFT,2016-04-29,15:07:00,49.80,49.83,49.79,49.82,47534
MSFT,2016-04-29,15:08:00,49.82,49.84,49.81,49.84,97126
MSFT,2016-04-29,15:09:00,49.84,49.85,49.79,49.79,123615
MSFT,2016-04-29,15:10:00,49.80,49.82,49.78,49.80,87855
MSFT,2016-04-29,15:11:00,49.80,49.80,49.75,49.77,82391
MSFT,2016-04-29,15:12:00,49.77,49.84,49.76,49.84,57712
MSFT,2016-04-29,15:13:00,49.84,49.85,49.79,49.82,131280
MSFT,2016-04-29,15:14:00,49.83,49.85,49.81,49.84,101700
MSFT,2016-04-29,15:15:00,49.84,49.88,49.84,49.86,124955
MSFT,2016-04-29,15:16:00,49.86,49.86,49.84,49.84,87694
MSFT,2016-04-29,15:17:00,49.85,49.85,49.80,49.82,70811
MSFT,2016-04-29,15:18:00,49.82,49.83,49.79,49.81,30351
MSFT,2016-04-29,15:19:00,49.81,49.84,49.80,49.80,48612
MSFT,2016-04-29,15:20:00,49.81,49.83,49.80,49.82,30233
MSFT,2016-04-29,15:21:00,49.83,49.83,49.79,49.82,119299
MSFT,2016-04-29,15:22:00,49.82,49.84,49.80,49.84,62440
MSFT,2016-04-29,15:23:00,49.84,49.85,49.81,49.84,137109
MSFT,2016-04-29,15:24:00,49.84,49.86,49.78,49.78,176645
MSFT,2016-04-29,15:25:00,49.78,49.83,49.77,49.78,78262
MSFT,2016-04-29,15:26:00,49.78,49.80,49.77,49.79,91842
MSFT,2016-04-29,15:27:00,49.80,49.81,49.76,49.76,78809
MSFT,2016-04-29,15:28:00,49.77,49.79,49.74,49.79,52624
MSFT,2016-04-29,15:29:00,49.79,49.80,49.72,49.73,55312
MSFT,2016-04-29,15:30:00,49.72,49.74,49.71,49.73,86506
MSFT,2016-04-29,15:31:00,49.73,49.78,49.73,49.78,98958
MSFT,2016-04-29,15:32:00,49.79,49.81,49.78,49.80,71102
MSFT,2016-04-29,15:33:00,49.80,49.86,49.80,49.85,285015
MSFT,2016-04-29,15:34:00,49.85,49.88,49.81,49.81,152601
MSFT,2016-04-29,15:35:00,49.81,49.90,49.81,49.90,96252
MSFT,2016-04-29,15:36:00,49.90,49.90,49.88,49.90,133108
MSFT,2016-04-29,15:37:00,49.90,49.93,49.89,49.90,156212
MSFT,2016-04-29,15:38:00,49.90,49.94,49.90,49.92,118279
MSFT,2016-04-29,15:39:00,49.93,49.96,49.92,49.95,356166
MSFT,2016-04-29,15:40:00,49.95,49.95,49.88,49.92,142555
MSFT,2016-04-29,15:41:00,49.92,49.96,49.91,49.94,159392
MSFT,2016-04-29,15:42:00,49.94,49.97,49.93,49.94,77225
MSFT,2016-04-29,15:43:00,49.94,49.96,49.93,49.95,94686
MSFT,2016-04-29,15:44:00,49.95,49.95,49.89,49.92,109829
MSFT,2016-04-29,15:45:00,49.92,49.94,49.91,49.94,50436
MSFT,2016-04-29,15:46:00,49.94,50.02,49.92,50.02,254783
MSFT,2016-04-29,15:47:00,50.02,50.04,49.99,49.99,223303
MSFT,2016-04-29,15:48:00,49.99,50.00,49.93,49.94,132883
MSFT,2016-04-29,15:49:00,49.94,49.94,49.88,49.89,136876
MSFT,2016-04-29,15:50:00,49.90,49.90,49.85,49.85,223623
MSFT,2016-04-29,15:51:00,49.85,49.88,49.82,49.88,210430
MSFT,2016-04-29,15:52:00,49.88,49.93,49.87,49.91,172327
MSFT,2016-04-29,15:53:00,49.91,49.91,49.86,49.86,130391
MSFT,2016-04-29,15:54:00,49.86,49.87,49.82,49.84,162371
MSFT,2016-04-29,15:55:00,49.84,49.89,49.83,49.89,175742
MSFT,2016-04-29,15:56:00,49.90,49.93,49.85,49.88,239317
MSFT,2016-04-29,15:57:00,49.88,49.88,49.84,49.87,221813
MSFT,2016-04-29,15:58:00,49.87,49.88,49.84,49.86,302425
MSFT,2016-04-29,15:59:00,49.87,49.87,49.83,49.85,357334
MSFT,2016-04-29,16:00:00,49.85,49.91,49.83,49.87,4207530
