TSLA,2016-04-28,09:30:00,249.85,249.85,249.85,249.85,21575
TSLA,2016-04-28,09:31:00,249.86,250.00,249.21,249.87,23264
TSLA,2016-04-28,09:32:00,249.64,250.42,249.50,250.40,7601
TSLA,2016-04-28,09:33:00,250.44,251.63,250.09,251.15,20910
TSLA,2016-04-28,09:34:00,250.90,251.60,250.74,251.34,12280
TSLA,2016-04-28,09:35:00,251.17,251.66,251.17,251.35,12095
TSLA,2016-04-28,09:36:00,251.25,251.78,251.25,251.78,12915
TSLA,2016-04-28,09:37:00,251.82,252.22,251.49,252.13,12542
TSLA,2016-04-28,09:38:00,251.99,252.76,251.92,252.48,11797
TSLA,2016-04-28,09:39:00,252.19,252.42,251.76,252.15,11895
TSLA,2016-04-28,09:40:00,251.99,252.59,251.76,252.59,18361
TSLA,2016-04-28,09:41:00,252.32,252.46,251.90,252.14,26364
TSLA,2016-04-28,09:42:00,252.33,252.37,251.92,252.32,16552
TSLA,2016-04-28,09:43:00,252.23,252.33,251.93,252.11,3586
TSLA,2016-04-28,09:44:00,252.20,252.78,252.20,252.69,10925
TSLA,2016-04-28,09:45:00,252.71,252.89,252.57,252.57,21836
TSLA,2016-04-28,09:46:00,252.87,252.95,252.50,252.84,7071
TSLA,2016-04-28,09:47:00,252.65,252.82,252.34,252.48,15670
TSLA,2016-04-28,09:48:00,252.46,252.46,251.65,251.85,14550
TSLA,2016-04-28,09:49:00,252.05,252.29,251.71,252.25,7538
TSLA,2016-04-28,09:50:00,252.16,252.28,252.03,252.03,1538
TSLA,2016-04-28,09:51:00,252.01,252.28,251.55,251.73,6350
TSLA,2016-04-28,09:52:00,251.77,251.97,251.70,251.70,2400
TSLA,2016-04-28,09:53:00,251.76,251.91,251.32,251.61,4400
TSLA,2016-04-28,09:54:00,251.69,251.85,251.46,251.46,5003
TSLA,2016-04-28,09:55:00,251.51,251.85,251.51,251.85,5650
TSLA,2016-04-28,09:56:00,251.79,251.79,251.57,251.57,300
TSLA,2016-04-28,09:57:00,251.64,252.20,251.64,252.09,7269
TSLA,2016-04-28,09:58:00,252.18,252.40,251.87,252.06,13246
TSLA,2016-04-28,09:59:00,251.83,252.17,251.71,252.17,10191
TSLA,2016-04-28,10:00:00,252.10,252.10,251.89,251.99,1200
TSLA,2016-04-28,10:01:00,251.85,251.89,251.38,251.47,18426
TSLA,2016-04-28,10:02:00,251.51,251.51,250.77,251.16,23415
TSLA,2016-04-28,10:03:00,251.12,251.30,251.01,251.24,5354
TSLA,2016-04-28,10:04:00,251.37,251.37,251.06,251.06,4300
TSLA,2016-04-28,10:05:00,251.18,251.36,250.83,250.83,7920
TSLA,2016-04-28,10:06:00,251.20,251.20,250.63,250.78,6955
TSLA,2016-04-28,10:07:00,250.90,250.99,250.58,250.58,7907
TSLA,2016-04-28,10:08:00,250.49,250.68,250.21,250.50,8253
TSLA,2016-04-28,10:09:00,250.38,250.76,250.20,250.74,1908
TSLA,2016-04-28,10:10:00,250.96,250.96,250.34,250.52,7884
TSLA,2016-04-28,10:11:00,250.53,250.69,250.11,250.50,11750
TSLA,2016-04-28,10:12:00,250.78,250.88,250.29,250.29,4740
TSLA,2016-04-28,10:13:00,250.31,250.86,250.31,250.77,1813
TSLA,2016-04-28,10:14:00,250.63,250.78,250.50,250.50,2700
TSLA,2016-04-28,10:15:00,250.50,250.69,250.20,250.49,6281
TSLA,2016-04-28,10:16:00,250.52,250.85,250.50,250.68,6123
TSLA,2016-04-28,10:17:00,250.76,250.87,250.30,250.52,8198
TSLA,2016-04-28,10:18:00,250.30,250.74,250.30,250.53,5949
TSLA,2016-04-28,10:19:00,250.73,251.25,250.56,251.07,20104
TSLA,2016-04-28,10:20:00,251.15,251.15,250.74,250.79,4995
TSLA,2016-04-28,10:21:00,250.84,251.14,250.70,250.94,15828
TSLA,2016-04-28,10:22:00,250.94,251.12,250.68,250.86,13559
TSLA,2016-04-28,10:23:00,250.88,251.04,250.65,250.95,11745
TSLA,2016-04-28,10:24:00,250.95,250.98,250.65,250.94,1733
TSLA,2016-04-28,10:25:00,250.75,250.94,250.54,250.89,12750
TSLA,2016-04-28,10:26:00,250.92,251.00,250.64,250.80,5588
TSLA,2016-04-28,10:27:00,250.71,251.02,250.71,251.02,8466
TSLA,2016-04-28,10:28:00,251.10,251.42,251.05,251.35,3453
TSLA,2016-04-28,10:29:00,251.21,251.43,251.06,251.32,8592
TSLA,2016-04-28,10:30:00,251.20,251.33,251.04,251.33,2000
TSLA,2016-04-28,10:31:00,251.47,251.70,251.12,251.12,2885
TSLA,2016-04-28,10:32:00,251.11,251.26,250.80,250.80,3100
TSLA,2016-04-28,10:33:00,250.79,251.18,250.75,251.18,4900
TSLA,2016-04-28,10:34:00,251.19,251.51,251.11,251.14,3286
TSLA,2016-04-28,10:35:00,251.06,251.14,251.02,251.14,2700
TSLA,2016-04-28,10:36:00,251.18,251.49,251.05,251.25,8900
TSLA,2016-04-28,10:37:00,251.32,251.69,251.32,251.69,3892
TSLA,2016-04-28,10:38:00,251.68,252.18,251.49,252.08,10555
TSLA,2016-04-28,10:39:00,252.00,252.04,251.69,251.70,7060
TSLA,2016-04-28,10:40:00,251.77,251.99,251.71,251.71,5740
TSLA,2016-04-28,10:41:00,251.80,252.10,251.65,251.98,12027
TSLA,2016-04-28,10:42:00,251.94,251.94,251.73,251.86,3252
TSLA,2016-04-28,10:43:00,251.81,251.88,251.60,251.70,12169
TSLA,2016-04-28,10:44:00,251.72,251.82,251.06,251.40,9000
TSLA,2016-04-28,10:45:00,251.40,251.66,251.30,251.46,5505
TSLA,2016-04-28,10:46:00,251.66,251.72,251.26,251.38,4550
TSLA,2016-04-28,10:47:00,251.44,251.74,251.42,251.74,4354
TSLA,2016-04-28,10:48:00,251.74,251.96,251.72,251.72,3912
TSLA,2016-04-28,10:49:00,251.79,251.85,251.65,251.77,2370
TSLA,2016-04-28,10:50:00,251.87,251.87,251.74,251.75,2500
TSLA,2016-04-28,10:51:00,251.85,251.85,251.65,251.69,2100
TSLA,2016-04-28,10:52:00,251.80,251.80,251.52,251.69,5490
TSLA,2016-04-28,10:53:00,251.72,251.75,251.52,251.58,11184
TSLA,2016-04-28,10:54:00,251.58,251.72,251.58,251.70,2700
TSLA,2016-04-28,10:55:00,251.68,251.95,251.58,251.77,9651
TSLA,2016-04-28,10:56:00,251.71,251.82,251.60,251.82,7203
TSLA,2016-04-28,10:57:00,251.81,252.10,251.81,251.97,7347
TSLA,2016-04-28,10:58:00,252.08,252.17,251.81,251.84,10762
TSLA,2016-04-28,10:59:00,251.86,252.08,251.86,252.06,8868
TSLA,2016-04-28,11:00:00,252.09,252.10,251.99,252.10,4808
TSLA,2016-04-28,11:01:00,252.14,252.29,252.03,252.29,4011
TSLA,2016-04-28,11:02:00,252.16,252.35,252.11,252.12,4557
TSLA,2016-04-28,11:03:00,252.28,252.65,252.28,252.65,9608
TSLA,2016-04-28,11:04:00,252.66,252.72,252.52,252.52,2304
TSLA,2016-04-28,11:05:00,252.58,252.75,252.47,252.70,11504
TSLA,2016-04-28,11:06:00,252.68,252.79,252.60,252.79,3355
TSLA,2016-04-28,11:07:00,252.76,252.93,252.76,252.86,3697
TSLA,2016-04-28,11:08:00,252.94,252.94,252.67,252.69,2108
TSLA,2016-04-28,11:09:00,252.80,252.80,252.63,252.73,850
TSLA,2016-04-28,11:10:00,252.79,252.80,252.65,252.74,1350
TSLA,2016-04-28,11:11:00,252.72,252.96,252.69,252.69,3982
TSLA,2016-04-28,11:12:00,252.64,252.71,252.27,252.50,12604
TSLA,2016-04-28,11:13:00,252.50,252.64,252.38,252.46,4315
TSLA,2016-04-28,11:14:00,252.57,252.69,252.48,252.55,9650
TSLA,2016-04-28,11:15:00,252.45,252.61,252.29,252.50,6052
TSLA,2016-04-28,11:16:00,252.64,252.75,252.64,252.75,1524
TSLA,2016-04-28,11:17:00,252.74,252.78,252.42,252.52,1463
TSLA,2016-04-28,11:18:00,252.66,252.66,252.41,252.58,676
TSLA,2016-04-28,11:19:00,252.73,252.78,252.55,252.55,5230
TSLA,2016-04-28,11:20:00,252.74,252.77,252.52,252.69,9733
TSLA,2016-04-28,11:21:00,252.69,253.05,252.69,253.05,8794
TSLA,2016-04-28,11:22:00,253.04,253.23,253.00,253.00,5700
TSLA,2016-04-28,11:23:00,252.99,253.12,252.99,253.11,1700
TSLA,2016-04-28,11:24:00,253.15,253.40,253.15,253.21,8033
TSLA,2016-04-28,11:25:00,253.09,253.38,253.09,253.37,2140
TSLA,2016-04-28,11:26:00,253.38,253.43,253.29,253.43,3656
TSLA,2016-04-28,11:27:00,253.42,253.43,253.20,253.20,2584
TSLA,2016-04-28,11:28:00,253.18,253.33,253.16,253.33,1050
TSLA,2016-04-28,11:29:00,253.31,253.31,253.09,253.30,6867
TSLA,2016-04-28,11:30:00,253.19,253.29,253.12,253.25,700
TSLA,2016-04-28,11:31:00,253.19,253.43,253.19,253.43,701
TSLA,2016-04-28,11:32:00,253.36,253.36,253.29,253.34,462
TSLA,2016-04-28,11:33:00,253.28,253.28,253.09,253.19,2850
TSLA,2016-04-28,11:34:00,253.20,253.20,253.00,253.00,1638
TSLA,2016-04-28,11:35:00,253.08,253.08,252.88,252.93,2630
TSLA,2016-04-28,11:36:00,253.00,253.03,252.90,252.90,750
TSLA,2016-04-28,11:37:00,252.82,252.83,252.33,252.55,4550
TSLA,2016-04-28,11:38:00,252.57,252.73,252.52,252.59,1200
TSLA,2016-04-28,11:39:00,252.73,252.78,252.73,252.75,1200
TSLA,2016-04-28,11:40:00,252.75,253.15,252.70,252.99,5584
TSLA,2016-04-28,11:41:00,253.02,253.19,253.00,253.03,5344
TSLA,2016-04-28,11:42:00,252.89,252.98,252.80,252.87,4376
TSLA,2016-04-28,11:43:00,252.87,252.87,252.74,252.75,3190
TSLA,2016-04-28,11:44:00,252.89,252.90,252.89,252.90,400
TSLA,2016-04-28,11:45:00,252.86,252.86,252.46,252.47,4616
TSLA,2016-04-28,11:46:00,252.54,252.65,252.52,252.65,1450
TSLA,2016-04-28,11:47:00,252.80,252.80,252.79,252.80,300
TSLA,2016-04-28,11:48:00,252.68,252.68,251.89,252.11,13467
TSLA,2016-04-28,11:49:00,252.10,252.18,252.10,252.16,3100
TSLA,2016-04-28,11:50:00,252.35,252.38,251.97,252.15,2892
TSLA,2016-04-28,11:51:00,252.30,252.38,252.19,252.19,1200
TSLA,2016-04-28,11:52:00,252.11,252.14,251.63,251.63,11307
TSLA,2016-04-28,11:53:00,251.53,251.90,251.22,251.66,15857
TSLA,2016-04-28,11:54:00,251.74,251.90,251.51,251.90,14981
TSLA,2016-04-28,11:55:00,251.90,252.09,251.90,251.97,2371
TSLA,2016-04-28,11:56:00,251.96,252.05,251.85,252.05,1000
TSLA,2016-04-28,11:57:00,252.05,252.25,252.00,252.25,2700
TSLA,2016-04-28,11:58:00,252.23,252.25,251.92,252.00,3603
TSLA,2016-04-28,11:59:00,252.00,252.22,251.97,252.20,2107
TSLA,2016-04-28,12:00:00,252.21,252.45,252.21,252.45,3279
TSLA,2016-04-28,12:01:00,252.36,252.73,252.36,252.65,2500
TSLA,2016-04-28,12:02:00,252.57,252.76,252.56,252.76,1621
TSLA,2016-04-28,12:03:00,252.66,252.76,252.50,252.60,2382
TSLA,2016-04-28,12:04:00,252.62,252.66,252.31,252.66,10200
TSLA,2016-04-28,12:05:00,252.50,253.00,252.50,252.95,10101
TSLA,2016-04-28,12:06:00,252.86,253.04,252.86,253.04,4946
TSLA,2016-04-28,12:07:00,252.95,253.03,252.86,252.89,2591
TSLA,2016-04-28,12:08:00,252.81,252.81,252.58,252.58,1120
TSLA,2016-04-28,12:09:00,252.70,252.70,252.60,252.60,861
TSLA,2016-04-28,12:10:00,252.65,252.70,252.53,252.69,1428
TSLA,2016-04-28,12:11:00,252.68,252.82,252.63,252.63,1258
TSLA,2016-04-28,12:12:00,252.83,252.90,252.57,252.85,5080
TSLA,2016-04-28,12:13:00,252.79,252.81,252.57,252.75,1991
TSLA,2016-04-28,12:14:00,252.56,252.83,252.50,252.83,1886
TSLA,2016-04-28,12:15:00,252.60,252.65,252.50,252.65,4366
TSLA,2016-04-28,12:16:00,252.55,252.62,252.48,252.61,2850
TSLA,2016-04-28,12:17:00,252.56,252.60,252.50,252.51,2110
TSLA,2016-04-28,12:18:00,252.51,252.59,252.50,252.57,1452
TSLA,2016-04-28,12:19:00,252.57,252.78,252.57,252.58,2414
TSLA,2016-04-28,12:20:00,252.45,252.62,252.16,252.17,5505
TSLA,2016-04-28,12:21:00,252.27,252.51,252.15,252.51,7367
TSLA,2016-04-28,12:22:00,252.50,252.62,252.18,252.18,6601
TSLA,2016-04-28,12:23:00,252.30,252.50,252.30,252.50,500
TSLA,2016-04-28,12:24:00,252.26,252.59,252.23,252.54,4635
TSLA,2016-04-28,12:25:00,252.60,252.60,252.47,252.47,1255
TSLA,2016-04-28,12:26:00,252.44,252.76,252.41,252.54,8143
TSLA,2016-04-28,12:27:00,252.70,252.70,252.66,252.66,200
TSLA,2016-04-28,12:28:00,252.78,252.80,252.67,252.71,500
TSLA,2016-04-28,12:29:00,252.67,252.70,252.63,252.70,950
TSLA,2016-04-28,12:30:00,252.70,252.70,252.60,252.60,900
TSLA,2016-04-28,12:31:00,252.63,252.70,252.63,252.70,300
TSLA,2016-04-28,12:32:00,252.51,252.59,252.51,252.59,200
TSLA,2016-04-28,12:33:00,252.63,252.70,252.60,252.62,4501
TSLA,2016-04-28,12:34:00,252.75,252.75,252.55,252.55,1640
TSLA,2016-04-28,12:35:00,252.56,252.56,252.56,252.56,100
TSLA,2016-04-28,12:36:00,252.60,252.73,252.57,252.57,873
TSLA,2016-04-28,12:37:00,252.57,252.57,252.31,252.40,2871
TSLA,2016-04-28,12:38:00,252.47,252.52,252.36,252.44,1415
TSLA,2016-04-28,12:39:00,252.40,252.76,252.40,252.76,1658
TSLA,2016-04-28,12:40:00,252.72,252.96,252.72,252.96,1928
TSLA,2016-04-28,12:41:00,252.84,252.88,252.81,252.81,1000
TSLA,2016-04-28,12:42:00,252.73,252.73,252.66,252.71,500
TSLA,2016-04-28,12:44:00,252.55,252.77,252.48,252.69,4366
TSLA,2016-04-28,12:45:00,252.70,252.80,252.63,252.80,4641
TSLA,2016-04-28,12:46:00,252.88,252.88,252.74,252.80,700
TSLA,2016-04-28,12:47:00,252.69,252.69,252.63,252.68,700
TSLA,2016-04-28,12:48:00,252.53,252.56,252.42,252.42,1845
TSLA,2016-04-28,12:49:00,252.48,252.49,252.39,252.40,2575
TSLA,2016-04-28,12:50:00,252.38,252.40,252.09,252.26,2600
TSLA,2016-04-28,12:51:00,252.28,252.47,252.10,252.16,5772
TSLA,2016-04-28,12:52:00,252.23,252.23,251.70,251.71,6457
TSLA,2016-04-28,12:53:00,251.97,252.15,251.85,251.93,9125
TSLA,2016-04-28,12:54:00,252.00,252.13,252.00,252.13,1583
TSLA,2016-04-28,12:55:00,252.09,252.11,251.97,251.97,3633
TSLA,2016-04-28,12:56:00,251.85,251.95,251.82,251.95,670
TSLA,2016-04-28,12:57:00,252.04,252.08,251.89,251.89,4437
TSLA,2016-04-28,12:58:00,251.99,252.26,251.94,252.18,1439
TSLA,2016-04-28,12:59:00,252.19,252.19,252.19,252.19,100
TSLA,2016-04-28,13:00:00,252.17,252.17,252.00,252.10,1840
TSLA,2016-04-28,13:01:00,252.12,252.16,252.00,252.00,1460
TSLA,2016-04-28,13:02:00,252.13,252.13,251.93,251.98,700
TSLA,2016-04-28,13:03:00,252.10,252.20,251.88,251.88,3041
TSLA,2016-04-28,13:04:00,251.99,251.99,251.58,251.58,6542
TSLA,2016-04-28,13:05:00,251.65,251.69,251.31,251.44,9563
TSLA,2016-04-28,13:06:00,251.47,251.66,251.37,251.37,3600
TSLA,2016-04-28,13:07:00,251.38,251.63,251.35,251.36,4112
TSLA,2016-04-28,13:08:00,251.38,251.63,251.38,251.63,3100
TSLA,2016-04-28,13:09:00,251.58,251.58,251.48,251.53,700
TSLA,2016-04-28,13:10:00,251.58,251.59,251.45,251.59,3949
TSLA,2016-04-28,13:11:00,251.50,251.55,251.37,251.51,5799
TSLA,2016-04-28,13:12:00,251.49,251.63,251.41,251.62,1687
TSLA,2016-04-28,13:13:00,251.55,251.55,251.42,251.42,1700
TSLA,2016-04-28,13:14:00,251.61,252.00,251.61,252.00,6795
TSLA,2016-04-28,13:15:00,252.00,252.10,251.90,252.09,4050
TSLA,2016-04-28,13:16:00,252.06,252.06,251.92,252.04,4753
TSLA,2016-04-28,13:17:00,251.88,251.95,251.70,251.85,3414
TSLA,2016-04-28,13:18:00,251.83,251.87,251.71,251.87,4028
TSLA,2016-04-28,13:19:00,251.90,251.97,251.78,251.83,1300
TSLA,2016-04-28,13:20:00,251.97,251.97,251.83,251.83,200
TSLA,2016-04-28,13:21:00,251.89,251.95,251.89,251.95,250
TSLA,2016-04-28,13:22:00,251.76,251.98,251.76,251.78,1750
TSLA,2016-04-28,13:23:00,251.86,251.95,251.77,251.81,2200
TSLA,2016-04-28,13:24:00,251.80,251.82,251.76,251.76,2782
TSLA,2016-04-28,13:25:00,251.83,251.99,251.79,251.90,3650
TSLA,2016-04-28,13:26:00,251.96,251.96,251.96,251.96,100
TSLA,2016-04-28,13:27:00,251.93,252.08,251.93,252.04,5652
TSLA,2016-04-28,13:28:00,251.94,252.07,251.80,251.86,3400
TSLA,2016-04-28,13:29:00,251.89,252.01,251.89,251.90,1200
TSLA,2016-04-28,13:30:00,251.99,252.09,251.82,251.90,6643
TSLA,2016-04-28,13:31:00,251.80,251.95,251.80,251.90,500
TSLA,2016-04-28,13:32:00,251.82,251.90,251.82,251.85,2400
TSLA,2016-04-28,13:33:00,251.85,252.12,251.84,252.03,4049
TSLA,2016-04-28,13:34:00,252.12,252.12,252.04,252.04,1200
TSLA,2016-04-28,13:35:00,252.16,252.20,252.03,252.04,2719
TSLA,2016-04-28,13:36:00,252.04,252.04,251.91,251.91,911
TSLA,2016-04-28,13:37:00,251.94,252.04,251.94,252.04,500
TSLA,2016-04-28,13:38:00,252.00,252.03,252.00,252.03,200
TSLA,2016-04-28,13:39:00,251.95,252.12,251.95,252.12,1458
TSLA,2016-04-28,13:40:00,252.11,252.14,252.01,252.04,5300
TSLA,2016-04-28,13:41:00,252.16,252.20,251.89,251.96,2873
TSLA,2016-04-28,13:42:00,252.02,252.22,251.90,252.03,5478
TSLA,2016-04-28,13:43:00,252.04,252.23,252.04,252.23,500
TSLA,2016-04-28,13:44:00,252.10,252.41,252.09,252.41,5077
TSLA,2016-04-28,13:45:00,252.40,252.40,252.40,252.40,300
TSLA,2016-04-28,13:46:00,252.38,252.38,252.08,252.09,2147
TSLA,2016-04-28,13:47:00,252.08,252.22,252.00,252.22,2000
TSLA,2016-04-28,13:48:00,252.22,252.25,251.97,252.14,5200
TSLA,2016-04-28,13:49:00,252.11,252.11,252.10,252.11,600
TSLA,2016-04-28,13:50:00,252.10,252.10,252.10,252.10,600
TSLA,2016-04-28,13:51:00,252.18,252.28,252.16,252.16,850
TSLA,2016-04-28,13:52:00,252.26,252.26,252.26,252.26,100
TSLA,2016-04-28,13:53:00,252.28,252.33,252.28,252.30,600
TSLA,2016-04-28,13:54:00,252.33,252.33,252.08,252.23,3500
TSLA,2016-04-28,13:55:00,252.13,252.25,252.13,252.25,600
TSLA,2016-04-28,13:56:00,252.24,252.36,252.17,252.28,1250
TSLA,2016-04-28,13:57:00,252.20,252.20,252.11,252.20,799
TSLA,2016-04-28,13:58:00,252.04,252.07,252.04,252.07,200
TSLA,2016-04-28,13:59:00,252.02,252.02,251.80,251.80,7107
TSLA,2016-04-28,14:00:00,251.84,251.84,251.71,251.72,2100
TSLA,2016-04-28,14:01:00,251.90,251.90,251.66,251.78,3906
TSLA,2016-04-28,14:02:00,251.85,252.00,251.78,252.00,2659
TSLA,2016-04-28,14:03:00,251.96,252.19,251.96,252.05,1800
TSLA,2016-04-28,14:04:00,252.10,252.11,252.03,252.03,1100
TSLA,2016-04-28,14:05:00,252.06,252.06,251.76,251.97,6101
TSLA,2016-04-28,14:06:00,251.96,252.07,251.95,252.03,800
TSLA,2016-04-28,14:07:00,252.03,252.04,252.03,252.03,400
TSLA,2016-04-28,14:08:00,252.04,252.04,251.85,251.85,450
TSLA,2016-04-28,14:09:00,251.95,251.97,251.77,251.88,4850
TSLA,2016-04-28,14:10:00,251.82,252.08,251.78,252.05,10201
TSLA,2016-04-28,14:11:00,252.05,252.09,252.05,252.09,300
TSLA,2016-04-28,14:12:00,252.00,252.04,251.91,252.04,2200
TSLA,2016-04-28,14:13:00,251.99,251.99,251.99,251.99,100
TSLA,2016-04-28,14:14:00,251.99,252.01,251.90,251.90,423
TSLA,2016-04-28,14:15:00,251.99,252.04,251.89,252.02,3273
TSLA,2016-04-28,14:16:00,252.02,252.02,251.82,251.91,4739
TSLA,2016-04-28,14:17:00,252.02,252.02,251.77,251.93,6068
TSLA,2016-04-28,14:18:00,251.72,251.84,251.60,251.61,13246
TSLA,2016-04-28,14:19:00,251.75,252.05,251.75,251.92,3350
TSLA,2016-04-28,14:20:00,252.02,252.02,251.81,251.81,2544
TSLA,2016-04-28,14:21:00,251.86,251.86,251.74,251.74,4453
TSLA,2016-04-28,14:22:00,251.71,252.05,251.69,251.89,6782
TSLA,2016-04-28,14:23:00,251.81,251.86,251.59,251.80,6400
TSLA,2016-04-28,14:24:00,251.68,251.96,251.68,251.96,1400
TSLA,2016-04-28,14:25:00,251.85,251.96,251.85,251.96,1222
TSLA,2016-04-28,14:26:00,252.00,252.08,251.80,251.80,1400
TSLA,2016-04-28,14:27:00,251.81,251.94,251.81,251.87,500
TSLA,2016-04-28,14:28:00,251.83,251.97,251.82,251.87,1400
TSLA,2016-04-28,14:29:00,251.83,251.90,251.73,251.88,1082
TSLA,2016-04-28,14:30:00,251.81,251.81,251.40,251.60,15968
TSLA,2016-04-28,14:31:00,251.61,251.61,251.46,251.56,3224
TSLA,2016-04-28,14:32:00,251.51,251.57,251.43,251.43,1325
TSLA,2016-04-28,14:33:00,251.43,251.72,251.43,251.72,875
TSLA,2016-04-28,14:34:00,251.84,251.84,251.84,251.84,100
TSLA,2016-04-28,14:35:00,251.71,251.71,251.54,251.54,500
TSLA,2016-04-28,14:36:00,251.72,251.77,251.72,251.77,500
TSLA,2016-04-28,14:37:00,251.76,251.76,251.48,251.48,3211
TSLA,2016-04-28,14:38:00,251.47,251.49,251.23,251.45,6287
TSLA,2016-04-28,14:39:00,251.37,251.81,251.31,251.81,13350
TSLA,2016-04-28,14:40:00,251.80,252.08,251.73,251.82,20416
TSLA,2016-04-28,14:41:00,251.90,252.10,251.71,252.05,12603
TSLA,2016-04-28,14:42:00,252.14,252.17,251.95,251.95,12117
TSLA,2016-04-28,14:43:00,251.95,252.16,251.90,252.14,3600
TSLA,2016-04-28,14:44:00,252.05,252.27,252.05,252.27,9234
TSLA,2016-04-28,14:45:00,252.34,252.34,252.19,252.19,4040
TSLA,2016-04-28,14:46:00,252.22,252.22,251.70,251.70,4600
TSLA,2016-04-28,14:47:00,251.97,251.98,251.58,251.58,4950
TSLA,2016-04-28,14:48:00,251.59,251.59,251.41,251.47,8503
TSLA,2016-04-28,14:49:00,251.49,251.59,251.28,251.46,2953
TSLA,2016-04-28,14:50:00,251.49,251.54,251.36,251.40,2400
TSLA,2016-04-28,14:51:00,251.46,251.79,251.41,251.77,5447
TSLA,2016-04-28,14:52:00,251.82,251.82,251.64,251.68,4151
TSLA,2016-04-28,14:53:00,251.63,251.73,251.57,251.66,4140
TSLA,2016-04-28,14:54:00,251.74,251.79,251.56,251.75,2700
TSLA,2016-04-28,14:55:00,251.61,251.79,251.48,251.48,3400
TSLA,2016-04-28,14:56:00,251.58,251.69,251.35,251.68,4593
TSLA,2016-04-28,14:57:00,251.48,251.56,251.48,251.56,1800
TSLA,2016-04-28,14:58:00,251.55,251.61,251.55,251.61,1320
TSLA,2016-04-28,14:59:00,251.59,251.59,251.27,251.45,2800
TSLA,2016-04-28,15:00:00,251.45,251.48,251.34,251.38,1300
TSLA,2016-04-28,15:01:00,251.29,251.42,251.12,251.12,10187
TSLA,2016-04-28,15:02:00,251.22,251.22,250.90,251.05,9688
TSLA,2016-04-28,15:03:00,251.05,251.09,251.00,251.04,1010
TSLA,2016-04-28,15:04:00,251.03,251.18,251.00,251.01,3596
TSLA,2016-04-28,15:05:00,250.99,251.00,250.85,251.00,5139
TSLA,2016-04-28,15:06:00,250.90,251.11,250.90,251.04,1425
TSLA,2016-04-28,15:07:00,251.02,251.09,250.84,250.98,2800
TSLA,2016-04-28,15:08:00,250.96,251.21,250.90,251.21,2964
TSLA,2016-04-28,15:09:00,251.16,251.20,251.00,251.00,2200
TSLA,2016-04-28,15:10:00,251.02,251.02,250.59,250.59,11959
TSLA,2016-04-28,15:11:00,250.55,250.57,250.40,250.42,7084
TSLA,2016-04-28,15:12:00,250.42,250.56,250.34,250.56,2121
TSLA,2016-04-28,15:13:00,250.41,250.43,250.30,250.42,1693
TSLA,2016-04-28,15:14:00,250.42,250.42,250.10,250.23,5748
TSLA,2016-04-28,15:15:00,250.30,250.32,250.04,250.12,600
TSLA,2016-04-28,15:16:00,250.13,250.59,249.92,250.58,11098
TSLA,2016-04-28,15:17:00,250.46,250.66,250.27,250.35,2457
TSLA,2016-04-28,15:18:00,250.29,250.33,250.06,250.33,5020
TSLA,2016-04-28,15:19:00,250.27,250.28,249.70,250.11,6747
TSLA,2016-04-28,15:20:00,250.06,250.06,249.75,249.75,7200
TSLA,2016-04-28,15:21:00,249.87,250.15,249.85,250.00,13581
TSLA,2016-04-28,15:22:00,249.99,249.99,249.65,249.78,5785
TSLA,2016-04-28,15:23:00,249.80,249.84,249.60,249.64,4403
TSLA,2016-04-28,15:24:00,249.65,249.84,249.57,249.65,2232
TSLA,2016-04-28,15:25:00,249.56,249.61,249.52,249.58,1300
TSLA,2016-04-28,15:26:00,249.52,249.58,249.10,249.18,15909
TSLA,2016-04-28,15:27:00,249.16,249.55,249.14,249.48,5613
TSLA,2016-04-28,15:28:00,249.55,249.73,249.43,249.44,15278
TSLA,2016-04-28,15:29:00,249.40,249.41,249.04,249.04,8534
TSLA,2016-04-28,15:30:00,249.04,249.10,248.70,248.72,21189
TSLA,2016-04-28,15:31:00,248.72,249.22,248.69,248.91,6635
TSLA,2016-04-28,15:32:00,249.15,249.15,248.96,248.99,6880
TSLA,2016-04-28,15:33:00,249.04,249.04,248.80,248.82,3559
TSLA,2016-04-28,15:34:00,248.80,248.89,248.33,248.39,11791
TSLA,2016-04-28,15:35:00,248.39,248.53,248.26,248.38,11565
TSLA,2016-04-28,15:36:00,248.44,248.74,248.43,248.74,7470
TSLA,2016-04-28,15:37:00,248.63,249.16,248.63,248.89,9734
TSLA,2016-04-28,15:38:00,248.92,248.92,248.55,248.74,3432
TSLA,2016-04-28,15:39:00,248.68,248.75,248.50,248.66,4550
TSLA,2016-04-28,15:40:00,248.71,248.71,248.50,248.56,3142
TSLA,2016-04-28,15:41:00,248.67,248.76,248.61,248.73,3150
TSLA,2016-04-28,15:42:00,248.67,249.00,248.59,249.00,7040
TSLA,2016-04-28,15:43:00,248.94,249.00,248.63,249.00,3500
TSLA,2016-04-28,15:44:00,249.00,249.19,248.84,249.08,7933
TSLA,2016-04-28,15:45:00,249.14,249.14,248.89,248.98,4155
TSLA,2016-04-28,15:46:00,249.05,249.20,249.00,249.20,2400
TSLA,2016-04-28,15:47:00,249.13,249.13,249.06,249.11,1300
TSLA,2016-04-28,15:48:00,249.17,249.49,249.17,249.41,7160
TSLA,2016-04-28,15:49:00,249.39,249.41,249.02,249.02,5955
TSLA,2016-04-28,15:50:00,248.96,249.01,248.56,248.56,4941
TSLA,2016-04-28,15:51:00,248.56,248.81,248.56,248.71,5330
TSLA,2016-04-28,15:52:00,248.76,248.96,248.65,248.83,16814
TSLA,2016-04-28,15:53:00,248.77,248.94,248.57,248.57,5681
TSLA,2016-04-28,15:54:00,248.51,248.67,248.10,248.10,17226
TSLA,2016-04-28,15:55:00,248.05,248.31,248.03,248.25,13959
TSLA,2016-04-28,15:56:00,248.25,248.29,247.64,247.66,22964
TSLA,2016-04-28,15:57:00,247.74,248.03,247.70,247.70,9466
TSLA,2016-04-28,15:58:00,247.81,247.81,247.44,247.45,23262
TSLA,2016-04-28,15:59:00,247.45,247.82,247.45,247.69,15958
TSLA,2016-04-28,16:00:00,247.73,247.88,247.54,247.71,51263
TSLA,2016-04-29,09:30:00,248.14,248.39,248.13,248.19,49424
TSLA,2016-04-29,09:31:00,248.40,248.43,246.71,246.71,23747
TSLA,2016-04-29,09:32:00,246.90,246.90,245.67,245.88,34940
TSLA,2016-04-29,09:33:00,245.75,246.39,245.67,245.98,23538
TSLA,2016-04-29,09:34:00,246.03,246.69,245.90,246.35,31555
TSLA,2016-04-29,09:35:00,246.53,247.99,246.49,247.12,36465
TSLA,2016-04-29,09:36:00,247.13,247.13,246.63,246.86,13379
TSLA,2016-04-29,09:37:00,246.91,247.50,246.71,247.05,11915
TSLA,2016-04-29,09:38:00,246.93,247.96,246.73,247.77,31819
TSLA,2016-04-29,09:39:00,247.68,248.00,247.40,247.81,25007
TSLA,2016-04-29,09:40:00,247.84,247.84,247.50,247.61,7765
TSLA,2016-04-29,09:41:00,247.65,247.98,247.31,247.31,15903
TSLA,2016-04-29,09:42:00,247.46,247.62,246.86,246.86,7613
TSLA,2016-04-29,09:43:00,246.88,247.09,246.22,246.84,11710
TSLA,2016-04-29,09:44:00,247.02,247.02,246.33,246.58,17170
TSLA,2016-04-29,09:45:00,246.47,247.00,246.18,246.32,14993
TSLA,2016-04-29,09:46:00,246.54,246.95,246.34,246.42,11808
TSLA,2016-04-29,09:47:00,246.28,246.34,245.90,246.16,19250
TSLA,2016-04-29,09:48:00,246.04,246.55,245.85,246.55,17553
TSLA,2016-04-29,09:49:00,246.19,246.43,246.00,246.07,8469
TSLA,2016-04-29,09:50:00,246.00,246.14,245.84,246.01,9000
TSLA,2016-04-29,09:51:00,245.82,246.20,245.28,246.17,46343
TSLA,2016-04-29,09:52:00,246.26,246.26,245.60,245.62,16013
TSLA,2016-04-29,09:53:00,245.76,246.03,245.31,245.77,25183
TSLA,2016-04-29,09:54:00,245.69,245.81,245.35,245.72,6132
TSLA,2016-04-29,09:55:00,245.61,246.18,245.58,245.58,11556
TSLA,2016-04-29,09:56:00,245.75,246.12,245.64,245.96,5000
TSLA,2016-04-29,09:57:00,246.07,246.44,245.79,246.02,15185
TSLA,2016-04-29,09:58:00,246.06,246.10,245.88,246.05,1500
TSLA,2016-04-29,09:59:00,246.20,246.25,245.74,245.85,10096
TSLA,2016-04-29,10:00:00,245.86,245.88,245.67,245.88,5250
TSLA,2016-04-29,10:01:00,245.88,245.99,245.67,245.88,11775
TSLA,2016-04-29,10:02:00,245.75,246.16,245.60,245.93,22482
TSLA,2016-04-29,10:03:00,245.99,246.54,245.99,246.47,8779
TSLA,2016-04-29,10:04:00,246.35,246.62,246.26,246.47,29935
TSLA,2016-04-29,10:05:00,246.35,246.56,246.10,246.14,10794
TSLA,2016-04-29,10:06:00,246.11,246.29,245.95,246.03,7203
TSLA,2016-04-29,10:07:00,245.94,246.39,245.80,246.26,7110
TSLA,2016-04-29,10:08:00,246.34,246.47,246.06,246.06,10380
TSLA,2016-04-29,10:09:00,246.23,246.34,246.10,246.34,5941
TSLA,2016-04-29,10:10:00,246.33,246.47,245.96,245.98,11784
TSLA,2016-04-29,10:11:00,246.08,246.33,245.86,246.33,11906
TSLA,2016-04-29,10:12:00,246.32,246.50,246.15,246.38,13847
TSLA,2016-04-29,10:13:00,246.29,246.36,246.24,246.32,4804
TSLA,2016-04-29,10:14:00,246.34,246.43,246.12,246.16,4618
TSLA,2016-04-29,10:15:00,246.16,246.37,245.68,246.15,12352
TSLA,2016-04-29,10:16:00,246.10,246.35,246.03,246.25,5903
TSLA,2016-04-29,10:17:00,246.16,246.41,246.12,246.37,12289
TSLA,2016-04-29,10:18:00,246.30,246.39,246.12,246.30,17783
TSLA,2016-04-29,10:19:00,246.31,246.49,246.14,246.14,8183
TSLA,2016-04-29,10:20:00,246.32,246.65,246.10,246.40,7963
TSLA,2016-04-29,10:21:00,246.43,246.99,246.34,246.72,40802
TSLA,2016-04-29,10:22:00,246.73,246.88,246.45,246.65,17605
TSLA,2016-04-29,10:23:00,246.65,246.80,246.28,246.46,6011
TSLA,2016-04-29,10:24:00,246.53,246.71,246.20,246.20,5483
TSLA,2016-04-29,10:25:00,246.20,246.86,246.20,246.66,9772
TSLA,2016-04-29,10:26:00,246.48,246.78,246.45,246.64,6223
TSLA,2016-04-29,10:27:00,246.45,246.77,246.25,246.25,4648
TSLA,2016-04-29,10:28:00,246.29,246.80,246.14,246.33,9964
TSLA,2016-04-29,10:29:00,246.20,246.63,246.20,246.55,2811
TSLA,2016-04-29,10:30:00,246.62,246.62,246.43,246.43,2123
TSLA,2016-04-29,10:31:00,246.50,246.72,246.34,246.45,3360
TSLA,2016-04-29,10:32:00,246.50,246.51,246.32,246.35,3610
TSLA,2016-04-29,10:33:00,246.33,246.65,246.26,246.65,2993
TSLA,2016-04-29,10:34:00,246.63,246.72,246.32,246.54,7519
TSLA,2016-04-29,10:35:00,246.58,246.60,246.36,246.55,700
TSLA,2016-04-29,10:36:00,246.70,246.87,246.37,246.71,13411
TSLA,2016-04-29,10:37:00,246.70,246.95,246.57,246.62,13054
TSLA,2016-04-29,10:38:00,246.62,246.81,246.46,246.69,10294
TSLA,2016-04-29,10:39:00,246.67,246.78,246.56,246.73,4410
TSLA,2016-04-29,10:40:00,246.61,246.75,246.46,246.75,2548
TSLA,2016-04-29,10:41:00,246.73,246.79,246.49,246.50,3918
TSLA,2016-04-29,10:42:00,246.65,246.68,246.42,246.44,3985
TSLA,2016-04-29,10:43:00,246.53,246.64,246.40,246.49,5862
TSLA,2016-04-29,10:44:00,246.42,246.42,246.18,246.32,9178
TSLA,2016-04-29,10:45:00,246.30,246.36,245.62,245.76,23134
TSLA,2016-04-29,10:46:00,245.90,246.43,245.75,245.75,6450
TSLA,2016-04-29,10:47:00,245.78,245.92,245.58,245.58,6865
TSLA,2016-04-29,10:48:00,245.55,245.68,245.13,245.15,16082
TSLA,2016-04-29,10:49:00,245.16,245.44,245.16,245.36,9119
TSLA,2016-04-29,10:50:00,245.17,245.36,244.70,244.83,42814
TSLA,2016-04-29,10:51:00,244.71,244.80,244.50,244.56,4453
TSLA,2016-04-29,10:52:00,244.37,244.67,244.37,244.44,17241
TSLA,2016-04-29,10:53:00,244.41,244.59,244.40,244.45,9742
TSLA,2016-04-29,10:54:00,244.48,244.58,244.20,244.34,14103
TSLA,2016-04-29,10:55:00,244.20,244.50,244.20,244.21,11145
TSLA,2016-04-29,10:56:00,244.23,244.32,244.10,244.22,14609
TSLA,2016-04-29,10:57:00,244.11,244.29,243.84,243.84,18190
TSLA,2016-04-29,10:58:00,243.84,244.24,243.84,244.01,6210
TSLA,2016-04-29,10:59:00,244.06,244.28,243.97,244.09,13734
TSLA,2016-04-29,11:00:00,244.01,244.22,244.00,244.16,13250
TSLA,2016-04-29,11:01:00,244.09,244.32,244.06,244.27,12924
TSLA,2016-04-29,11:02:00,244.30,244.57,244.19,244.57,11777
TSLA,2016-04-29,11:03:00,244.45,244.56,244.27,244.42,13345
TSLA,2016-04-29,11:04:00,244.49,244.71,244.46,244.71,8477
TSLA,2016-04-29,11:05:00,244.60,245.37,244.57,244.88,20876
TSLA,2016-04-29,11:06:00,244.88,245.02,244.55,244.56,5505
TSLA,2016-04-29,11:07:00,244.63,244.75,244.30,244.67,13367
TSLA,2016-04-29,11:08:00,244.51,244.76,243.96,244.76,33825
TSLA,2016-04-29,11:09:00,244.73,244.95,244.54,244.57,11488
TSLA,2016-04-29,11:10:00,244.58,244.96,244.58,244.85,9280
TSLA,2016-04-29,11:11:00,244.80,244.82,244.39,244.64,8415
TSLA,2016-04-29,11:12:00,244.60,244.65,244.43,244.65,6443
TSLA,2016-04-29,11:13:00,244.54,244.75,244.52,244.74,3730
TSLA,2016-04-29,11:14:00,244.72,244.94,244.68,244.79,6391
TSLA,2016-04-29,11:15:00,244.76,244.90,244.55,244.55,7895
TSLA,2016-04-29,11:16:00,244.55,244.59,244.39,244.44,16315
TSLA,2016-04-29,11:17:00,244.50,244.53,244.16,244.21,15505
TSLA,2016-04-29,11:18:00,244.22,244.50,243.89,243.97,18754
TSLA,2016-04-29,11:19:00,243.90,244.11,243.90,243.96,3144
TSLA,2016-04-29,11:20:00,243.91,244.20,243.91,244.20,2960
TSLA,2016-04-29,11:21:00,244.10,244.10,243.50,243.63,11265
TSLA,2016-04-29,11:22:00,243.70,243.74,243.49,243.49,10634
TSLA,2016-04-29,11:23:00,243.49,243.51,243.08,243.12,19211
TSLA,2016-04-29,11:24:00,243.14,243.38,243.01,243.03,27286
TSLA,2016-04-29,11:25:00,243.10,243.19,242.87,242.97,18432
TSLA,2016-04-29,11:26:00,242.91,243.17,242.13,242.34,19113
TSLA,2016-04-29,11:27:00,242.45,242.92,242.34,242.51,4509
TSLA,2016-04-29,11:28:00,242.56,243.25,242.56,242.95,5116
TSLA,2016-04-29,11:29:00,243.12,243.30,242.50,242.50,20150
TSLA,2016-04-29,11:30:00,242.56,242.72,242.10,242.10,13353
TSLA,2016-04-29,11:31:00,242.15,242.32,241.80,242.10,47388
TSLA,2016-04-29,11:32:00,242.19,242.19,241.81,241.90,4384
TSLA,2016-04-29,11:33:00,241.91,242.17,241.80,242.04,12397
TSLA,2016-04-29,11:34:00,242.02,242.10,241.75,241.76,19049
TSLA,2016-04-29,11:35:00,241.76,241.89,241.51,241.51,9320
TSLA,2016-04-29,11:36:00,241.67,241.71,241.50,241.50,10072
TSLA,2016-04-29,11:37:00,241.47,241.53,241.34,241.37,9575
TSLA,2016-04-29,11:38:00,241.34,241.49,240.80,240.80,17025
TSLA,2016-04-29,11:39:00,240.98,240.98,240.32,240.32,23335
TSLA,2016-04-29,11:40:00,240.39,241.00,239.11,239.22,81617
TSLA,2016-04-29,11:41:00,239.12,240.17,238.97,240.00,44406
TSLA,2016-04-29,11:42:00,240.08,240.15,239.50,239.62,23660
TSLA,2016-04-29,11:43:00,239.52,239.95,239.51,239.75,15913
TSLA,2016-04-29,11:44:00,239.81,239.85,239.53,239.60,8512
TSLA,2016-04-29,11:45:00,239.53,239.82,239.50,239.69,27963
TSLA,2016-04-29,11:46:00,239.61,240.00,239.52,239.82,27047
TSLA,2016-04-29,11:47:00,239.87,240.88,239.83,240.43,52883
TSLA,2016-04-29,11:48:00,240.31,240.47,239.84,240.12,15399
TSLA,2016-04-29,11:49:00,240.07,240.50,240.00,240.43,15705
TSLA,2016-04-29,11:50:00,240.21,240.60,240.21,240.47,10831
TSLA,2016-04-29,11:51:00,240.39,240.57,240.24,240.50,23998
TSLA,2016-04-29,11:52:00,240.51,240.94,240.50,240.90,19476
TSLA,2016-04-29,11:53:00,240.74,241.07,240.74,241.07,10844
TSLA,2016-04-29,11:54:00,241.11,241.37,241.05,241.20,8792
TSLA,2016-04-29,11:55:00,241.27,241.54,241.19,241.43,12635
TSLA,2016-04-29,11:56:00,241.40,241.49,240.60,240.61,25950
TSLA,2016-04-29,11:57:00,240.79,240.83,240.33,240.50,10160
TSLA,2016-04-29,11:58:00,240.53,240.98,240.49,240.81,15917
TSLA,2016-04-29,11:59:00,240.79,240.86,240.55,240.67,5200
TSLA,2016-04-29,12:00:00,240.67,240.82,240.51,240.51,6633
TSLA,2016-04-29,12:01:00,240.55,240.85,240.51,240.84,12574
TSLA,2016-04-29,12:02:00,240.74,240.90,240.69,240.90,5363
TSLA,2016-04-29,12:03:00,240.86,241.40,240.77,241.29,15821
TSLA,2016-04-29,12:04:00,241.28,241.65,241.28,241.63,8142
TSLA,2016-04-29,12:05:00,241.62,242.27,241.51,241.90,19878
TSLA,2016-04-29,12:06:00,241.87,241.87,241.61,241.70,8003
TSLA,2016-04-29,12:07:00,241.64,241.74,241.42,241.59,6898
TSLA,2016-04-29,12:08:00,241.63,242.07,241.63,242.07,15818
TSLA,2016-04-29,12:09:00,242.00,242.23,241.42,241.90,21597
TSLA,2016-04-29,12:10:00,241.75,241.84,241.50,241.82,14342
TSLA,2016-04-29,12:11:00,241.71,241.95,241.69,241.85,7308
TSLA,2016-04-29,12:12:00,241.79,241.86,241.41,241.41,15697
TSLA,2016-04-29,12:13:00,241.40,241.52,241.25,241.46,6325
TSLA,2016-04-29,12:14:00,241.38,241.46,240.97,241.22,11473
TSLA,2016-04-29,12:15:00,241.16,241.38,241.02,241.15,5712
TSLA,2016-04-29,12:16:00,241.10,241.50,240.97,241.27,8443
TSLA,2016-04-29,12:17:00,241.40,241.54,241.15,241.30,5900
TSLA,2016-04-29,12:18:00,241.07,241.30,240.80,240.91,19707
TSLA,2016-04-29,12:19:00,240.96,241.23,240.85,241.08,12657
TSLA,2016-04-29,12:20:00,240.87,241.50,240.87,241.39,9557
TSLA,2016-04-29,12:21:00,241.07,241.10,241.03,241.03,7199
TSLA,2016-04-29,12:22:00,241.03,241.11,240.89,241.09,6306
TSLA,2016-04-29,12:23:00,241.05,241.10,240.75,241.04,10883
TSLA,2016-04-29,12:24:00,240.76,241.00,240.67,240.67,7539
TSLA,2016-04-29,12:25:00,240.84,240.93,240.67,240.80,1800
TSLA,2016-04-29,12:26:00,240.73,240.81,240.15,240.23,10058
TSLA,2016-04-29,12:27:00,240.22,240.50,240.22,240.41,4100
TSLA,2016-04-29,12:28:00,240.38,240.44,240.26,240.31,6210
TSLA,2016-04-29,12:29:00,240.26,240.28,239.67,239.89,28155
TSLA,2016-04-29,12:30:00,239.92,239.92,239.41,239.50,8640
TSLA,2016-04-29,12:31:00,239.41,239.51,239.10,239.13,13349
TSLA,2016-04-29,12:32:00,239.13,239.21,238.75,238.91,18920
TSLA,2016-04-29,12:33:00,238.78,238.90,238.43,238.53,21763
TSLA,2016-04-29,12:34:00,238.75,238.75,238.43,238.43,9850
TSLA,2016-04-29,12:35:00,238.43,238.75,238.41,238.58,25007
TSLA,2016-04-29,12:36:00,238.80,239.00,238.50,238.95,21928
TSLA,2016-04-29,12:37:00,238.93,239.09,238.81,239.09,11226
TSLA,2016-04-29,12:38:00,239.13,239.58,239.04,239.32,15667
TSLA,2016-04-29,12:39:00,239.43,239.53,239.10,239.38,18037
TSLA,2016-04-29,12:40:00,239.15,239.39,238.84,238.97,15957
TSLA,2016-04-29,12:41:00,238.89,238.99,238.59,238.60,11350
TSLA,2016-04-29,12:42:00,238.62,238.94,238.55,238.63,14732
TSLA,2016-04-29,12:43:00,238.63,238.91,238.51,238.73,8984
TSLA,2016-04-29,12:44:00,238.67,238.91,238.67,238.76,4923
TSLA,2016-04-29,12:45:00,238.72,238.95,238.72,238.73,4880
TSLA,2016-04-29,12:46:00,238.95,238.95,238.77,238.90,2731
TSLA,2016-04-29,12:47:00,238.86,239.41,238.75,239.28,13917
TSLA,2016-04-29,12:48:00,239.31,239.59,239.19,239.57,5120
TSLA,2016-04-29,12:49:00,239.70,239.92,239.67,239.78,8955
TSLA,2016-04-29,12:50:00,239.77,239.86,239.50,239.78,9660
TSLA,2016-04-29,12:51:00,239.63,239.96,239.63,239.86,9151
TSLA,2016-04-29,12:52:00,239.96,240.34,239.88,240.20,6704
TSLA,2016-04-29,12:53:00,240.31,240.35,240.11,240.22,3440
TSLA,2016-04-29,12:54:00,240.18,240.31,240.15,240.25,3120
TSLA,2016-04-29,12:55:00,240.22,240.35,240.06,240.06,4597
TSLA,2016-04-29,12:56:00,240.00,240.10,239.89,239.89,4424
TSLA,2016-04-29,12:57:00,239.94,240.00,239.29,239.29,12043
TSLA,2016-04-29,12:58:00,239.38,239.57,239.25,239.53,900
TSLA,2016-04-29,12:59:00,239.56,239.72,239.27,239.27,4599
TSLA,2016-04-29,13:00:00,239.25,239.60,239.16,239.42,14318
TSLA,2016-04-29,13:01:00,239.67,239.77,239.45,239.59,9530
TSLA,2016-04-29,13:02:00,239.47,239.64,239.36,239.53,2783
TSLA,2016-04-29,13:03:00,239.43,239.89,239.38,239.50,9970
TSLA,2016-04-29,13:04:00,239.65,240.19,239.50,239.83,8799
TSLA,2016-04-29,13:05:00,240.18,240.62,240.00,240.57,9453
TSLA,2016-04-29,13:06:00,240.51,240.99,240.42,240.74,17594
TSLA,2016-04-29,13:07:00,240.85,241.20,240.72,240.72,10026
TSLA,2016-04-29,13:08:00,240.86,241.11,240.86,241.11,7815
TSLA,2016-04-29,13:09:00,241.10,241.10,240.96,241.04,7177
TSLA,2016-04-29,13:10:00,241.09,241.21,240.90,241.00,14204
TSLA,2016-04-29,13:11:00,240.91,240.99,240.74,240.79,5921
TSLA,2016-04-29,13:12:00,241.00,241.14,240.94,240.97,3225
TSLA,2016-04-29,13:13:00,240.97,241.15,240.82,241.13,2723
TSLA,2016-04-29,13:14:00,241.02,241.16,241.02,241.15,7119
TSLA,2016-04-29,13:15:00,241.14,241.40,241.00,241.34,6978
TSLA,2016-04-29,13:16:00,241.27,241.27,241.06,241.06,5993
TSLA,2016-04-29,13:17:00,241.18,241.18,240.70,240.79,4813
TSLA,2016-04-29,13:18:00,240.97,240.97,240.68,240.75,10760
TSLA,2016-04-29,13:19:00,240.75,240.84,240.75,240.75,3039
TSLA,2016-04-29,13:20:00,241.00,241.00,240.92,240.95,1409
TSLA,2016-04-29,13:21:00,240.87,241.10,240.77,241.10,3280
TSLA,2016-04-29,13:22:00,240.99,241.24,240.84,241.12,10028
TSLA,2016-04-29,13:23:00,241.24,241.24,241.03,241.03,3832
TSLA,2016-04-29,13:24:00,241.03,241.40,241.03,241.35,2439
TSLA,2016-04-29,13:25:00,241.40,241.49,241.31,241.44,6927
TSLA,2016-04-29,13:26:00,241.48,241.56,241.40,241.42,5230
TSLA,2016-04-29,13:27:00,241.52,241.52,241.27,241.29,3757
TSLA,2016-04-29,13:28:00,241.43,241.43,241.00,241.00,2068
TSLA,2016-04-29,13:29:00,241.00,241.00,240.69,240.81,2601
TSLA,2016-04-29,13:30:00,240.75,240.75,240.50,240.70,6933
TSLA,2016-04-29,13:31:00,240.70,240.75,240.58,240.75,1130
TSLA,2016-04-29,13:32:00,240.71,240.71,240.30,240.30,3262
TSLA,2016-04-29,13:33:00,240.28,240.42,239.84,239.84,7574
TSLA,2016-04-29,13:34:00,239.81,240.11,239.81,240.11,5641
TSLA,2016-04-29,13:35:00,239.81,240.09,239.81,239.87,2775
TSLA,2016-04-29,13:36:00,239.71,240.02,239.71,239.95,3748
TSLA,2016-04-29,13:37:00,240.08,240.26,239.86,240.11,4418
TSLA,2016-04-29,13:38:00,240.02,240.15,240.00,240.01,1500
TSLA,2016-04-29,13:39:00,240.10,240.20,239.88,240.06,7898
TSLA,2016-04-29,13:40:00,240.00,240.00,239.69,239.91,6100
TSLA,2016-04-29,13:41:00,239.69,239.84,239.53,239.61,5163
TSLA,2016-04-29,13:42:00,239.51,239.69,239.24,239.37,5134
TSLA,2016-04-29,13:43:00,239.40,239.61,239.31,239.61,2200
TSLA,2016-04-29,13:44:00,239.58,239.58,239.01,239.01,9794
TSLA,2016-04-29,13:45:00,239.44,239.46,239.02,239.25,2014
TSLA,2016-04-29,13:46:00,239.45,239.60,239.27,239.45,7966
TSLA,2016-04-29,13:47:00,239.32,239.61,239.19,239.48,1861
TSLA,2016-04-29,13:48:00,239.41,239.66,239.22,239.53,2100
TSLA,2016-04-29,13:49:00,239.57,239.64,239.40,239.43,3438
TSLA,2016-04-29,13:50:00,239.47,239.72,239.47,239.50,400
TSLA,2016-04-29,13:51:00,239.73,239.99,239.65,239.78,4649
TSLA,2016-04-29,13:52:00,239.99,239.99,239.51,239.53,4200
TSLA,2016-04-29,13:53:00,239.68,239.85,239.45,239.45,4661
TSLA,2016-04-29,13:54:00,239.47,239.60,239.16,239.37,10360
TSLA,2016-04-29,13:55:00,239.27,239.39,238.90,238.90,13812
TSLA,2016-04-29,13:56:00,238.90,239.00,238.50,239.00,13853
TSLA,2016-04-29,13:57:00,238.70,238.83,238.39,238.39,17150
TSLA,2016-04-29,13:58:00,238.36,238.54,238.08,238.16,15471
TSLA,2016-04-29,13:59:00,238.16,238.29,238.01,238.21,12138
TSLA,2016-04-29,14:00:00,238.25,238.33,238.08,238.32,11514
TSLA,2016-04-29,14:01:00,238.32,238.58,238.32,238.40,12490
TSLA,2016-04-29,14:02:00,238.35,238.42,238.08,238.25,16968
TSLA,2016-04-29,14:03:00,238.19,238.75,238.18,238.65,37559
TSLA,2016-04-29,14:04:00,238.51,239.00,238.42,238.49,17534
TSLA,2016-04-29,14:05:00,238.58,238.72,238.37,238.72,15985
TSLA,2016-04-29,14:06:00,238.81,238.81,238.25,238.27,11615
TSLA,2016-04-29,14:07:00,238.40,238.40,238.20,238.21,11224
TSLA,2016-04-29,14:08:00,238.36,238.53,238.23,238.44,16582
TSLA,2016-04-29,14:09:00,238.36,238.45,238.12,238.14,5890
TSLA,2016-04-29,14:10:00,238.11,238.21,237.81,238.00,30001
TSLA,2016-04-29,14:11:00,238.05,238.27,237.96,238.21,13562
TSLA,2016-04-29,14:12:00,238.10,238.12,237.96,238.00,6859
TSLA,2016-04-29,14:13:00,238.04,238.26,237.97,238.15,3270
TSLA,2016-04-29,14:14:00,238.10,238.15,237.91,238.13,6788
TSLA,2016-04-29,14:15:00,238.05,238.17,237.99,238.15,4119
TSLA,2016-04-29,14:16:00,238.01,238.15,238.01,238.15,4010
TSLA,2016-04-29,14:17:00,238.16,238.45,238.13,238.35,3245
TSLA,2016-04-29,14:18:00,238.20,238.39,238.19,238.38,2726
TSLA,2016-04-29,14:19:00,238.50,238.61,238.49,238.52,2100
TSLA,2016-04-29,14:20:00,238.53,238.84,238.53,238.84,6700
TSLA,2016-04-29,14:21:00,238.73,238.74,238.50,238.50,8828
TSLA,2016-04-29,14:22:00,238.50,238.59,238.39,238.46,2271
TSLA,2016-04-29,14:23:00,238.41,238.79,238.32,238.71,3665
TSLA,2016-04-29,14:24:00,238.61,238.72,238.58,238.72,3480
TSLA,2016-04-29,14:25:00,238.78,239.00,238.78,238.80,8411
TSLA,2016-04-29,14:26:00,238.89,238.94,238.87,238.93,1680
TSLA,2016-04-29,14:27:00,238.99,239.24,238.99,239.20,3715
TSLA,2016-04-29,14:28:00,239.08,239.20,238.82,239.11,4540
TSLA,2016-04-29,14:29:00,239.15,239.15,238.84,239.04,7355
TSLA,2016-04-29,14:30:00,239.05,239.11,238.99,239.00,3801
TSLA,2016-04-29,14:31:00,239.00,239.17,238.93,239.17,6919
TSLA,2016-04-29,14:32:00,239.00,239.09,238.87,238.91,8005
TSLA,2016-04-29,14:33:00,238.91,239.00,238.74,238.75,6285
TSLA,2016-04-29,14:34:00,238.90,239.05,238.75,238.85,7277
TSLA,2016-04-29,14:35:00,238.77,238.80,238.60,238.62,5245
TSLA,2016-04-29,14:36:00,238.76,238.98,238.52,238.80,9630
TSLA,2016-04-29,14:37:00,238.71,238.83,238.66,238.83,1537
TSLA,2016-04-29,14:38:00,238.83,238.91,238.41,238.55,11890
TSLA,2016-04-29,14:39:00,238.55,238.77,238.26,238.42,5835
TSLA,2016-04-29,14:40:00,238.30,238.52,238.30,238.36,6039
TSLA,2016-04-29,14:41:00,238.36,238.40,238.00,238.15,13223
TSLA,2016-04-29,14:42:00,238.19,238.33,238.02,238.06,9533
TSLA,2016-04-29,14:43:00,238.25,238.31,238.11,238.21,9295
TSLA,2016-04-29,14:44:00,238.28,238.33,238.15,238.21,2951
TSLA,2016-04-29,14:45:00,238.28,238.28,238.00,238.00,7506
TSLA,2016-04-29,14:46:00,238.02,238.25,238.02,238.09,2010
TSLA,2016-04-29,14:47:00,238.25,238.42,238.22,238.37,7421
TSLA,2016-04-29,14:48:00,238.42,238.70,238.37,238.69,7320
TSLA,2016-04-29,14:49:00,238.75,238.82,238.64,238.73,3990
TSLA,2016-04-29,14:50:00,238.72,239.10,238.65,239.10,3373
TSLA,2016-04-29,14:51:00,239.10,239.16,238.67,238.69,5012
TSLA,2016-04-29,14:52:00,238.68,238.99,238.68,238.94,7801
TSLA,2016-04-29,14:53:00,238.87,238.93,238.71,238.79,6366
TSLA,2016-04-29,14:54:00,238.74,239.09,238.69,239.09,3554
TSLA,2016-04-29,14:55:00,238.96,239.09,238.96,239.09,3202
TSLA,2016-04-29,14:56:00,239.09,239.21,238.75,238.75,4550
TSLA,2016-04-29,14:57:00,239.09,239.09,238.47,238.62,10623
TSLA,2016-04-29,14:58:00,238.60,238.90,238.54,238.90,1974
TSLA,2016-04-29,14:59:00,238.80,238.88,238.60,238.60,5000
TSLA,2016-04-29,15:00:00,238.69,238.80,238.62,238.74,7168
TSLA,2016-04-29,15:01:00,238.75,238.88,238.63,238.75,5150
TSLA,2016-04-29,15:02:00,238.69,239.11,238.69,239.02,5259
TSLA,2016-04-29,15:03:00,238.97,239.20,238.85,238.89,4565
TSLA,2016-04-29,15:04:00,238.78,239.12,238.76,238.94,4434
TSLA,2016-04-29,15:05:00,238.91,239.00,238.85,238.94,1835
TSLA,2016-04-29,15:06:00,238.86,238.92,238.76,238.92,2232
TSLA,2016-04-29,15:07:00,238.91,239.24,238.89,239.24,3490
TSLA,2016-04-29,15:08:00,239.24,239.65,239.24,239.61,14748
TSLA,2016-04-29,15:09:00,239.65,239.77,239.57,239.60,8799
TSLA,2016-04-29,15:10:00,239.77,240.00,239.57,239.76,10897
TSLA,2016-04-29,15:11:00,239.71,239.79,239.43,239.43,5446
TSLA,2016-04-29,15:12:00,239.45,239.67,239.43,239.66,5964
TSLA,2016-04-29,15:13:00,239.63,239.66,239.54,239.66,3355
TSLA,2016-04-29,15:14:00,239.63,239.73,239.54,239.68,3326
TSLA,2016-04-29,15:15:00,239.64,240.00,239.63,240.00,7299
TSLA,2016-04-29,15:16:00,240.00,240.07,239.91,240.07,19239
TSLA,2016-04-29,15:17:00,240.11,240.46,239.99,240.21,14849
TSLA,2016-04-29,15:18:00,240.21,240.25,240.04,240.05,4176
TSLA,2016-04-29,15:19:00,240.00,240.35,240.00,240.35,4900
TSLA,2016-04-29,15:20:00,240.35,240.40,240.30,240.30,6072
TSLA,2016-04-29,15:21:00,240.29,240.45,240.21,240.24,7510
TSLA,2016-04-29,15:22:00,240.23,240.24,240.06,240.21,2747
TSLA,2016-04-29,15:23:00,240.21,240.35,240.11,240.31,4070
TSLA,2016-04-29,15:24:00,240.27,240.34,239.89,239.90,4810
TSLA,2016-04-29,15:25:00,239.89,240.60,239.89,240.00,13500
TSLA,2016-04-29,15:26:00,240.00,240.28,239.88,240.02,10051
TSLA,2016-04-29,15:27:00,240.02,240.02,239.62,239.62,5183
TSLA,2016-04-29,15:28:00,239.63,240.00,239.63,239.82,13824
TSLA,2016-04-29,15:29:00,239.83,239.97,239.79,239.87,5728
TSLA,2016-04-29,15:30:00,239.78,239.78,239.44,239.50,11022
TSLA,2016-04-29,15:31:00,239.56,239.79,239.50,239.79,2150
TSLA,2016-04-29,15:32:00,239.72,239.80,239.52,239.64,5100
TSLA,2016-04-29,15:33:00,239.67,240.34,239.67,240.25,15804
TSLA,2016-04-29,15:34:00,240.35,240.50,240.12,240.12,12336
TSLA,2016-04-29,15:35:00,240.32,240.52,240.29,240.52,7138
TSLA,2016-04-29,15:36:00,240.50,240.52,240.23,240.35,5728
TSLA,2016-04-29,15:37:00,240.42,240.42,240.27,240.36,5156
TSLA,2016-04-29,15:38:00,240.28,240.52,240.27,240.45,9459
TSLA,2016-04-29,15:39:00,240.42,240.73,240.41,240.45,18546
TSLA,2016-04-29,15:40:00,240.57,240.58,240.41,240.46,5549
TSLA,2016-04-29,15:41:00,240.50,240.68,240.50,240.54,7201
TSLA,2016-04-29,15:42:00,240.64,240.64,240.50,240.52,4643
TSLA,2016-04-29,15:43:00,240.51,240.73,240.51,240.73,11841
TSLA,2016-04-29,15:44:00,240.71,240.86,240.68,240.84,20390
TSLA,2016-04-29,15:45:00,240.80,241.07,240.80,241.07,13676
TSLA,2016-04-29,15:46:00,241.12,241.40,241.04,241.33,19726
TSLA,2016-04-29,15:47:00,241.40,241.78,241.40,241.60,27398
TSLA,2016-04-29,15:48:00,241.50,241.53,241.07,241.08,7604
TSLA,2016-04-29,15:49:00,241.08,241.23,240.75,240.82,6835
TSLA,2016-04-29,15:50:00,240.87,241.10,240.64,240.92,19245
TSLA,2016-04-29,15:51:00,240.92,240.95,240.78,240.81,10955
TSLA,2016-04-29,15:52:00,240.80,240.84,240.54,240.66,13186
TSLA,2016-04-29,15:53:00,240.66,240.89,240.65,240.77,7704
TSLA,2016-04-29,15:54:00,240.75,240.81,240.56,240.56,20026
TSLA,2016-04-29,15:55:00,240.62,240.79,240.48,240.71,18464
TSLA,2016-04-29,15:56:00,240.61,240.86,240.61,240.78,17704
TSLA,2016-04-29,15:57:00,240.77,240.78,240.43,240.46,29441
TSLA,2016-04-29,15:58:00,240.45,240.61,240.40,240.48,24115
TSLA,2016-04-29,15:59:00,240.46,240.60,240.30,240.60,40631
TSLA,2016-04-29,16:00:00,240.58,240.78,240.52,240.76,169337
