YHOO,2016-04-28,09:30:00,36.84,36.92,36.84,36.92,62916
YHOO,2016-04-28,09:31:00,36.92,36.98,36.83,36.97,38191
YHOO,2016-04-28,09:32:00,36.97,36.98,36.91,36.92,45630
YHOO,2016-04-28,09:33:00,36.92,36.94,36.85,36.87,17400
YHOO,2016-04-28,09:34:00,36.87,36.87,36.78,36.83,51988
YHOO,2016-04-28,09:35:00,36.81,36.83,36.75,36.75,22780
YHOO,2016-04-28,09:36:00,36.75,36.87,36.75,36.85,43983
YHOO,2016-04-28,09:37:00,36.84,36.86,36.80,36.83,20818
YHOO,2016-04-28,09:38:00,36.84,36.88,36.84,36.86,17423
YHOO,2016-04-28,09:39:00,36.85,36.88,36.83,36.87,27545
YHOO,2016-04-28,09:40:00,36.87,36.88,36.83,36.83,25280
YHOO,2016-04-28,09:41:00,36.84,36.91,36.81,36.91,35014
YHOO,2016-04-28,09:42:00,36.91,36.98,36.90,36.98,32709
YHOO,2016-04-28,09:43:00,36.97,37.05,36.96,37.04,58865
YHOO,2016-04-28,09:44:00,37.05,37.12,37.05,37.12,38914
YHOO,2016-04-28,09:45:00,37.13,37.19,37.12,37.13,43201
YHOO,2016-04-28,09:46:00,37.13,37.14,37.02,37.03,15617
YHOO,2016-04-28,09:47:00,37.03,37.07,37.03,37.07,16500
YHOO,2016-04-28,09:48:00,37.06,37.06,37.02,37.05,71063
YHOO,2016-04-28,09:49:00,37.05,37.09,37.03,37.03,41401
YHOO,2016-04-28,09:50:00,37.04,37.05,37.01,37.03,14458
YHOO,2016-04-28,09:51:00,37.03,37.05,37.03,37.05,6160
YHOO,2016-04-28,09:52:00,37.04,37.04,37.00,37.01,7149
YHOO,2016-04-28,09:53:00,37.00,37.00,36.96,36.98,13588
YHOO,2016-04-28,09:54:00,36.98,36.98,36.92,36.92,46342
YHOO,2016-04-28,09:55:00,36.92,36.92,36.88,36.88,23134
YHOO,2016-04-28,09:56:00,36.87,36.94,36.87,36.94,27611
YHOO,2016-04-28,09:57:00,36.94,36.95,36.87,36.88,29601
YHOO,2016-04-28,09:58:00,36.88,36.93,36.88,36.91,38186
YHOO,2016-04-28,09:59:00,36.90,36.92,36.88,36.90,19671
YHOO,2016-04-28,10:00:00,36.89,36.90,36.86,36.86,10912
YHOO,2016-04-28,10:01:00,36.86,36.93,36.85,36.93,49490
YHOO,2016-04-28,10:02:00,36.93,36.94,36.92,36.93,48692
YHOO,2016-04-28,10:03:00,36.93,36.93,36.89,36.91,36059
YHOO,2016-04-28,10:04:00,36.90,36.91,36.86,36.89,28062
YHOO,2016-04-28,10:05:00,36.88,36.91,36.88,36.91,59706
YHOO,2016-04-28,10:06:00,36.91,36.91,36.91,36.91,15040
YHOO,2016-04-28,10:07:00,36.91,36.93,36.91,36.93,24877
YHOO,2016-04-28,10:08:00,36.92,36.92,36.89,36.89,23376
YHOO,2016-04-28,10:09:00,36.89,36.90,36.86,36.86,20384
YHOO,2016-04-28,10:10:00,36.87,36.87,36.84,36.84,15130
YHOO,2016-04-28,10:11:00,36.84,36.84,36.83,36.84,23399
YHOO,2016-04-28,10:12:00,36.84,36.84,36.81,36.82,30615
YHOO,2016-04-28,10:13:00,36.83,36.88,36.83,36.88,17004
YHOO,2016-04-28,10:14:00,36.88,36.91,36.87,36.91,15902
YHOO,2016-04-28,10:15:00,36.91,36.91,36.89,36.89,13464
YHOO,2016-04-28,10:16:00,36.90,36.96,36.88,36.96,45392
YHOO,2016-04-28,10:17:00,36.96,37.05,36.96,37.05,78381
YHOO,2016-04-28,10:18:00,37.05,37.08,37.05,37.08,125658
YHOO,2016-04-28,10:19:00,37.08,37.12,37.07,37.11,8140
YHOO,2016-04-28,10:20:00,37.11,37.13,37.10,37.13,31346
YHOO,2016-04-28,10:21:00,37.13,37.17,37.12,37.17,43977
YHOO,2016-04-28,10:22:00,37.17,37.19,37.17,37.18,12041
YHOO,2016-04-28,10:23:00,37.18,37.20,37.18,37.20,52063
YHOO,2016-04-28,10:24:00,37.19,37.23,37.19,37.21,86659
YHOO,2016-04-28,10:25:00,37.22,37.24,37.20,37.24,73130
YHOO,2016-04-28,10:26:00,37.23,37.27,37.23,37.26,57438
YHOO,2016-04-28,10:27:00,37.25,37.28,37.24,37.27,48875
YHOO,2016-04-28,10:28:00,37.27,37.27,37.20,37.24,98812
YHOO,2016-04-28,10:29:00,37.24,37.27,37.24,37.27,39680
YHOO,2016-04-28,10:30:00,37.27,37.27,37.20,37.21,51484
YHOO,2016-04-28,10:31:00,37.22,37.25,37.20,37.23,68041
YHOO,2016-04-28,10:32:00,37.23,37.23,37.22,37.23,33194
YHOO,2016-04-28,10:33:00,37.23,37.25,37.22,37.23,11450
YHOO,2016-04-28,10:34:00,37.22,37.23,37.20,37.22,24621
YHOO,2016-04-28,10:35:00,37.22,37.22,37.20,37.21,66581
YHOO,2016-04-28,10:36:00,37.22,37.23,37.21,37.23,39026
YHOO,2016-04-28,10:37:00,37.23,37.27,37.22,37.26,68491
YHOO,2016-04-28,10:38:00,37.26,37.28,37.26,37.27,17383
YHOO,2016-04-28,10:39:00,37.26,37.27,37.24,37.25,33885
YHOO,2016-04-28,10:40:00,37.25,37.26,37.23,37.24,46186
YHOO,2016-04-28,10:41:00,37.24,37.26,37.21,37.22,57612
YHOO,2016-04-28,10:42:00,37.22,37.23,37.19,37.21,44310
YHOO,2016-04-28,10:43:00,37.21,37.22,37.20,37.20,45758
YHOO,2016-04-28,10:44:00,37.20,37.22,37.19,37.21,81778
YHOO,2016-04-28,10:45:00,37.20,37.22,37.18,37.19,44097
YHOO,2016-04-28,10:46:00,37.19,37.21,37.19,37.20,11769
YHOO,2016-04-28,10:47:00,37.20,37.23,37.19,37.22,41388
YHOO,2016-04-28,10:48:00,37.23,37.23,37.22,37.22,13272
YHOO,2016-04-28,10:49:00,37.22,37.24,37.22,37.23,15042
YHOO,2016-04-28,10:50:00,37.23,37.24,37.22,37.22,22310
YHOO,2016-04-28,10:51:00,37.23,37.24,37.22,37.24,24491
YHOO,2016-04-28,10:52:00,37.24,37.24,37.22,37.23,17916
YHOO,2016-04-28,10:53:00,37.22,37.24,37.22,37.23,11799
YHOO,2016-04-28,10:54:00,37.24,37.24,37.21,37.21,18207
YHOO,2016-04-28,10:55:00,37.21,37.23,37.20,37.22,8900
YHOO,2016-04-28,10:56:00,37.22,37.23,37.20,37.22,34330
YHOO,2016-04-28,10:57:00,37.23,37.24,37.23,37.23,38640
YHOO,2016-04-28,10:58:00,37.23,37.24,37.22,37.22,13729
YHOO,2016-04-28,10:59:00,37.22,37.24,37.22,37.24,49956
YHOO,2016-04-28,11:00:00,37.23,37.27,37.23,37.26,30646
YHOO,2016-04-28,11:01:00,37.27,37.28,37.23,37.23,39541
YHOO,2016-04-28,11:02:00,37.23,37.25,37.23,37.24,20652
YHOO,2016-04-28,11:03:00,37.23,37.23,37.23,37.23,26961
YHOO,2016-04-28,11:04:00,37.23,37.29,37.23,37.28,66866
YHOO,2016-04-28,11:05:00,37.28,37.28,37.26,37.27,20737
YHOO,2016-04-28,11:06:00,37.27,37.30,37.27,37.30,13300
YHOO,2016-04-28,11:07:00,37.30,37.31,37.27,37.28,52854
YHOO,2016-04-28,11:08:00,37.28,37.29,37.24,37.26,30520
YHOO,2016-04-28,11:09:00,37.26,37.31,37.26,37.31,7677
YHOO,2016-04-28,11:10:00,37.32,37.32,37.27,37.27,14639
YHOO,2016-04-28,11:11:00,37.26,37.29,37.26,37.28,9379
YHOO,2016-04-28,11:12:00,37.28,37.28,37.27,37.28,6093
YHOO,2016-04-28,11:13:00,37.28,37.29,37.28,37.28,6999
YHOO,2016-04-28,11:14:00,37.28,37.30,37.28,37.30,19936
YHOO,2016-04-28,11:15:00,37.31,37.34,37.30,37.34,97341
YHOO,2016-04-28,11:16:00,37.34,37.36,37.33,37.34,63252
YHOO,2016-04-28,11:17:00,37.34,37.35,37.34,37.34,53361
YHOO,2016-04-28,11:18:00,37.35,37.35,37.34,37.35,92775
YHOO,2016-04-28,11:19:00,37.35,37.37,37.34,37.37,40811
YHOO,2016-04-28,11:20:00,37.36,37.37,37.33,37.34,28240
YHOO,2016-04-28,11:21:00,37.35,37.37,37.34,37.37,69848
YHOO,2016-04-28,11:22:00,37.36,37.37,37.35,37.35,14986
YHOO,2016-04-28,11:23:00,37.36,37.36,37.35,37.35,19822
YHOO,2016-04-28,11:24:00,37.36,37.36,37.35,37.35,17019
YHOO,2016-04-28,11:25:00,37.35,37.36,37.34,37.36,34492
YHOO,2016-04-28,11:26:00,37.36,37.38,37.36,37.37,44335
YHOO,2016-04-28,11:27:00,37.37,37.38,37.36,37.37,9491
YHOO,2016-04-28,11:28:00,37.36,37.37,37.34,37.34,27850
YHOO,2016-04-28,11:29:00,37.34,37.36,37.34,37.35,25162
YHOO,2016-04-28,11:30:00,37.36,37.37,37.35,37.37,26887
YHOO,2016-04-28,11:31:00,37.37,37.38,37.37,37.37,9283
YHOO,2016-04-28,11:32:00,37.37,37.37,37.34,37.35,19578
YHOO,2016-04-28,11:33:00,37.36,37.36,37.34,37.35,12166
YHOO,2016-04-28,11:34:00,37.35,37.35,37.34,37.35,8872
YHOO,2016-04-28,11:35:00,37.35,37.35,37.34,37.35,23461
YHOO,2016-04-28,11:36:00,37.35,37.42,37.35,37.42,89018
YHOO,2016-04-28,11:37:00,37.41,37.42,37.41,37.41,4900
YHOO,2016-04-28,11:38:00,37.41,37.42,37.41,37.42,12491
YHOO,2016-04-28,11:39:00,37.42,37.42,37.41,37.41,56315
YHOO,2016-04-28,11:40:00,37.41,37.42,37.41,37.41,32642
YHOO,2016-04-28,11:41:00,37.41,37.44,37.41,37.43,13716
YHOO,2016-04-28,11:42:00,37.43,37.44,37.43,37.44,86908
YHOO,2016-04-28,11:43:00,37.44,37.44,37.38,37.39,23044
YHOO,2016-04-28,11:44:00,37.39,37.39,37.34,37.35,40735
YHOO,2016-04-28,11:45:00,37.34,37.37,37.34,37.36,22772
YHOO,2016-04-28,11:46:00,37.37,37.40,37.37,37.39,44287
YHOO,2016-04-28,11:47:00,37.40,37.41,37.39,37.41,48266
YHOO,2016-04-28,11:48:00,37.41,37.41,37.40,37.40,6328
YHOO,2016-04-28,11:49:00,37.40,37.41,37.40,37.40,19992
YHOO,2016-04-28,11:50:00,37.40,37.40,37.40,37.40,1404
YHOO,2016-04-28,11:51:00,37.40,37.41,37.40,37.40,36065
YHOO,2016-04-28,11:52:00,37.40,37.41,37.39,37.39,64456
YHOO,2016-04-28,11:53:00,37.39,37.39,37.38,37.38,10039
YHOO,2016-04-28,11:54:00,37.38,37.38,37.34,37.34,24644
YHOO,2016-04-28,11:55:00,37.34,37.35,37.31,37.32,26473
YHOO,2016-04-28,11:56:00,37.31,37.34,37.30,37.34,26743
YHOO,2016-04-28,11:57:00,37.33,37.35,37.33,37.35,12174
YHOO,2016-04-28,11:58:00,37.34,37.34,37.34,37.34,3200
YHOO,2016-04-28,11:59:00,37.33,37.33,37.32,37.32,2844
YHOO,2016-04-28,12:00:00,37.32,37.33,37.31,37.32,20842
YHOO,2016-04-28,12:01:00,37.31,37.32,37.31,37.32,12604
YHOO,2016-04-28,12:02:00,37.32,37.34,37.32,37.33,19980
YHOO,2016-04-28,12:03:00,37.34,37.36,37.34,37.36,18608
YHOO,2016-04-28,12:04:00,37.35,37.36,37.35,37.35,6779
YHOO,2016-04-28,12:05:00,37.35,37.36,37.35,37.36,13607
YHOO,2016-04-28,12:06:00,37.35,37.38,37.35,37.36,25634
YHOO,2016-04-28,12:07:00,37.36,37.37,37.35,37.37,10899
YHOO,2016-04-28,12:08:00,37.36,37.37,37.35,37.36,22386
YHOO,2016-04-28,12:09:00,37.36,37.37,37.36,37.37,9069
YHOO,2016-04-28,12:10:00,37.37,37.37,37.36,37.36,1030
YHOO,2016-04-28,12:11:00,37.37,37.37,37.36,37.36,1852
YHOO,2016-04-28,12:12:00,37.36,37.37,37.34,37.35,52578
YHOO,2016-04-28,12:13:00,37.36,37.36,37.35,37.36,10968
YHOO,2016-04-28,12:14:00,37.36,37.36,37.34,37.34,20532
YHOO,2016-04-28,12:15:00,37.34,37.35,37.34,37.34,69394
YHOO,2016-04-28,12:16:00,37.34,37.35,37.34,37.34,19888
YHOO,2016-04-28,12:17:00,37.35,37.35,37.33,37.34,29958
YHOO,2016-04-28,12:18:00,37.33,37.33,37.29,37.31,16195
YHOO,2016-04-28,12:19:00,37.31,37.32,37.30,37.31,2750
YHOO,2016-04-28,12:20:00,37.30,37.31,37.30,37.30,7090
YHOO,2016-04-28,12:21:00,37.29,37.29,37.26,37.27,3229
YHOO,2016-04-28,12:22:00,37.27,37.27,37.26,37.26,17656
YHOO,2016-04-28,12:23:00,37.26,37.26,37.24,37.24,6088
YHOO,2016-04-28,12:24:00,37.25,37.25,37.23,37.23,26159
YHOO,2016-04-28,12:25:00,37.23,37.24,37.21,37.23,33826
YHOO,2016-04-28,12:26:00,37.22,37.26,37.22,37.26,58866
YHOO,2016-04-28,12:27:00,37.25,37.26,37.24,37.25,9058
YHOO,2016-04-28,12:28:00,37.26,37.27,37.25,37.27,8553
YHOO,2016-04-28,12:29:00,37.27,37.27,37.26,37.27,5202
YHOO,2016-04-28,12:30:00,37.27,37.27,37.26,37.27,4791
YHOO,2016-04-28,12:31:00,37.26,37.27,37.24,37.26,36253
YHOO,2016-04-28,12:32:00,37.25,37.26,37.25,37.25,10000
YHOO,2016-04-28,12:33:00,37.25,37.26,37.24,37.26,6900
YHOO,2016-04-28,12:34:00,37.26,37.26,37.25,37.25,7496
YHOO,2016-04-28,12:35:00,37.26,37.26,37.25,37.26,2421
YHOO,2016-04-28,12:36:00,37.25,37.26,37.23,37.25,27604
YHOO,2016-04-28,12:37:00,37.24,37.25,37.24,37.25,5608
YHOO,2016-04-28,12:38:00,37.25,37.25,37.24,37.25,7936
YHOO,2016-04-28,12:39:00,37.25,37.25,37.24,37.25,3800
YHOO,2016-04-28,12:40:00,37.24,37.26,37.24,37.25,14833
YHOO,2016-04-28,12:41:00,37.25,37.26,37.25,37.25,10527
YHOO,2016-04-28,12:42:00,37.25,37.26,37.23,37.24,9253
YHOO,2016-04-28,12:43:00,37.23,37.25,37.23,37.25,6729
YHOO,2016-04-28,12:44:00,37.26,37.26,37.25,37.26,6894
YHOO,2016-04-28,12:45:00,37.25,37.28,37.24,37.28,18333
YHOO,2016-04-28,12:46:00,37.27,37.28,37.26,37.26,3800
YHOO,2016-04-28,12:47:00,37.26,37.26,37.24,37.25,6000
YHOO,2016-04-28,12:48:00,37.24,37.25,37.24,37.25,9325
YHOO,2016-04-28,12:49:00,37.24,37.25,37.23,37.24,13995
YHOO,2016-04-28,12:50:00,37.24,37.24,37.23,37.24,3598
YHOO,2016-04-28,12:51:00,37.23,37.25,37.21,37.22,22616
YHOO,2016-04-28,12:52:00,37.22,37.25,37.22,37.24,95320
YHOO,2016-04-28,12:53:00,37.24,37.24,37.23,37.23,3600
YHOO,2016-04-28,12:54:00,37.23,37.24,37.23,37.23,3473
YHOO,2016-04-28,12:55:00,37.23,37.24,37.21,37.21,15228
YHOO,2016-04-28,12:56:00,37.22,37.22,37.20,37.21,22923
YHOO,2016-04-28,12:57:00,37.20,37.21,37.20,37.20,1400
YHOO,2016-04-28,12:58:00,37.21,37.22,37.20,37.20,24062
YHOO,2016-04-28,12:59:00,37.21,37.22,37.20,37.22,12553
YHOO,2016-04-28,13:00:00,37.21,37.22,37.20,37.22,8751
YHOO,2016-04-28,13:01:00,37.21,37.21,37.19,37.21,17046
YHOO,2016-04-28,13:02:00,37.21,37.22,37.20,37.20,13901
YHOO,2016-04-28,13:03:00,37.20,37.21,37.19,37.20,24109
YHOO,2016-04-28,13:04:00,37.20,37.21,37.18,37.19,33515
YHOO,2016-04-28,13:05:00,37.20,37.20,37.18,37.20,80158
YHOO,2016-04-28,13:06:00,37.20,37.20,37.14,37.14,39049
YHOO,2016-04-28,13:07:00,37.13,37.13,37.10,37.11,27319
YHOO,2016-04-28,13:08:00,37.11,37.12,37.11,37.11,24405
YHOO,2016-04-28,13:09:00,37.11,37.11,37.10,37.10,13662
YHOO,2016-04-28,13:10:00,37.09,37.09,37.08,37.09,7426
YHOO,2016-04-28,13:11:00,37.08,37.09,37.06,37.07,22404
YHOO,2016-04-28,13:12:00,37.07,37.09,37.06,37.09,11905
YHOO,2016-04-28,13:13:00,37.10,37.10,37.09,37.10,29511
YHOO,2016-04-28,13:14:00,37.10,37.12,37.09,37.10,13542
YHOO,2016-04-28,13:15:00,37.11,37.12,37.11,37.12,13780
YHOO,2016-04-28,13:16:00,37.11,37.12,37.09,37.10,9493
YHOO,2016-04-28,13:17:00,37.10,37.10,37.09,37.10,6430
YHOO,2016-04-28,13:18:00,37.10,37.10,37.09,37.10,6900
YHOO,2016-04-28,13:19:00,37.10,37.12,37.10,37.12,9245
YHOO,2016-04-28,13:20:00,37.12,37.13,37.12,37.13,5642
YHOO,2016-04-28,13:21:00,37.12,37.13,37.12,37.12,6900
YHOO,2016-04-28,13:22:00,37.12,37.14,37.10,37.10,17400
YHOO,2016-04-28,13:23:00,37.10,37.12,37.10,37.12,6833
YHOO,2016-04-28,13:24:00,37.11,37.12,37.10,37.11,2400
YHOO,2016-04-28,13:25:00,37.10,37.11,37.10,37.11,7723
YHOO,2016-04-28,13:26:00,37.11,37.13,37.11,37.13,5070
YHOO,2016-04-28,13:27:00,37.13,37.13,37.12,37.13,7000
YHOO,2016-04-28,13:28:00,37.12,37.14,37.12,37.12,7257
YHOO,2016-04-28,13:29:00,37.13,37.13,37.11,37.11,8859
YHOO,2016-04-28,13:30:00,37.12,37.13,37.11,37.13,5870
YHOO,2016-04-28,13:31:00,37.13,37.13,37.13,37.13,1500
YHOO,2016-04-28,13:32:00,37.13,37.13,37.12,37.12,4399
YHOO,2016-04-28,13:33:00,37.12,37.13,37.11,37.13,9434
YHOO,2016-04-28,13:34:00,37.13,37.14,37.12,37.14,6150
YHOO,2016-04-28,13:35:00,37.13,37.15,37.13,37.14,11523
YHOO,2016-04-28,13:36:00,37.13,37.14,37.13,37.14,1300
YHOO,2016-04-28,13:37:00,37.13,37.14,37.13,37.13,1300
YHOO,2016-04-28,13:38:00,37.14,37.14,37.12,37.12,8100
YHOO,2016-04-28,13:39:00,37.12,37.12,37.11,37.12,9168
YHOO,2016-04-28,13:40:00,37.12,37.12,37.11,37.12,4200
YHOO,2016-04-28,13:41:00,37.12,37.12,37.10,37.10,12762
YHOO,2016-04-28,13:42:00,37.10,37.10,37.10,37.10,23800
YHOO,2016-04-28,13:43:00,37.11,37.13,37.10,37.12,3970
YHOO,2016-04-28,13:44:00,37.12,37.12,37.12,37.12,6850
YHOO,2016-04-28,13:45:00,37.12,37.13,37.12,37.13,4477
YHOO,2016-04-28,13:46:00,37.12,37.12,37.11,37.11,18761
YHOO,2016-04-28,13:47:00,37.10,37.12,37.10,37.12,14210
YHOO,2016-04-28,13:48:00,37.13,37.15,37.13,37.14,9846
YHOO,2016-04-28,13:49:00,37.13,37.13,37.12,37.12,6970
YHOO,2016-04-28,13:50:00,37.12,37.13,37.11,37.11,7290
YHOO,2016-04-28,13:51:00,37.12,37.14,37.12,37.14,3310
YHOO,2016-04-28,13:52:00,37.15,37.15,37.13,37.14,3900
YHOO,2016-04-28,13:53:00,37.15,37.15,37.13,37.13,25567
YHOO,2016-04-28,13:54:00,37.13,37.13,37.12,37.13,3700
YHOO,2016-04-28,13:55:00,37.12,37.12,37.10,37.12,14319
YHOO,2016-04-28,13:56:00,37.12,37.12,37.11,37.11,7200
YHOO,2016-04-28,13:57:00,37.11,37.12,37.09,37.10,14092
YHOO,2016-04-28,13:58:00,37.11,37.11,37.09,37.10,18871
YHOO,2016-04-28,13:59:00,37.09,37.10,37.09,37.10,24358
YHOO,2016-04-28,14:00:00,37.10,37.12,37.09,37.10,17687
YHOO,2016-04-28,14:01:00,37.09,37.09,37.08,37.08,9137
YHOO,2016-04-28,14:02:00,37.08,37.08,37.04,37.06,19710
YHOO,2016-04-28,14:03:00,37.06,37.10,37.06,37.09,14863
YHOO,2016-04-28,14:04:00,37.10,37.10,37.09,37.09,7324
YHOO,2016-04-28,14:05:00,37.09,37.10,37.03,37.05,19879
YHOO,2016-04-28,14:06:00,37.05,37.09,37.05,37.07,11554
YHOO,2016-04-28,14:07:00,37.07,37.09,37.05,37.05,21218
YHOO,2016-04-28,14:08:00,37.06,37.07,37.06,37.07,3425
YHOO,2016-04-28,14:09:00,37.07,37.09,37.06,37.06,5035
YHOO,2016-04-28,14:10:00,37.07,37.08,37.06,37.08,4663
YHOO,2016-04-28,14:11:00,37.07,37.09,37.07,37.08,4594
YHOO,2016-04-28,14:12:00,37.08,37.09,37.06,37.09,12900
YHOO,2016-04-28,14:13:00,37.10,37.10,37.06,37.06,8265
YHOO,2016-04-28,14:14:00,37.07,37.08,37.06,37.06,4023
YHOO,2016-04-28,14:15:00,37.06,37.07,37.05,37.07,7200
YHOO,2016-04-28,14:16:00,37.06,37.06,37.05,37.05,12984
YHOO,2016-04-28,14:17:00,37.05,37.06,37.05,37.05,13601
YHOO,2016-04-28,14:18:00,37.05,37.06,37.04,37.06,3330
YHOO,2016-04-28,14:19:00,37.06,37.06,37.04,37.05,8058
YHOO,2016-04-28,14:20:00,37.05,37.05,37.04,37.04,4086
YHOO,2016-04-28,14:21:00,37.05,37.05,37.01,37.01,8262
YHOO,2016-04-28,14:22:00,37.01,37.02,36.98,36.99,44086
YHOO,2016-04-28,14:23:00,36.99,36.99,36.97,36.97,24480
YHOO,2016-04-28,14:24:00,36.97,36.99,36.95,36.98,11865
YHOO,2016-04-28,14:25:00,36.98,37.01,36.97,37.01,5875
YHOO,2016-04-28,14:26:00,37.01,37.01,36.97,36.99,6454
YHOO,2016-04-28,14:27:00,37.00,37.01,36.97,36.99,18231
YHOO,2016-04-28,14:28:00,36.99,37.02,36.99,37.02,7690
YHOO,2016-04-28,14:29:00,37.02,37.02,37.00,37.01,8001
YHOO,2016-04-28,14:30:00,37.01,37.02,37.01,37.02,6500
YHOO,2016-04-28,14:31:00,37.01,37.02,37.00,37.02,10022
YHOO,2016-04-28,14:32:00,37.03,37.03,37.01,37.01,9059
YHOO,2016-04-28,14:33:00,37.00,37.01,37.00,37.00,3500
YHOO,2016-04-28,14:34:00,37.01,37.01,37.00,37.01,1100
YHOO,2016-04-28,14:35:00,37.00,37.01,37.00,37.01,7651
YHOO,2016-04-28,14:36:00,37.01,37.02,37.00,37.02,20283
YHOO,2016-04-28,14:37:00,37.02,37.02,37.00,37.00,27617
YHOO,2016-04-28,14:38:00,36.99,36.99,36.97,36.97,5699
YHOO,2016-04-28,14:39:00,36.97,36.98,36.96,36.96,7100
YHOO,2016-04-28,14:40:00,36.97,36.98,36.96,36.97,4090
YHOO,2016-04-28,14:41:00,36.97,36.97,36.96,36.97,5762
YHOO,2016-04-28,14:42:00,36.97,36.97,36.95,36.95,7596
YHOO,2016-04-28,14:43:00,36.95,36.95,36.94,36.95,1300
YHOO,2016-04-28,14:44:00,36.95,36.95,36.93,36.94,12910
YHOO,2016-04-28,14:45:00,36.94,36.95,36.94,36.94,5134
YHOO,2016-04-28,14:46:00,36.94,36.94,36.90,36.90,28788
YHOO,2016-04-28,14:47:00,36.91,36.92,36.91,36.91,5147
YHOO,2016-04-28,14:48:00,36.90,36.92,36.89,36.89,12220
YHOO,2016-04-28,14:49:00,36.89,36.90,36.88,36.90,5944
YHOO,2016-04-28,14:50:00,36.91,36.93,36.90,36.91,7962
YHOO,2016-04-28,14:51:00,36.91,36.91,36.89,36.90,6650
YHOO,2016-04-28,14:52:00,36.91,36.91,36.89,36.89,13498
YHOO,2016-04-28,14:53:00,36.89,36.90,36.86,36.87,25358
YHOO,2016-04-28,14:54:00,36.86,36.89,36.86,36.89,4567
YHOO,2016-04-28,14:55:00,36.89,36.90,36.85,36.85,13287
YHOO,2016-04-28,14:56:00,36.85,36.87,36.84,36.84,7180
YHOO,2016-04-28,14:57:00,36.84,36.84,36.82,36.84,7908
YHOO,2016-04-28,14:58:00,36.85,36.87,36.84,36.85,13306
YHOO,2016-04-28,14:59:00,36.84,36.84,36.84,36.84,4000
YHOO,2016-04-28,15:00:00,36.84,36.85,36.82,36.85,19958
YHOO,2016-04-28,15:01:00,36.85,36.85,36.82,36.82,12596
YHOO,2016-04-28,15:02:00,36.82,36.84,36.82,36.84,17705
YHOO,2016-04-28,15:03:00,36.84,36.87,36.84,36.87,28163
YHOO,2016-04-28,15:04:00,36.87,36.88,36.86,36.86,32504
YHOO,2016-04-28,15:05:00,36.87,36.87,36.81,36.84,23547
YHOO,2016-04-28,15:06:00,36.84,36.84,36.83,36.84,8960
YHOO,2016-04-28,15:07:00,36.83,36.84,36.79,36.80,31478
YHOO,2016-04-28,15:08:00,36.80,36.83,36.80,36.80,8530
YHOO,2016-04-28,15:09:00,36.80,36.81,36.80,36.80,4016
YHOO,2016-04-28,15:10:00,36.80,36.80,36.77,36.78,33075
YHOO,2016-04-28,15:11:00,36.78,36.78,36.74,36.76,12292
YHOO,2016-04-28,15:12:00,36.76,36.77,36.74,36.76,15824
YHOO,2016-04-28,15:13:00,36.75,36.76,36.73,36.75,20144
YHOO,2016-04-28,15:14:00,36.75,36.76,36.71,36.72,34191
YHOO,2016-04-28,15:15:00,36.73,36.73,36.70,36.71,26229
YHOO,2016-04-28,15:16:00,36.70,36.71,36.67,36.71,40149
YHOO,2016-04-28,15:17:00,36.70,36.71,36.67,36.67,38054
YHOO,2016-04-28,15:18:00,36.68,36.73,36.68,36.73,34805
YHOO,2016-04-28,15:19:00,36.74,36.74,36.69,36.69,30106
YHOO,2016-04-28,15:20:00,36.69,36.71,36.66,36.67,26919
YHOO,2016-04-28,15:21:00,36.67,36.73,36.67,36.71,15175
YHOO,2016-04-28,15:22:00,36.71,36.71,36.67,36.69,20100
YHOO,2016-04-28,15:23:00,36.69,36.70,36.66,36.67,30854
YHOO,2016-04-28,15:24:00,36.68,36.68,36.65,36.67,17656
YHOO,2016-04-28,15:25:00,36.66,36.67,36.64,36.64,28123
YHOO,2016-04-28,15:26:00,36.64,36.64,36.51,36.54,88244
YHOO,2016-04-28,15:27:00,36.55,36.60,36.55,36.58,46526
YHOO,2016-04-28,15:28:00,36.59,36.60,36.57,36.60,30539
YHOO,2016-04-28,15:29:00,36.59,36.59,36.55,36.55,29693
YHOO,2016-04-28,15:30:00,36.55,36.57,36.52,36.53,27878
YHOO,2016-04-28,15:31:00,36.52,36.60,36.52,36.57,43754
YHOO,2016-04-28,15:32:00,36.57,36.58,36.55,36.56,36903
YHOO,2016-04-28,15:33:00,36.57,36.59,36.56,36.58,57168
YHOO,2016-04-28,15:34:00,36.59,36.59,36.54,36.55,30705
YHOO,2016-04-28,15:35:00,36.55,36.57,36.55,36.55,52188
YHOO,2016-04-28,15:36:00,36.55,36.60,36.55,36.60,66253
YHOO,2016-04-28,15:37:00,36.60,36.63,36.59,36.61,33942
YHOO,2016-04-28,15:38:00,36.62,36.62,36.55,36.59,44355
YHOO,2016-04-28,15:39:00,36.59,36.62,36.58,36.62,31385
YHOO,2016-04-28,15:40:00,36.62,36.62,36.59,36.60,29485
YHOO,2016-04-28,15:41:00,36.61,36.63,36.60,36.61,47784
YHOO,2016-04-28,15:42:00,36.60,36.65,36.59,36.64,118655
YHOO,2016-04-28,15:43:00,36.64,36.65,36.61,36.62,32861
YHOO,2016-04-28,15:44:00,36.62,36.65,36.61,36.62,21269
YHOO,2016-04-28,15:45:00,36.62,36.63,36.62,36.62,19089
YHOO,2016-04-28,15:46:00,36.63,36.68,36.62,36.68,61327
YHOO,2016-04-28,15:47:00,36.68,36.70,36.67,36.70,30891
YHOO,2016-04-28,15:48:00,36.70,36.71,36.69,36.70,65249
YHOO,2016-04-28,15:49:00,36.71,36.71,36.69,36.70,54996
YHOO,2016-04-28,15:50:00,36.70,36.70,36.66,36.66,80422
YHOO,2016-04-28,15:51:00,36.66,36.67,36.65,36.66,86271
YHOO,2016-04-28,15:52:00,36.66,36.66,36.63,36.64,69486
YHOO,2016-04-28,15:53:00,36.64,36.64,36.57,36.59,73055
YHOO,2016-04-28,15:54:00,36.59,36.59,36.56,36.56,61938
YHOO,2016-04-28,15:55:00,36.56,36.57,36.53,36.55,59494
YHOO,2016-04-28,15:56:00,36.55,36.58,36.53,36.54,69744
YHOO,2016-04-28,15:57:00,36.55,36.56,36.54,36.55,91676
YHOO,2016-04-28,15:58:00,36.54,36.55,36.51,36.52,76482
YHOO,2016-04-28,15:59:00,36.52,36.57,36.51,36.57,91866
YHOO,2016-04-28,16:00:00,36.56,36.60,36.56,36.59,431012
YHOO,2016-04-29,09:30:00,36.51,36.52,36.50,36.51,243761
YHOO,2016-04-29,09:31:00,36.50,36.60,36.50,36.55,50286
YHOO,2016-04-29,09:32:00,36.55,36.57,36.49,36.51,52110
YHOO,2016-04-29,09:33:00,36.51,36.67,36.51,36.62,25571
YHOO,2016-04-29,09:34:00,36.62,36.73,36.60,36.69,27362
YHOO,2016-04-29,09:35:00,36.69,36.84,36.67,36.84,28762
YHOO,2016-04-29,09:36:00,36.84,36.88,36.83,36.85,37648
YHOO,2016-04-29,09:37:00,36.85,36.92,36.83,36.84,57374
YHOO,2016-04-29,09:38:00,36.84,36.88,36.82,36.86,17099
YHOO,2016-04-29,09:39:00,36.87,36.91,36.85,36.88,42716
YHOO,2016-04-29,09:40:00,36.88,36.95,36.87,36.91,79747
YHOO,2016-04-29,09:41:00,36.91,36.96,36.90,36.95,35805
YHOO,2016-04-29,09:42:00,36.94,36.98,36.94,36.95,16283
YHOO,2016-04-29,09:43:00,36.94,36.94,36.82,36.82,18695
YHOO,2016-04-29,09:44:00,36.82,36.83,36.75,36.79,62856
YHOO,2016-04-29,09:45:00,36.79,36.81,36.74,36.74,85586
YHOO,2016-04-29,09:46:00,36.74,36.74,36.68,36.70,43229
YHOO,2016-04-29,09:47:00,36.70,36.70,36.63,36.68,36023
YHOO,2016-04-29,09:48:00,36.66,36.69,36.64,36.69,20989
YHOO,2016-04-29,09:49:00,36.69,36.71,36.67,36.69,22312
YHOO,2016-04-29,09:50:00,36.69,36.69,36.64,36.64,20368
YHOO,2016-04-29,09:51:00,36.63,36.63,36.54,36.54,47400
YHOO,2016-04-29,09:52:00,36.54,36.55,36.51,36.53,37160
YHOO,2016-04-29,09:53:00,36.53,36.62,36.53,36.62,28324
YHOO,2016-04-29,09:54:00,36.61,36.61,36.55,36.58,25991
YHOO,2016-04-29,09:55:00,36.58,36.61,36.58,36.59,26255
YHOO,2016-04-29,09:56:00,36.60,36.66,36.60,36.61,18709
YHOO,2016-04-29,09:57:00,36.60,36.63,36.59,36.61,17672
YHOO,2016-04-29,09:58:00,36.61,36.62,36.57,36.58,10357
YHOO,2016-04-29,09:59:00,36.58,36.58,36.50,36.52,10513
YHOO,2016-04-29,10:00:00,36.52,36.52,36.48,36.48,11942
YHOO,2016-04-29,10:01:00,36.47,36.47,36.43,36.45,28461
YHOO,2016-04-29,10:02:00,36.45,36.45,36.38,36.38,28535
YHOO,2016-04-29,10:03:00,36.38,36.45,36.38,36.43,14196
YHOO,2016-04-29,10:04:00,36.43,36.45,36.42,36.44,16244
YHOO,2016-04-29,10:05:00,36.44,36.45,36.42,36.42,39098
YHOO,2016-04-29,10:06:00,36.42,36.43,36.41,36.41,14214
YHOO,2016-04-29,10:07:00,36.41,36.41,36.37,36.39,10855
YHOO,2016-04-29,10:08:00,36.38,36.42,36.34,36.42,34246
YHOO,2016-04-29,10:09:00,36.42,36.42,36.40,36.40,17264
YHOO,2016-04-29,10:10:00,36.40,36.42,36.40,36.42,7300
YHOO,2016-04-29,10:11:00,36.41,36.46,36.41,36.43,26798
YHOO,2016-04-29,10:12:00,36.43,36.46,36.43,36.45,47244
YHOO,2016-04-29,10:13:00,36.45,36.46,36.41,36.41,27016
YHOO,2016-04-29,10:14:00,36.42,36.44,36.40,36.41,14428
YHOO,2016-04-29,10:15:00,36.41,36.41,36.35,36.35,19875
YHOO,2016-04-29,10:16:00,36.35,36.36,36.30,36.30,36789
YHOO,2016-04-29,10:17:00,36.31,36.40,36.31,36.40,31042
YHOO,2016-04-29,10:18:00,36.40,36.41,36.37,36.40,25651
YHOO,2016-04-29,10:19:00,36.40,36.41,36.36,36.38,25479
YHOO,2016-04-29,10:20:00,36.38,36.42,36.35,36.41,40931
YHOO,2016-04-29,10:21:00,36.41,36.43,36.39,36.41,124449
YHOO,2016-04-29,10:22:00,36.41,36.43,36.36,36.37,18310
YHOO,2016-04-29,10:23:00,36.37,36.40,36.34,36.40,18887
YHOO,2016-04-29,10:24:00,36.40,36.42,36.38,36.41,29802
YHOO,2016-04-29,10:25:00,36.41,36.43,36.39,36.40,16142
YHOO,2016-04-29,10:26:00,36.40,36.40,36.36,36.36,12692
YHOO,2016-04-29,10:27:00,36.36,36.37,36.31,36.31,116183
YHOO,2016-04-29,10:28:00,36.31,36.36,36.27,36.35,182926
YHOO,2016-04-29,10:29:00,36.36,36.47,36.36,36.43,127294
YHOO,2016-04-29,10:30:00,36.43,36.44,36.40,36.42,28885
YHOO,2016-04-29,10:31:00,36.42,36.47,36.41,36.46,24720
YHOO,2016-04-29,10:32:00,36.45,36.48,36.42,36.43,18095
YHOO,2016-04-29,10:33:00,36.42,36.42,36.36,36.36,20668
YHOO,2016-04-29,10:34:00,36.37,36.39,36.36,36.36,47215
YHOO,2016-04-29,10:35:00,36.36,36.38,36.35,36.37,19250
YHOO,2016-04-29,10:36:00,36.38,36.44,36.37,36.44,46056
YHOO,2016-04-29,10:37:00,36.45,36.49,36.45,36.49,21777
YHOO,2016-04-29,10:38:00,36.49,36.53,36.49,36.51,15283
YHOO,2016-04-29,10:39:00,36.51,36.57,36.50,36.57,18790
YHOO,2016-04-29,10:40:00,36.57,36.58,36.54,36.57,6331
YHOO,2016-04-29,10:41:00,36.57,36.58,36.55,36.58,22410
YHOO,2016-04-29,10:42:00,36.57,36.59,36.56,36.59,21157
YHOO,2016-04-29,10:43:00,36.58,36.62,36.58,36.60,247579
YHOO,2016-04-29,10:44:00,36.60,36.61,36.53,36.53,54078
YHOO,2016-04-29,10:45:00,36.53,36.56,36.53,36.56,15647
YHOO,2016-04-29,10:46:00,36.56,36.56,36.53,36.56,21018
YHOO,2016-04-29,10:47:00,36.56,36.57,36.52,36.53,13948
YHOO,2016-04-29,10:48:00,36.53,36.54,36.50,36.53,49318
YHOO,2016-04-29,10:49:00,36.54,36.56,36.51,36.51,23417
YHOO,2016-04-29,10:50:00,36.52,36.53,36.51,36.52,16894
YHOO,2016-04-29,10:51:00,36.51,36.51,36.43,36.43,14958
YHOO,2016-04-29,10:52:00,36.44,36.45,36.42,36.42,10192
YHOO,2016-04-29,10:53:00,36.43,36.45,36.40,36.41,13119
YHOO,2016-04-29,10:54:00,36.41,36.43,36.40,36.40,21670
YHOO,2016-04-29,10:55:00,36.40,36.41,36.37,36.38,11301
YHOO,2016-04-29,10:56:00,36.37,36.37,36.35,36.37,13236
YHOO,2016-04-29,10:57:00,36.37,36.39,36.36,36.38,13579
YHOO,2016-04-29,10:58:00,36.38,36.42,36.38,36.41,16833
YHOO,2016-04-29,10:59:00,36.41,36.46,36.41,36.45,17524
YHOO,2016-04-29,11:00:00,36.45,36.50,36.45,36.49,23927
YHOO,2016-04-29,11:01:00,36.49,36.50,36.47,36.48,14797
YHOO,2016-04-29,11:02:00,36.47,36.48,36.43,36.48,24357
YHOO,2016-04-29,11:03:00,36.48,36.48,36.41,36.43,56211
YHOO,2016-04-29,11:04:00,36.43,36.48,36.43,36.45,14835
YHOO,2016-04-29,11:05:00,36.45,36.47,36.44,36.44,8965
YHOO,2016-04-29,11:06:00,36.44,36.44,36.40,36.40,4673
YHOO,2016-04-29,11:07:00,36.40,36.41,36.38,36.41,11105
YHOO,2016-04-29,11:08:00,36.41,36.43,36.41,36.43,12478
YHOO,2016-04-29,11:09:00,36.44,36.44,36.41,36.42,4651
YHOO,2016-04-29,11:10:00,36.42,36.45,36.41,36.45,12404
YHOO,2016-04-29,11:11:00,36.45,36.45,36.38,36.38,11162
YHOO,2016-04-29,11:12:00,36.38,36.42,36.38,36.42,8882
YHOO,2016-04-29,11:13:00,36.42,36.44,36.41,36.42,4501
YHOO,2016-04-29,11:14:00,36.42,36.43,36.40,36.40,7303
YHOO,2016-04-29,11:15:00,36.41,36.44,36.38,36.38,13593
YHOO,2016-04-29,11:16:00,36.38,36.38,36.31,36.33,13424
YHOO,2016-04-29,11:17:00,36.34,36.34,36.33,36.33,15491
YHOO,2016-04-29,11:18:00,36.33,36.34,36.30,36.33,14719
YHOO,2016-04-29,11:19:00,36.34,36.34,36.31,36.32,11513
YHOO,2016-04-29,11:20:00,36.32,36.33,36.28,36.31,20557
YHOO,2016-04-29,11:21:00,36.30,36.30,36.26,36.30,16499
YHOO,2016-04-29,11:22:00,36.29,36.30,36.27,36.28,12373
YHOO,2016-04-29,11:23:00,36.29,36.31,36.28,36.29,18930
YHOO,2016-04-29,11:24:00,36.28,36.30,36.27,36.30,12512
YHOO,2016-04-29,11:25:00,36.30,36.31,36.29,36.30,21164
YHOO,2016-04-29,11:26:00,36.30,36.33,36.30,36.32,11815
YHOO,2016-04-29,11:27:00,36.32,36.32,36.26,36.28,17251
YHOO,2016-04-29,11:28:00,36.29,36.34,36.29,36.33,8113
YHOO,2016-04-29,11:29:00,36.33,36.34,36.32,36.33,8864
YHOO,2016-04-29,11:30:00,36.32,36.33,36.26,36.27,16101
YHOO,2016-04-29,11:31:00,36.26,36.30,36.26,36.27,11311
YHOO,2016-04-29,11:32:00,36.28,36.29,36.26,36.27,9045
YHOO,2016-04-29,11:33:00,36.27,36.30,36.27,36.29,7223
YHOO,2016-04-29,11:34:00,36.28,36.28,36.24,36.24,9940
YHOO,2016-04-29,11:35:00,36.24,36.28,36.24,36.24,17808
YHOO,2016-04-29,11:36:00,36.24,36.25,36.21,36.22,12256
YHOO,2016-04-29,11:37:00,36.22,36.22,36.17,36.18,17702
YHOO,2016-04-29,11:38:00,36.18,36.20,36.18,36.20,10794
YHOO,2016-04-29,11:39:00,36.19,36.20,36.15,36.20,22299
YHOO,2016-04-29,11:40:00,36.20,36.24,36.20,36.24,20207
YHOO,2016-04-29,11:41:00,36.24,36.25,36.23,36.24,9508
YHOO,2016-04-29,11:42:00,36.24,36.26,36.24,36.26,13928
YHOO,2016-04-29,11:43:00,36.25,36.26,36.23,36.26,21717
YHOO,2016-04-29,11:44:00,36.26,36.26,36.24,36.25,11977
YHOO,2016-04-29,11:45:00,36.26,36.26,36.20,36.21,16267
YHOO,2016-04-29,11:46:00,36.22,36.26,36.22,36.25,6454
YHOO,2016-04-29,11:47:00,36.24,36.24,36.20,36.21,9715
YHOO,2016-04-29,11:48:00,36.21,36.23,36.19,36.23,10445
YHOO,2016-04-29,11:49:00,36.25,36.27,36.24,36.27,16364
YHOO,2016-04-29,11:50:00,36.27,36.28,36.24,36.28,6793
YHOO,2016-04-29,11:51:00,36.28,36.30,36.27,36.30,4136
YHOO,2016-04-29,11:52:00,36.30,36.32,36.30,36.30,10309
YHOO,2016-04-29,11:53:00,36.30,36.33,36.29,36.33,8829
YHOO,2016-04-29,11:54:00,36.33,36.37,36.32,36.36,15782
YHOO,2016-04-29,11:55:00,36.36,36.37,36.35,36.37,11118
YHOO,2016-04-29,11:56:00,36.37,36.37,36.34,36.35,20551
YHOO,2016-04-29,11:57:00,36.35,36.35,36.30,36.30,11571
YHOO,2016-04-29,11:58:00,36.30,36.32,36.30,36.32,12086
YHOO,2016-04-29,11:59:00,36.32,36.34,36.32,36.34,11572
YHOO,2016-04-29,12:00:00,36.33,36.34,36.30,36.32,28009
YHOO,2016-04-29,12:01:00,36.31,36.34,36.31,36.34,3968
YHOO,2016-04-29,12:02:00,36.34,36.34,36.33,36.34,3678
YHOO,2016-04-29,12:03:00,36.35,36.35,36.30,36.31,14613
YHOO,2016-04-29,12:04:00,36.30,36.33,36.30,36.33,8550
YHOO,2016-04-29,12:05:00,36.33,36.35,36.31,36.32,16259
YHOO,2016-04-29,12:06:00,36.33,36.34,36.32,36.32,8120
YHOO,2016-04-29,12:07:00,36.31,36.34,36.31,36.33,7783
YHOO,2016-04-29,12:08:00,36.34,36.35,36.34,36.35,7498
YHOO,2016-04-29,12:09:00,36.35,36.35,36.30,36.32,9595
YHOO,2016-04-29,12:10:00,36.31,36.32,36.29,36.32,10101
YHOO,2016-04-29,12:11:00,36.32,36.33,36.31,36.31,7336
YHOO,2016-04-29,12:12:00,36.31,36.31,36.28,36.29,5897
YHOO,2016-04-29,12:13:00,36.29,36.31,36.28,36.28,7913
YHOO,2016-04-29,12:14:00,36.28,36.28,36.25,36.25,11488
YHOO,2016-04-29,12:15:00,36.26,36.26,36.19,36.20,32799
YHOO,2016-04-29,12:16:00,36.20,36.23,36.20,36.23,29119
YHOO,2016-04-29,12:17:00,36.23,36.26,36.23,36.26,24692
YHOO,2016-04-29,12:18:00,36.26,36.27,36.24,36.27,11519
YHOO,2016-04-29,12:19:00,36.27,36.30,36.27,36.30,5186
YHOO,2016-04-29,12:20:00,36.29,36.32,36.29,36.31,8113
YHOO,2016-04-29,12:21:00,36.31,36.32,36.31,36.31,1200
YHOO,2016-04-29,12:22:00,36.32,36.34,36.31,36.34,8052
YHOO,2016-04-29,12:23:00,36.33,36.34,36.33,36.34,13328
YHOO,2016-04-29,12:24:00,36.34,36.34,36.31,36.32,7549
YHOO,2016-04-29,12:25:00,36.31,36.31,36.27,36.28,4695
YHOO,2016-04-29,12:26:00,36.27,36.27,36.25,36.26,11167
YHOO,2016-04-29,12:27:00,36.26,36.28,36.26,36.27,16665
YHOO,2016-04-29,12:28:00,36.27,36.29,36.26,36.29,8163
YHOO,2016-04-29,12:29:00,36.29,36.29,36.26,36.26,8900
YHOO,2016-04-29,12:30:00,36.25,36.26,36.24,36.25,11855
YHOO,2016-04-29,12:31:00,36.25,36.26,36.22,36.23,9204
YHOO,2016-04-29,12:32:00,36.23,36.25,36.23,36.24,8080
YHOO,2016-04-29,12:33:00,36.25,36.27,36.24,36.27,9952
YHOO,2016-04-29,12:34:00,36.27,36.29,36.27,36.29,12157
YHOO,2016-04-29,12:35:00,36.29,36.30,36.27,36.29,9364
YHOO,2016-04-29,12:36:00,36.30,36.30,36.26,36.26,2914
YHOO,2016-04-29,12:37:00,36.25,36.28,36.25,36.28,9310
YHOO,2016-04-29,12:38:00,36.28,36.30,36.27,36.30,3100
YHOO,2016-04-29,12:39:00,36.30,36.33,36.30,36.33,13635
YHOO,2016-04-29,12:40:00,36.32,36.34,36.31,36.31,11655
YHOO,2016-04-29,12:41:00,36.31,36.34,36.31,36.31,5647
YHOO,2016-04-29,12:42:00,36.31,36.34,36.30,36.30,11408
YHOO,2016-04-29,12:43:00,36.30,36.30,36.27,36.28,4558
YHOO,2016-04-29,12:44:00,36.28,36.30,36.26,36.30,6200
YHOO,2016-04-29,12:45:00,36.29,36.30,36.28,36.30,1817
YHOO,2016-04-29,12:46:00,36.30,36.32,36.30,36.32,6387
YHOO,2016-04-29,12:47:00,36.32,36.34,36.31,36.34,5248
YHOO,2016-04-29,12:48:00,36.35,36.35,36.34,36.35,14381
YHOO,2016-04-29,12:49:00,36.36,36.36,36.34,36.34,4100
YHOO,2016-04-29,12:50:00,36.34,36.38,36.34,36.38,8472
YHOO,2016-04-29,12:51:00,36.37,36.38,36.37,36.37,11575
YHOO,2016-04-29,12:52:00,36.38,36.38,36.37,36.37,9084
YHOO,2016-04-29,12:53:00,36.38,36.38,36.34,36.37,9557
YHOO,2016-04-29,12:54:00,36.36,36.36,36.34,36.36,6285
YHOO,2016-04-29,12:55:00,36.36,36.37,36.35,36.36,14886
YHOO,2016-04-29,12:56:00,36.36,36.37,36.34,36.35,12369
YHOO,2016-04-29,12:57:00,36.35,36.36,36.34,36.34,11502
YHOO,2016-04-29,12:58:00,36.34,36.34,36.33,36.33,7324
YHOO,2016-04-29,12:59:00,36.32,36.33,36.32,36.33,13649
YHOO,2016-04-29,13:00:00,36.33,36.33,36.33,36.33,1900
YHOO,2016-04-29,13:01:00,36.33,36.35,36.33,36.35,6225
YHOO,2016-04-29,13:02:00,36.35,36.36,36.35,36.36,4994
YHOO,2016-04-29,13:03:00,36.36,36.37,36.36,36.36,4437
YHOO,2016-04-29,13:04:00,36.36,36.39,36.36,36.39,14788
YHOO,2016-04-29,13:05:00,36.39,36.41,36.38,36.41,3880
YHOO,2016-04-29,13:06:00,36.40,36.40,36.39,36.39,7322
YHOO,2016-04-29,13:07:00,36.40,36.41,36.39,36.41,3955
YHOO,2016-04-29,13:08:00,36.40,36.41,36.40,36.40,4942
YHOO,2016-04-29,13:09:00,36.40,36.40,36.38,36.38,5565
YHOO,2016-04-29,13:10:00,36.39,36.44,36.39,36.42,12394
YHOO,2016-04-29,13:11:00,36.42,36.44,36.41,36.42,8334
YHOO,2016-04-29,13:12:00,36.43,36.43,36.41,36.41,4399
YHOO,2016-04-29,13:13:00,36.42,36.45,36.42,36.45,7285
YHOO,2016-04-29,13:14:00,36.44,36.47,36.44,36.47,32938
YHOO,2016-04-29,13:15:00,36.47,36.51,36.47,36.49,11000
YHOO,2016-04-29,13:16:00,36.49,36.53,36.49,36.52,25536
YHOO,2016-04-29,13:17:00,36.52,36.52,36.48,36.48,7912
YHOO,2016-04-29,13:18:00,36.48,36.48,36.46,36.47,7803
YHOO,2016-04-29,13:19:00,36.47,36.49,36.47,36.49,8946
YHOO,2016-04-29,13:20:00,36.50,36.51,36.49,36.50,19716
YHOO,2016-04-29,13:21:00,36.50,36.51,36.48,36.48,22988
YHOO,2016-04-29,13:22:00,36.47,36.52,36.47,36.51,15309
YHOO,2016-04-29,13:23:00,36.51,36.51,36.46,36.47,5150
YHOO,2016-04-29,13:24:00,36.47,36.52,36.47,36.52,4639
YHOO,2016-04-29,13:25:00,36.51,36.51,36.50,36.51,3926
YHOO,2016-04-29,13:26:00,36.51,36.51,36.48,36.48,4098
YHOO,2016-04-29,13:27:00,36.48,36.49,36.48,36.49,2618
YHOO,2016-04-29,13:28:00,36.48,36.48,36.47,36.47,11978
YHOO,2016-04-29,13:29:00,36.46,36.46,36.44,36.45,12428
YHOO,2016-04-29,13:30:00,36.45,36.45,36.43,36.45,5600
YHOO,2016-04-29,13:31:00,36.45,36.46,36.45,36.46,3989
YHOO,2016-04-29,13:32:00,36.46,36.46,36.43,36.44,58400
YHOO,2016-04-29,13:33:00,36.43,36.43,36.39,36.40,15730
YHOO,2016-04-29,13:34:00,36.39,36.42,36.38,36.42,22133
YHOO,2016-04-29,13:35:00,36.41,36.44,36.41,36.44,4577
YHOO,2016-04-29,13:36:00,36.43,36.44,36.42,36.44,4217
YHOO,2016-04-29,13:37:00,36.44,36.47,36.44,36.47,7533
YHOO,2016-04-29,13:38:00,36.47,36.47,36.44,36.45,76334
YHOO,2016-04-29,13:39:00,36.44,36.45,36.44,36.44,6886
YHOO,2016-04-29,13:40:00,36.44,36.45,36.44,36.45,5497
YHOO,2016-04-29,13:41:00,36.44,36.45,36.41,36.42,8671
YHOO,2016-04-29,13:42:00,36.42,36.43,36.40,36.43,4131
YHOO,2016-04-29,13:43:00,36.42,36.42,36.41,36.41,6794
YHOO,2016-04-29,13:44:00,36.42,36.43,36.39,36.39,14124
YHOO,2016-04-29,13:45:00,36.40,36.41,36.40,36.41,5361
YHOO,2016-04-29,13:46:00,36.40,36.41,36.39,36.39,9500
YHOO,2016-04-29,13:47:00,36.40,36.41,36.39,36.41,15622
YHOO,2016-04-29,13:48:00,36.41,36.41,36.39,36.41,11481
YHOO,2016-04-29,13:49:00,36.41,36.42,36.39,36.42,26064
YHOO,2016-04-29,13:50:00,36.42,36.42,36.41,36.41,2979
YHOO,2016-04-29,13:51:00,36.41,36.43,36.41,36.43,4920
YHOO,2016-04-29,13:52:00,36.42,36.43,36.41,36.41,19685
YHOO,2016-04-29,13:53:00,36.41,36.43,36.41,36.41,9200
YHOO,2016-04-29,13:54:00,36.42,36.43,36.42,36.42,6628
YHOO,2016-04-29,13:55:00,36.41,36.42,36.40,36.40,8505
YHOO,2016-04-29,13:56:00,36.40,36.40,36.34,36.35,14711
YHOO,2016-04-29,13:57:00,36.35,36.37,36.34,36.37,6742
YHOO,2016-04-29,13:58:00,36.37,36.37,36.35,36.35,6543
YHOO,2016-04-29,13:59:00,36.35,36.35,36.33,36.34,14402
YHOO,2016-04-29,14:00:00,36.34,36.35,36.34,36.35,9932
YHOO,2016-04-29,14:01:00,36.34,36.38,36.34,36.38,10483
YHOO,2016-04-29,14:02:00,36.37,36.39,36.37,36.38,19958
YHOO,2016-04-29,14:03:00,36.38,36.40,36.38,36.40,7441
YHOO,2016-04-29,14:04:00,36.40,36.40,36.39,36.40,2300
YHOO,2016-04-29,14:05:00,36.40,36.42,36.40,36.41,10971
YHOO,2016-04-29,14:06:00,36.42,36.42,36.41,36.41,3900
YHOO,2016-04-29,14:07:00,36.41,36.41,36.38,36.38,16016
YHOO,2016-04-29,14:08:00,36.38,36.39,36.37,36.37,30526
YHOO,2016-04-29,14:09:00,36.37,36.39,36.36,36.38,21457
YHOO,2016-04-29,14:10:00,36.38,36.39,36.37,36.38,21212
YHOO,2016-04-29,14:11:00,36.38,36.38,36.37,36.37,9678
YHOO,2016-04-29,14:12:00,36.37,36.38,36.37,36.37,7747
YHOO,2016-04-29,14:13:00,36.36,36.37,36.35,36.36,19129
YHOO,2016-04-29,14:14:00,36.36,36.37,36.35,36.36,7537
YHOO,2016-04-29,14:15:00,36.35,36.37,36.34,36.37,14711
YHOO,2016-04-29,14:16:00,36.37,36.38,36.35,36.37,36721
YHOO,2016-04-29,14:17:00,36.37,36.37,36.35,36.35,7190
YHOO,2016-04-29,14:18:00,36.35,36.35,36.30,36.31,27826
YHOO,2016-04-29,14:19:00,36.31,36.32,36.30,36.30,35726
YHOO,2016-04-29,14:20:00,36.30,36.33,36.30,36.33,45202
YHOO,2016-04-29,14:21:00,36.33,36.34,36.32,36.33,11573
YHOO,2016-04-29,14:22:00,36.33,36.33,36.29,36.29,15634
YHOO,2016-04-29,14:23:00,36.30,36.31,36.30,36.30,31406
YHOO,2016-04-29,14:24:00,36.31,36.31,36.29,36.29,10441
YHOO,2016-04-29,14:25:00,36.28,36.31,36.28,36.31,16573
YHOO,2016-04-29,14:26:00,36.30,36.31,36.28,36.31,22812
YHOO,2016-04-29,14:27:00,36.31,36.32,36.31,36.31,54490
YHOO,2016-04-29,14:28:00,36.31,36.35,36.31,36.34,15361
YHOO,2016-04-29,14:29:00,36.35,36.35,36.34,36.35,7570
YHOO,2016-04-29,14:30:00,36.36,36.36,36.32,36.33,18009
YHOO,2016-04-29,14:31:00,36.32,36.34,36.31,36.34,9197
YHOO,2016-04-29,14:32:00,36.34,36.34,36.33,36.34,18094
YHOO,2016-04-29,14:33:00,36.33,36.34,36.31,36.33,14230
YHOO,2016-04-29,14:34:00,36.34,36.35,36.34,36.34,2938
YHOO,2016-04-29,14:35:00,36.34,36.35,36.34,36.35,1700
YHOO,2016-04-29,14:36:00,36.34,36.35,36.34,36.34,14375
YHOO,2016-04-29,14:37:00,36.34,36.34,36.33,36.34,1260
YHOO,2016-04-29,14:38:00,36.33,36.34,36.32,36.32,9766
YHOO,2016-04-29,14:39:00,36.32,36.32,36.29,36.30,7619
YHOO,2016-04-29,14:40:00,36.29,36.31,36.29,36.31,9100
YHOO,2016-04-29,14:41:00,36.31,36.31,36.29,36.30,14905
YHOO,2016-04-29,14:42:00,36.30,36.30,36.28,36.29,10266
YHOO,2016-04-29,14:43:00,36.29,36.30,36.29,36.29,3745
YHOO,2016-04-29,14:44:00,36.29,36.29,36.28,36.29,1939
YHOO,2016-04-29,14:45:00,36.29,36.29,36.28,36.29,1500
YHOO,2016-04-29,14:46:00,36.29,36.31,36.28,36.30,18113
YHOO,2016-04-29,14:47:00,36.29,36.30,36.28,36.28,3570
YHOO,2016-04-29,14:48:00,36.29,36.30,36.29,36.30,22500
YHOO,2016-04-29,14:49:00,36.30,36.30,36.29,36.30,36381
YHOO,2016-04-29,14:50:00,36.30,36.33,36.30,36.33,29610
YHOO,2016-04-29,14:51:00,36.32,36.33,36.28,36.30,40718
YHOO,2016-04-29,14:52:00,36.30,36.31,36.29,36.29,5750
YHOO,2016-04-29,14:53:00,36.30,36.30,36.27,36.27,4171
YHOO,2016-04-29,14:54:00,36.28,36.30,36.27,36.29,4350
YHOO,2016-04-29,14:55:00,36.30,36.31,36.29,36.31,12768
YHOO,2016-04-29,14:56:00,36.31,36.35,36.31,36.35,23833
YHOO,2016-04-29,14:57:00,36.34,36.37,36.33,36.35,76812
YHOO,2016-04-29,14:58:00,36.36,36.38,36.35,36.36,38733
YHOO,2016-04-29,14:59:00,36.37,36.37,36.34,36.34,15147
YHOO,2016-04-29,15:00:00,36.34,36.35,36.33,36.35,5234
YHOO,2016-04-29,15:01:00,36.34,36.36,36.32,36.36,7487
YHOO,2016-04-29,15:02:00,36.36,36.38,36.36,36.38,11615
YHOO,2016-04-29,15:03:00,36.39,36.41,36.37,36.37,16194
YHOO,2016-04-29,15:04:00,36.36,36.38,36.36,36.37,5838
YHOO,2016-04-29,15:05:00,36.38,36.39,36.38,36.38,8106
YHOO,2016-04-29,15:06:00,36.38,36.40,36.38,36.40,20297
YHOO,2016-04-29,15:07:00,36.40,36.42,36.39,36.41,8142
YHOO,2016-04-29,15:08:00,36.41,36.43,36.41,36.43,18446
YHOO,2016-04-29,15:09:00,36.44,36.46,36.42,36.42,19848
YHOO,2016-04-29,15:10:00,36.43,36.44,36.42,36.42,15669
YHOO,2016-04-29,15:11:00,36.43,36.43,36.41,36.41,7116
YHOO,2016-04-29,15:12:00,36.40,36.43,36.39,36.43,18631
YHOO,2016-04-29,15:13:00,36.43,36.46,36.43,36.46,27312
YHOO,2016-04-29,15:14:00,36.45,36.46,36.45,36.45,5655
YHOO,2016-04-29,15:15:00,36.45,36.46,36.44,36.45,18662
YHOO,2016-04-29,15:16:00,36.45,36.48,36.45,36.48,8468
YHOO,2016-04-29,15:17:00,36.49,36.49,36.45,36.46,19288
YHOO,2016-04-29,15:18:00,36.46,36.48,36.44,36.44,19693
YHOO,2016-04-29,15:19:00,36.44,36.46,36.44,36.45,28344
YHOO,2016-04-29,15:20:00,36.45,36.45,36.44,36.45,900
YHOO,2016-04-29,15:21:00,36.45,36.45,36.42,36.45,23052
YHOO,2016-04-29,15:22:00,36.44,36.44,36.42,36.42,16239
YHOO,2016-04-29,15:23:00,36.43,36.46,36.43,36.45,51231
YHOO,2016-04-29,15:24:00,36.46,36.47,36.44,36.45,55771
YHOO,2016-04-29,15:25:00,36.45,36.46,36.44,36.44,19875
YHOO,2016-04-29,15:26:00,36.45,36.46,36.44,36.44,10964
YHOO,2016-04-29,15:27:00,36.45,36.45,36.42,36.42,75628
YHOO,2016-04-29,15:28:00,36.42,36.43,36.41,36.42,6219
YHOO,2016-04-29,15:29:00,36.42,36.43,36.39,36.39,10210
YHOO,2016-04-29,15:30:00,36.39,36.41,36.39,36.39,15968
YHOO,2016-04-29,15:31:00,36.40,36.44,36.40,36.44,18113
YHOO,2016-04-29,15:32:00,36.43,36.44,36.43,36.44,1300
YHOO,2016-04-29,15:33:00,36.44,36.48,36.43,36.48,86459
YHOO,2016-04-29,15:34:00,36.48,36.52,36.48,36.50,32642
YHOO,2016-04-29,15:35:00,36.50,36.62,36.49,36.55,188062
YHOO,2016-04-29,15:36:00,36.56,36.60,36.54,36.57,153633
YHOO,2016-04-29,15:37:00,36.56,36.56,36.52,36.53,86621
YHOO,2016-04-29,15:38:00,36.53,36.55,36.53,36.55,40100
YHOO,2016-04-29,15:39:00,36.55,36.63,36.55,36.60,89631
YHOO,2016-04-29,15:40:00,36.61,36.71,36.60,36.71,252349
YHOO,2016-04-29,15:41:00,36.71,36.71,36.69,36.69,192559
YHOO,2016-04-29,15:42:00,36.69,36.70,36.58,36.60,145249
YHOO,2016-04-29,15:43:00,36.60,36.61,36.60,36.61,31398
YHOO,2016-04-29,15:44:00,36.61,36.65,36.60,36.61,62300
YHOO,2016-04-29,15:45:00,36.61,36.65,36.60,36.65,67880
YHOO,2016-04-29,15:46:00,36.65,36.66,36.64,36.64,100880
YHOO,2016-04-29,15:47:00,36.65,36.65,36.60,36.63,88589
YHOO,2016-04-29,15:48:00,36.63,36.65,36.62,36.65,44463
YHOO,2016-04-29,15:49:00,36.64,36.67,36.64,36.65,83825
YHOO,2016-04-29,15:50:00,36.65,36.66,36.65,36.65,156067
YHOO,2016-04-29,15:51:00,36.65,36.68,36.65,36.66,169344
YHOO,2016-04-29,15:52:00,36.65,36.66,36.63,36.65,90256
YHOO,2016-04-29,15:53:00,36.65,36.66,36.64,36.64,72808
YHOO,2016-04-29,15:54:00,36.65,36.65,36.62,36.63,57273
YHOO,2016-04-29,15:55:00,36.63,36.69,36.62,36.69,100802
YHOO,2016-04-29,15:56:00,36.69,36.71,36.66,36.67,97729
YHOO,2016-04-29,15:57:00,36.68,36.68,36.62,36.62,124754
YHOO,2016-04-29,15:58:00,36.62,36.62,36.59,36.60,119656
YHOO,2016-04-29,15:59:00,36.60,36.60,36.58,36.59,132417
YHOO,2016-04-29,16:00:00,36.59,36.62,36.57,36.60,1190699
